TIMESTAMP,RECORD,BattV_Min,BattV,PTemp_C
9/12/25 12:28,2,12.99,12.99,21.35
9/12/25 12:29,3,12.95,12.95,21.35
9/12/25 12:30,4,12.9,12.9,21.36
9/12/25 12:31,5,12.86,12.86,21.36
9/12/25 12:33,6,12.82,12.82,21.37
9/12/25 12:34,7,12.78,12.78,21.38
9/12/25 12:35,8,12.74,12.74,21.39
9/12/25 12:36,9,12.7,12.7,21.4
9/12/25 12:37,10,12.67,12.67,21.41
9/12/25 12:38,11,12.64,12.64,21.42
9/12/25 12:39,12,12.61,12.61,21.44
9/12/25 12:40,13,12.58,12.58,21.45
9/12/25 12:41,14,12.56,12.56,21.47
9/12/25 12:42,15,12.54,12.54,21.49
9/12/25 12:44,16,12.53,12.53,21.51
9/12/25 12:45,17,12.52,12.52,21.53
9/12/25 12:46,18,12.51,12.51,21.55
9/12/25 12:47,19,12.5,12.5,21.57
9/12/25 12:48,20,12.51,12.51,21.59
9/12/25 12:49,21,12.49,12.49,21.6
9/12/25 12:50,22,12.48,12.48,21.62
9/12/25 12:51,23,12.48,12.48,21.64
9/12/25 12:52,24,12.49,12.49,21.66
9/12/25 12:53,25,12.47,12.47,21.67
9/12/25 12:55,26,12.47,12.47,21.68
9/12/25 12:56,27,12.47,12.47,21.7
9/12/25 12:57,28,12.47,12.47,21.71
9/12/25 12:58,29,12.5,12.5,21.72
9/12/25 12:59,30,12.47,12.47,21.73
9/12/25 13:00,31,12.47,12.47,21.74
9/12/25 13:01,32,12.47,12.47,21.75
9/12/25 13:02,33,12.47,12.47,21.76
9/12/25 13:03,34,12.47,12.47,21.77
9/12/25 13:04,35,12.47,12.47,21.78
9/12/25 13:06,36,12.47,12.47,21.79
9/12/25 13:07,37,12.47,12.47,21.79
9/12/25 13:08,38,12.47,12.47,21.8
9/12/25 13:09,39,12.47,12.47,21.81
9/12/25 13:10,40,12.47,12.47,21.81
9/12/25 13:11,41,12.48,12.48,21.82
9/12/25 13:12,42,12.47,12.47,21.83
9/12/25 13:13,43,12.47,12.47,21.84
9/12/25 13:14,44,12.47,12.47,21.85
9/12/25 13:15,45,12.47,12.47,21.86
9/12/25 13:17,46,12.47,12.47,21.86
9/12/25 13:18,47,12.47,12.47,21.87
9/12/25 13:19,48,12.47,12.47,21.88
9/12/25 13:20,49,12.47,12.47,21.89
9/12/25 13:21,50,12.47,12.47,21.9
9/12/25 13:22,51,12.48,12.48,21.9
9/12/25 13:23,52,12.48,12.48,21.91
9/12/25 13:24,53,12.48,12.48,21.92
9/12/25 13:25,54,12.47,12.47,21.92
9/12/25 13:26,55,12.47,12.47,21.93
9/12/25 13:28,56,12.47,12.47,21.94
9/12/25 13:29,57,12.51,12.51,21.94
9/12/25 13:30,58,12.46,12.46,21.95
9/12/25 13:31,59,12.49,12.49,21.95
9/12/25 13:32,60,12.47,12.47,21.96
9/12/25 13:33,61,12.47,12.47,21.96
9/12/25 13:34,62,12.47,12.47,21.97
9/12/25 13:35,63,12.47,12.47,21.98
9/12/25 13:36,64,12.47,12.47,21.98
9/12/25 13:37,65,12.47,12.47,21.99
9/12/25 13:39,66,12.47,12.47,21.99
9/12/25 13:40,67,12.47,12.47,21.99
9/12/25 13:41,68,12.49,12.49,22
9/12/25 13:42,69,12.48,12.48,22
9/12/25 13:43,70,12.47,12.47,22
9/12/25 13:44,71,12.48,12.48,22
9/12/25 13:45,72,12.48,12.48,22.01
9/12/25 13:46,73,12.47,12.47,22.01
9/12/25 13:47,74,12.48,12.48,22.02
9/12/25 13:48,75,12.47,12.47,22.02
9/12/25 13:50,76,12.47,12.47,22.03
9/12/25 13:51,77,12.48,12.48,22.03
9/12/25 13:52,78,12.5,12.5,22.03
9/12/25 13:53,79,12.47,12.47,22.04
9/12/25 13:54,80,12.47,12.47,22.04
9/12/25 13:55,81,12.48,12.48,22.04
9/12/25 13:56,82,12.48,12.48,22.04
9/12/25 13:57,83,12.48,12.48,22.04
9/12/25 13:58,84,12.48,12.48,22.04
9/12/25 13:59,85,12.48,12.48,22.05
9/12/25 14:01,86,12.47,12.47,22.05
9/12/25 14:02,87,12.47,12.47,22.05
9/12/25 14:03,88,12.48,12.48,22.05
9/12/25 14:04,89,12.48,12.48,22.06
9/12/25 14:05,90,12.48,12.48,22.06
9/12/25 14:06,91,12.48,12.48,22.06
9/12/25 14:07,92,12.48,12.48,22.07
9/12/25 14:08,93,12.48,12.48,22.07
9/12/25 14:09,94,12.48,12.48,22.07
9/12/25 14:10,95,12.48,12.48,22.07
9/12/25 14:12,96,12.48,12.48,22.07
9/12/25 14:13,97,12.48,12.48,22.07
9/12/25 14:14,98,12.5,12.5,22.07
9/12/25 14:15,99,12.49,12.49,22.08
9/12/25 14:16,100,12.48,12.48,22.08
9/12/25 14:17,101,12.48,12.48,22.07
9/12/25 14:18,102,12.48,12.48,22.07
9/12/25 14:19,103,12.48,12.48,22.07
9/12/25 14:20,104,12.48,12.48,22.07
9/12/25 14:21,105,12.48,12.48,22.07
9/12/25 14:23,106,12.48,12.48,22.07
9/12/25 14:24,107,12.48,12.48,22.07
9/12/25 14:25,108,12.48,12.48,22.07
9/12/25 14:26,109,12.48,12.48,22.07
9/12/25 14:27,110,12.48,12.48,22.07
9/12/25 14:28,111,12.48,12.48,22.07
9/12/25 14:29,112,12.48,12.48,22.07
9/12/25 14:30,113,12.48,12.48,22.07
9/12/25 14:31,114,12.48,12.48,22.07
9/12/25 14:32,115,12.48,12.48,22.07
9/12/25 14:34,116,12.48,12.48,22.07
9/12/25 14:35,117,12.5,12.5,22.07
9/12/25 14:36,118,12.48,12.48,22.06
9/12/25 14:37,119,12.48,12.48,22.06
9/12/25 14:38,120,12.48,12.48,22.06
9/12/25 14:39,121,12.48,12.48,22.06
9/12/25 14:40,122,12.48,12.48,22.06
9/12/25 14:41,123,12.48,12.48,22.06
9/12/25 14:42,124,12.48,12.48,22.06
9/12/25 14:43,125,12.48,12.48,22.06
9/12/25 14:45,126,12.48,12.48,22.06
9/12/25 14:46,127,12.48,12.48,22.06
9/12/25 14:47,128,12.48,12.48,22.05
9/12/25 14:48,129,12.48,12.48,22.05
9/12/25 14:49,130,12.48,12.48,22.05
9/12/25 14:50,131,12.48,12.48,22.05
9/12/25 14:51,132,12.48,12.48,22.04
9/12/25 14:52,133,12.48,12.48,22.04
9/12/25 14:53,134,12.48,12.48,22.03
9/12/25 14:54,135,12.48,12.48,22.03
9/12/25 14:56,136,12.5,12.5,22.02
9/12/25 14:57,137,12.48,12.48,22.02
9/12/25 14:58,138,12.48,12.48,22.02
9/12/25 14:59,139,12.47,12.47,22.01
9/12/25 15:00,140,12.48,12.48,22.01
9/12/25 15:01,141,12.48,12.48,22.01
9/12/25 15:02,142,12.48,12.48,22
9/12/25 15:03,143,12.48,12.48,22
9/12/25 15:04,144,12.48,12.48,22
9/12/25 15:05,145,12.48,12.48,22
9/12/25 15:07,146,12.48,12.48,21.99
9/12/25 15:08,147,12.48,12.48,21.99
9/12/25 15:09,148,12.48,12.48,21.99
9/12/25 15:10,149,12.48,12.48,21.98
9/12/25 15:11,150,12.48,12.48,21.97
9/12/25 15:12,151,12.48,12.48,21.97
9/12/25 15:13,152,12.48,12.48,21.96
9/12/25 15:14,153,12.47,12.47,21.96
9/12/25 15:15,154,12.48,12.48,21.95
9/12/25 15:16,155,12.48,12.48,21.95
9/12/25 15:18,156,12.47,12.47,21.94
9/12/25 15:19,157,12.47,12.47,21.94
9/12/25 15:20,158,12.47,12.47,21.93
9/12/25 15:21,159,12.48,12.48,21.93
9/12/25 15:22,160,12.47,12.47,21.92
9/12/25 15:23,161,12.48,12.48,21.92
9/12/25 15:24,162,12.48,12.48,21.92
9/12/25 15:25,163,12.47,12.47,21.91
9/12/25 15:26,164,12.48,12.48,21.91
9/12/25 15:27,165,12.47,12.47,21.91
9/12/25 15:29,166,12.47,12.47,21.9
9/12/25 15:30,167,12.48,12.48,21.9
9/12/25 15:31,168,12.47,12.47,21.89
9/12/25 15:32,169,12.47,12.47,21.89
9/12/25 15:33,170,12.47,12.47,21.88
9/12/25 15:34,171,12.48,12.48,21.88
9/12/25 15:35,172,12.48,12.48,21.87
9/12/25 15:36,173,12.47,12.47,21.87
9/12/25 15:37,174,12.48,12.48,21.87
9/12/25 15:38,175,12.5,12.5,21.87
9/12/25 15:40,176,12.47,12.47,21.86
9/12/25 15:41,177,12.5,12.5,21.86
9/12/25 15:42,178,12.48,12.48,21.86
9/12/25 15:43,179,12.47,12.47,21.85
9/12/25 15:44,180,12.48,12.48,21.84
9/12/25 15:45,181,12.47,12.47,21.84
9/12/25 15:46,182,12.6,12.6,21.83
9/12/25 15:47,183,12.47,12.47,21.83
9/12/25 15:48,184,12.47,12.47,21.82
9/12/25 15:49,185,12.47,12.47,21.82
9/12/25 15:51,186,12.51,12.51,21.81
9/12/25 15:52,187,12.47,12.47,21.81
9/12/25 15:53,188,12.47,12.47,21.81
9/12/25 15:54,189,12.47,12.47,21.81
9/12/25 15:55,190,12.47,12.47,21.8
9/12/25 15:56,191,12.48,12.48,21.8
9/12/25 15:57,192,12.47,12.47,21.8
9/12/25 15:58,193,12.47,12.47,21.79
9/12/25 15:59,194,12.49,12.49,21.79
9/12/25 16:00,195,12.47,12.47,21.78
9/12/25 16:02,196,12.48,12.48,21.78
9/12/25 16:03,197,12.47,12.47,21.77
9/12/25 16:04,198,12.47,12.47,21.77
9/12/25 16:05,199,12.47,12.47,21.76
9/12/25 16:06,200,12.47,12.47,21.76
9/12/25 16:07,201,12.48,12.48,21.75
9/12/25 16:08,202,12.47,12.47,21.75
9/12/25 16:09,203,12.5,12.5,21.74
9/12/25 16:10,204,12.47,12.47,21.74
9/12/25 16:11,205,12.47,12.47,21.74
9/12/25 16:13,206,12.47,12.47,21.73
9/12/25 16:14,207,12.47,12.47,21.73
9/12/25 16:15,208,12.47,12.47,21.73
9/12/25 16:16,209,12.47,12.47,21.73
9/12/25 16:17,210,12.47,12.47,21.73
9/12/25 16:18,211,12.47,12.47,21.73
9/12/25 16:19,212,12.47,12.47,21.72
9/12/25 16:20,213,12.47,12.47,21.72
9/12/25 16:21,214,12.47,12.47,21.72
9/12/25 16:22,215,12.47,12.47,21.71
9/12/25 16:24,216,12.47,12.47,21.71
9/12/25 16:25,217,12.47,12.47,21.71
9/12/25 16:26,218,12.47,12.47,21.71
9/12/25 16:27,219,12.47,12.47,21.7
9/12/25 16:28,220,12.47,12.47,21.7
9/12/25 16:29,221,12.47,12.47,21.7
9/12/25 16:30,222,12.47,12.47,21.7
9/12/25 16:31,223,12.47,12.47,21.69
9/12/25 16:32,224,12.47,12.47,21.69
9/12/25 16:33,225,12.47,12.47,21.69
9/12/25 16:35,226,12.47,12.47,21.69
9/12/25 16:36,227,12.47,12.47,21.68
9/12/25 16:37,228,12.47,12.47,21.68
9/12/25 16:38,229,12.47,12.47,21.68
9/12/25 16:39,230,12.47,12.47,21.68
9/12/25 16:40,231,12.47,12.47,21.68
9/12/25 16:41,232,12.47,12.47,21.67
9/12/25 16:42,233,12.49,12.49,21.67
9/12/25 16:43,234,12.47,12.47,21.67
9/12/25 16:44,235,12.47,12.47,21.66
9/12/25 16:46,236,12.47,12.47,21.66
9/12/25 16:47,237,12.47,12.47,21.65
9/12/25 16:48,238,12.47,12.47,21.65
9/12/25 16:49,239,12.47,12.47,21.65
9/12/25 16:50,240,12.47,12.47,21.65
9/12/25 16:51,241,12.47,12.47,21.64
9/12/25 16:52,242,12.47,12.47,21.64
9/12/25 16:53,243,12.47,12.47,21.64
9/12/25 16:54,244,12.47,12.47,21.63
9/12/25 16:55,245,12.47,12.47,21.63
9/12/25 16:57,246,12.47,12.47,21.63
9/12/25 16:58,247,12.47,12.47,21.63
9/12/25 16:59,248,12.47,12.47,21.62
9/12/25 17:00,249,12.47,12.47,21.62
9/12/25 17:01,250,12.47,12.47,21.62
9/12/25 17:02,251,12.48,12.48,21.62
9/12/25 17:03,252,12.49,12.49,21.61
9/12/25 17:04,253,12.47,12.47,21.61
9/12/25 17:05,254,12.46,12.46,21.61
9/12/25 17:06,255,12.47,12.47,21.61
9/12/25 17:08,256,12.47,12.47,21.61
9/12/25 17:09,257,12.46,12.46,21.61
9/12/25 17:10,258,12.47,12.47,21.61
9/12/25 17:11,259,12.47,12.47,21.61
9/12/25 17:12,260,12.47,12.47,21.6
9/12/25 17:13,261,12.47,12.47,21.6
9/12/25 17:14,262,12.47,12.47,21.6
9/12/25 17:15,263,12.47,12.47,21.6
9/12/25 17:16,264,12.46,12.46,21.6
9/12/25 17:17,265,12.47,12.47,21.6
9/12/25 17:19,266,12.47,12.47,21.59
9/12/25 17:20,267,12.47,12.47,21.59
9/12/25 17:21,268,12.47,12.47,21.59
9/12/25 17:22,269,12.46,12.46,21.59
9/12/25 17:23,270,12.47,12.47,21.59
9/12/25 17:24,271,12.49,12.49,21.59
9/12/25 17:25,272,12.47,12.47,21.58
9/12/25 17:26,273,12.46,12.46,21.58
9/12/25 17:27,274,12.46,12.46,21.58
9/12/25 17:28,275,12.46,12.46,21.58
9/12/25 17:30,276,12.47,12.47,21.58
9/12/25 17:31,277,12.47,12.47,21.57
9/12/25 17:32,278,12.46,12.46,21.57
9/12/25 17:33,279,12.46,12.46,21.57
9/12/25 17:34,280,12.46,12.46,21.57
9/12/25 17:35,281,12.47,12.47,21.57
9/12/25 17:36,282,12.47,12.47,21.57
9/12/25 17:37,283,12.47,12.47,21.57
9/12/25 17:38,284,12.46,12.46,21.57
9/12/25 17:39,285,12.46,12.46,21.57
9/12/25 17:41,286,12.47,12.47,21.57
9/12/25 17:42,287,12.46,12.46,21.57
9/12/25 17:43,288,12.46,12.46,21.56
9/12/25 17:44,289,12.46,12.46,21.56
9/12/25 17:45,290,12.46,12.46,21.56
9/12/25 17:46,291,12.49,12.49,21.56
9/12/25 17:47,292,12.46,12.46,21.56
9/12/25 17:48,293,12.46,12.46,21.56
9/12/25 17:49,294,12.46,12.46,21.55
9/12/25 17:50,295,12.46,12.46,21.55
9/12/25 17:52,296,12.46,12.46,21.55
9/12/25 17:53,297,12.46,12.46,21.55
9/12/25 17:54,298,12.46,12.46,21.55
9/12/25 17:55,299,12.46,12.46,21.54
9/12/25 17:56,300,12.46,12.46,21.54
9/12/25 17:57,301,12.47,12.47,21.54
9/12/25 17:58,302,12.46,12.46,21.54
9/12/25 17:59,303,12.46,12.46,21.54
9/12/25 18:00,304,12.46,12.46,21.53
9/12/25 18:01,305,12.46,12.46,21.53
9/12/25 18:03,306,12.46,12.46,21.53
9/12/25 18:04,307,12.46,12.46,21.53
9/12/25 18:05,308,12.46,12.46,21.53
9/12/25 18:06,309,12.46,12.46,21.52
9/12/25 18:07,310,12.48,12.48,21.52
9/12/25 18:08,311,12.46,12.46,21.52
9/12/25 18:09,312,12.46,12.46,21.52
9/12/25 18:10,313,12.46,12.46,21.51
9/12/25 18:11,314,12.46,12.46,21.51
9/12/25 18:12,315,12.46,12.46,21.51
9/12/25 18:14,316,12.46,12.46,21.51
9/12/25 18:15,317,12.46,12.46,21.5
9/12/25 18:16,318,12.46,12.46,21.5
9/12/25 18:17,319,12.47,12.47,21.5
9/12/25 18:18,320,12.46,12.46,21.5
9/12/25 18:19,321,12.46,12.46,21.5
9/12/25 18:20,322,12.46,12.46,21.5
9/12/25 18:21,323,12.46,12.46,21.5
9/12/25 18:22,324,12.46,12.46,21.5
9/12/25 18:23,325,12.46,12.46,21.5
9/12/25 18:25,326,12.46,12.46,21.5
9/12/25 18:26,327,12.46,12.46,21.5
9/12/25 18:27,328,12.46,12.46,21.5
9/12/25 18:28,329,12.48,12.48,21.5
9/12/25 18:29,330,12.46,12.46,21.5
9/12/25 18:30,331,12.46,12.46,21.5
9/12/25 18:31,332,12.46,12.46,21.5
9/12/25 18:32,333,12.46,12.46,21.49
9/12/25 18:33,334,12.46,12.46,21.49
9/12/25 18:34,335,12.46,12.46,21.49
9/12/25 18:36,336,12.46,12.46,21.49
9/12/25 18:37,337,12.46,12.46,21.49
9/12/25 18:38,338,12.46,12.46,21.49
9/12/25 18:39,339,12.46,12.46,21.49
9/12/25 18:40,340,12.46,12.46,21.48
9/12/25 18:41,341,12.46,12.46,21.48
9/12/25 18:42,342,12.46,12.46,21.48
9/12/25 18:43,343,12.46,12.46,21.48
9/12/25 18:44,344,12.46,12.46,21.48
9/12/25 18:45,345,12.46,12.46,21.48
9/12/25 18:47,346,12.46,12.46,21.48
9/12/25 18:48,347,12.46,12.46,21.48
9/12/25 18:49,348,12.46,12.46,21.48
9/12/25 18:50,349,12.48,12.48,21.48
9/12/25 18:51,350,12.46,12.46,21.48
9/12/25 18:52,351,12.46,12.46,21.48
9/12/25 18:53,352,12.45,12.45,21.48
9/12/25 18:54,353,12.46,12.46,21.48
9/12/25 18:55,354,12.46,12.46,21.48
9/12/25 18:56,355,12.46,12.46,21.48
9/12/25 18:58,356,12.45,12.45,21.48
9/12/25 18:59,357,12.45,12.45,21.48
9/12/25 19:00,358,12.45,12.45,21.47
9/12/25 19:01,359,12.46,12.46,21.48
9/12/25 19:02,360,12.45,12.45,21.48
9/12/25 19:03,361,12.45,12.45,21.48
9/12/25 19:04,362,12.46,12.46,21.48
9/12/25 19:05,363,12.45,12.45,21.48
9/12/25 19:06,364,12.46,12.46,21.48
9/12/25 19:07,365,12.45,12.45,21.48
9/12/25 19:09,366,12.45,12.45,21.48
9/12/25 19:10,367,12.45,12.45,21.48
9/12/25 19:11,368,12.47,12.47,21.48
9/12/25 19:12,369,12.45,12.45,21.47
9/12/25 19:13,370,12.45,12.45,21.47
9/12/25 19:14,371,12.45,12.45,21.47
9/12/25 19:15,372,12.45,12.45,21.47
9/12/25 19:16,373,12.45,12.45,21.47
9/12/25 19:17,374,12.46,12.46,21.47
9/12/25 19:18,375,12.46,12.46,21.47
9/12/25 19:20,376,12.45,12.45,21.46
9/12/25 19:21,377,12.45,12.45,21.46
9/12/25 19:22,378,12.45,12.45,21.46
9/12/25 19:23,379,12.45,12.45,21.46
9/12/25 19:24,380,12.46,12.46,21.46
9/12/25 19:25,381,12.45,12.45,21.46
9/12/25 19:26,382,12.45,12.45,21.45
9/12/25 19:27,383,12.45,12.45,21.45
9/12/25 19:28,384,12.45,12.45,21.45
9/12/25 19:29,385,12.46,12.46,21.45
9/12/25 19:31,386,12.45,12.45,21.45
9/12/25 19:32,387,12.47,12.47,21.45
9/12/25 19:33,388,12.45,12.45,21.45
9/12/25 19:34,389,12.45,12.45,21.44
9/12/25 19:35,390,12.45,12.45,21.44
9/12/25 19:36,391,12.45,12.45,21.44
9/12/25 19:37,392,12.45,12.45,21.44
9/12/25 19:38,393,12.45,12.45,21.44
9/12/25 19:39,394,12.5,12.5,21.44
9/12/25 19:40,395,12.48,12.48,21.43
9/12/25 19:42,396,12.46,12.46,21.43
9/12/25 19:43,397,12.45,12.45,21.43
9/12/25 19:44,398,12.45,12.45,21.43
9/12/25 19:45,399,12.45,12.45,21.43
9/12/25 19:46,400,12.45,12.45,21.43
9/12/25 19:47,401,12.45,12.45,21.43
9/12/25 19:48,402,12.45,12.45,21.43
9/12/25 19:49,403,12.45,12.45,21.43
9/12/25 19:50,404,12.45,12.45,21.43
9/12/25 19:51,405,12.45,12.45,21.43
9/12/25 19:53,406,12.45,12.45,21.43
9/12/25 19:54,407,12.45,12.45,21.43
9/12/25 19:55,408,12.45,12.45,21.43
9/12/25 19:56,409,12.45,12.45,21.43
9/12/25 19:57,410,12.45,12.45,21.43
9/12/25 19:58,411,12.45,12.45,21.43
9/12/25 19:59,412,12.45,12.45,21.43
9/12/25 20:00,413,12.45,12.45,21.43
9/12/25 20:01,414,12.45,12.45,21.43
9/12/25 20:02,415,12.45,12.45,21.44
9/12/25 20:04,416,12.44,12.44,21.44
9/12/25 20:05,417,12.45,12.45,21.44
9/12/25 20:06,418,12.45,12.45,21.44
9/12/25 20:07,419,12.45,12.45,21.44
9/12/25 20:08,420,12.45,12.45,21.44
9/12/25 20:09,421,12.45,12.45,21.43
9/12/25 20:10,422,12.45,12.45,21.43
9/12/25 20:11,423,12.45,12.45,21.43
9/12/25 20:12,424,12.45,12.45,21.43
9/12/25 20:13,425,12.45,12.45,21.43
9/12/25 20:15,426,12.47,12.47,21.43
9/12/25 20:16,427,12.44,12.44,21.43
9/12/25 20:17,428,12.45,12.45,21.43
9/12/25 20:18,429,12.44,12.44,21.42
9/12/25 20:19,430,12.44,12.44,21.42
9/12/25 20:20,431,12.45,12.45,21.42
9/12/25 20:21,432,12.44,12.44,21.42
9/12/25 20:22,433,12.45,12.45,21.42
9/12/25 20:23,434,12.45,12.45,21.42
9/12/25 20:24,435,12.44,12.44,21.42
9/12/25 20:26,436,12.44,12.44,21.42
9/12/25 20:27,437,12.44,12.44,21.42
9/12/25 20:28,438,12.45,12.45,21.42
9/12/25 20:29,439,12.44,12.44,21.43
9/12/25 20:30,440,12.44,12.44,21.43
9/12/25 20:31,441,12.45,12.45,21.43
9/12/25 20:32,442,12.44,12.44,21.43
9/12/25 20:33,443,12.44,12.44,21.43
9/12/25 20:34,444,12.44,12.44,21.42
9/12/25 20:35,445,12.46,12.46,21.42
9/12/25 20:37,446,12.44,12.44,21.42
9/12/25 20:38,447,12.44,12.44,21.42
9/12/25 20:39,448,12.45,12.45,21.42
9/12/25 20:40,449,12.44,12.44,21.42
9/12/25 20:41,450,12.44,12.44,21.42
9/12/25 20:42,451,12.44,12.44,21.42
9/12/25 20:43,452,12.44,12.44,21.42
9/12/25 20:44,453,12.44,12.44,21.42
9/12/25 20:45,454,12.47,12.47,21.42
9/12/25 20:46,455,12.44,12.44,21.42
9/12/25 20:48,456,12.44,12.44,21.42
9/12/25 20:49,457,12.44,12.44,21.42
9/12/25 20:50,458,12.44,12.44,21.42
9/12/25 20:51,459,12.44,12.44,21.42
9/12/25 20:52,460,12.44,12.44,21.41
9/12/25 20:53,461,12.44,12.44,21.41
9/12/25 20:54,462,12.44,12.44,21.41
9/12/25 20:55,463,12.44,12.44,21.41
9/12/25 20:56,464,12.44,12.44,21.4
9/12/25 20:57,465,12.44,12.44,21.4
9/12/25 20:59,466,12.44,12.44,21.4
9/12/25 21:00,467,12.44,12.44,21.4
9/12/25 21:01,468,12.44,12.44,21.4
9/12/25 21:02,469,12.44,12.44,21.39
9/12/25 21:03,470,12.44,12.44,21.39
9/12/25 21:04,471,12.44,12.44,21.39
9/12/25 21:05,472,12.44,12.44,21.39
9/12/25 21:06,473,12.44,12.44,21.39
9/12/25 21:07,474,12.44,12.44,21.39
9/12/25 21:08,475,12.44,12.44,21.39
9/12/25 21:10,476,12.44,12.44,21.39
9/12/25 21:11,477,12.44,12.44,21.39
9/12/25 21:12,478,12.44,12.44,21.39
9/12/25 21:13,479,12.44,12.44,21.39
9/12/25 21:14,480,12.44,12.44,21.39
9/12/25 21:15,481,12.44,12.44,21.39
9/12/25 21:16,482,12.44,12.44,21.39
9/12/25 21:17,483,12.44,12.44,21.39
9/12/25 21:18,484,12.46,12.46,21.39
9/12/25 21:19,485,12.44,12.44,21.38
9/12/25 21:21,486,12.44,12.44,21.38
9/12/25 21:22,487,12.44,12.44,21.38
9/12/25 21:23,488,12.44,12.44,21.38
9/12/25 21:24,489,12.44,12.44,21.38
9/12/25 21:25,490,12.44,12.44,21.38
9/12/25 21:26,491,12.44,12.44,21.38
9/12/25 21:27,492,12.44,12.44,21.38
9/12/25 21:28,493,12.43,12.43,21.38
9/12/25 21:29,494,12.44,12.44,21.38
9/12/25 21:30,495,12.44,12.44,21.38
9/12/25 21:32,496,12.43,12.43,21.38
9/12/25 21:33,497,12.44,12.44,21.38
9/12/25 21:34,498,12.44,12.44,21.38
9/12/25 21:35,499,12.44,12.44,21.38
9/12/25 21:36,500,12.44,12.44,21.38
9/12/25 21:37,501,12.44,12.44,21.38
9/12/25 21:38,502,12.44,12.44,21.38
9/12/25 21:39,503,12.46,12.46,21.38
9/12/25 21:40,504,12.43,12.43,21.38
9/12/25 21:41,505,12.43,12.43,21.38
9/12/25 21:43,506,12.43,12.43,21.38
9/12/25 21:44,507,12.44,12.44,21.38
9/12/25 21:45,508,12.44,12.44,21.38
9/12/25 21:46,509,12.43,12.43,21.38
9/12/25 21:47,510,12.44,12.44,21.38
9/12/25 21:48,511,12.44,12.44,21.38
9/12/25 21:49,512,12.43,12.43,21.37
9/12/25 21:50,513,12.43,12.43,21.37
9/12/25 21:51,514,12.43,12.43,21.37
9/12/25 21:52,515,12.43,12.43,21.37
9/12/25 21:54,516,12.44,12.44,21.37
9/12/25 21:55,517,12.43,12.43,21.37
9/12/25 21:56,518,12.43,12.43,21.37
9/12/25 21:57,519,12.44,12.44,21.37
9/12/25 21:58,520,12.43,12.43,21.37
9/12/25 21:59,521,12.43,12.43,21.37
9/12/25 22:00,522,12.45,12.45,21.37
9/12/25 22:01,523,12.43,12.43,21.37
9/12/25 22:02,524,12.43,12.43,21.37
9/12/25 22:03,525,12.43,12.43,21.37
9/12/25 22:05,526,12.43,12.43,21.37
9/12/25 22:06,527,12.43,12.43,21.37
9/12/25 22:07,528,12.43,12.43,21.37
9/12/25 22:08,529,12.43,12.43,21.37
9/12/25 22:09,530,12.43,12.43,21.37
9/12/25 22:10,531,12.43,12.43,21.37
9/12/25 22:11,532,12.43,12.43,21.37
9/12/25 22:12,533,12.43,12.43,21.36
9/12/25 22:13,534,12.43,12.43,21.36
9/12/25 22:14,535,12.43,12.43,21.36
9/12/25 22:16,536,12.43,12.43,21.36
9/12/25 22:17,537,12.43,12.43,21.35
9/12/25 22:18,538,12.43,12.43,21.35
9/12/25 22:19,539,12.43,12.43,21.35
9/12/25 22:20,540,12.43,12.43,21.34
9/12/25 22:21,541,12.43,12.43,21.34
9/12/25 22:22,542,12.45,12.45,21.34
9/12/25 22:23,543,12.43,12.43,21.34
9/12/25 22:24,544,12.43,12.43,21.33
9/12/25 22:25,545,12.43,12.43,21.33
9/12/25 22:27,546,12.43,12.43,21.33
9/12/25 22:28,547,12.43,12.43,21.33
9/12/25 22:29,548,12.43,12.43,21.32
9/12/25 22:30,549,12.43,12.43,21.32
9/12/25 22:31,550,12.43,12.43,21.32
9/12/25 22:32,551,12.43,12.43,21.32
9/12/25 22:33,552,12.43,12.43,21.31
9/12/25 22:34,553,12.43,12.43,21.31
9/12/25 22:35,554,12.43,12.43,21.31
9/12/25 22:36,555,12.43,12.43,21.31
9/12/25 22:38,556,12.43,12.43,21.31
9/12/25 22:39,557,12.43,12.43,21.31
9/12/25 22:40,558,12.43,12.43,21.31
9/12/25 22:41,559,12.43,12.43,21.31
9/12/25 22:42,560,12.43,12.43,21.3
9/12/25 22:43,561,12.45,12.45,21.3
9/12/25 22:44,562,12.43,12.43,21.3
9/12/25 22:45,563,12.43,12.43,21.3
9/12/25 22:46,564,12.43,12.43,21.3
9/12/25 22:47,565,12.43,12.43,21.3
9/12/25 22:49,566,12.43,12.43,21.3
9/12/25 22:50,567,12.42,12.42,21.3
9/12/25 22:51,568,12.43,12.43,21.3
9/12/25 22:52,569,12.43,12.43,21.29
9/12/25 22:53,570,12.43,12.43,21.29
9/12/25 22:54,571,12.43,12.43,21.29
9/12/25 22:55,572,12.43,12.43,21.3
9/12/25 22:56,573,12.43,12.43,21.29
9/12/25 22:57,574,12.43,12.43,21.29
9/12/25 22:58,575,12.43,12.43,21.29
9/12/25 23:00,576,12.43,12.43,21.29
9/12/25 23:01,577,12.43,12.43,21.3
9/12/25 23:02,578,12.42,12.42,21.3
9/12/25 23:03,579,12.42,12.42,21.3
9/12/25 23:04,580,12.45,12.45,21.3
9/12/25 23:05,581,12.42,12.42,21.3
9/12/25 23:06,582,12.42,12.42,21.3
9/12/25 23:07,583,12.42,12.42,21.3
9/12/25 23:08,584,12.42,12.42,21.3
9/12/25 23:09,585,12.43,12.43,21.3
9/12/25 23:11,586,12.42,12.42,21.31
9/12/25 23:12,587,12.42,12.42,21.31
9/12/25 23:13,588,12.42,12.42,21.31
9/12/25 23:14,589,12.42,12.42,21.31
9/12/25 23:15,590,12.42,12.42,21.31
9/12/25 23:16,591,12.42,12.42,21.31
9/12/25 23:17,592,12.42,12.42,21.31
9/12/25 23:18,593,12.42,12.42,21.31
9/12/25 23:19,594,12.42,12.42,21.3
9/12/25 23:20,595,12.42,12.42,21.3
9/12/25 23:22,596,12.42,12.42,21.3
9/12/25 23:23,597,12.42,12.42,21.3
9/12/25 23:24,598,12.42,12.42,21.3
9/12/25 23:25,599,12.47,12.47,21.3
9/12/25 23:26,600,12.44,12.44,21.3
9/12/25 23:27,601,12.46,12.46,21.3
9/12/25 23:28,602,12.42,12.42,21.3
9/12/25 23:29,603,12.43,12.43,21.3
9/12/25 23:30,604,12.42,12.42,21.3
9/12/25 23:31,605,12.42,12.42,21.3
9/12/25 23:33,606,12.42,12.42,21.3
9/12/25 23:34,607,12.42,12.42,21.3
9/12/25 23:35,608,12.42,12.42,21.3
9/12/25 23:36,609,12.42,12.42,21.3
9/12/25 23:37,610,12.42,12.42,21.3
9/12/25 23:38,611,12.42,12.42,21.3
9/12/25 23:39,612,12.42,12.42,21.3
9/12/25 23:40,613,12.42,12.42,21.3
9/12/25 23:41,614,12.42,12.42,21.3
9/12/25 23:42,615,12.42,12.42,21.3
9/12/25 23:44,616,12.42,12.42,21.3
9/12/25 23:45,617,12.42,12.42,21.3
9/12/25 23:46,618,12.42,12.42,21.3
9/12/25 23:47,619,12.44,12.44,21.3
9/12/25 23:48,620,12.42,12.42,21.3
9/12/25 23:49,621,12.42,12.42,21.3
9/12/25 23:50,622,12.42,12.42,21.3
9/12/25 23:51,623,12.42,12.42,21.3
9/12/25 23:52,624,12.42,12.42,21.3
9/12/25 23:53,625,12.42,12.42,21.3
9/12/25 23:55,626,12.42,12.42,21.3
9/12/25 23:56,627,12.42,12.42,21.3
9/12/25 23:57,628,12.42,12.42,21.3
9/12/25 23:58,629,12.42,12.42,21.3
9/12/25 23:59,630,12.42,12.42,21.3
9/13/25 0:00,631,12.42,12.42,21.3
9/13/25 0:01,632,12.42,12.42,21.3
9/13/25 0:02,633,12.42,12.42,21.3
9/13/25 0:03,634,12.42,12.42,21.3
9/13/25 0:04,635,12.42,12.42,21.3
9/13/25 0:06,636,12.42,12.42,21.3
9/13/25 0:07,637,12.42,12.42,21.3
9/13/25 0:08,638,12.44,12.44,21.3
9/13/25 0:09,639,12.42,12.42,21.3
9/13/25 0:10,640,12.42,12.42,21.3
9/13/25 0:11,641,12.42,12.42,21.3
9/13/25 0:12,642,12.42,12.42,21.3
9/13/25 0:13,643,12.41,12.41,21.3
9/13/25 0:14,644,12.41,12.41,21.3
9/13/25 0:15,645,12.41,12.41,21.3
9/13/25 0:17,646,12.42,12.42,21.3
9/13/25 0:18,647,12.47,12.47,21.3
9/13/25 0:19,648,12.42,12.42,21.3
9/13/25 0:20,649,12.42,12.42,21.31
9/13/25 0:21,650,12.42,12.42,21.31
9/13/25 0:22,651,12.42,12.42,21.31
9/13/25 0:23,652,12.42,12.42,21.31
9/13/25 0:24,653,12.41,12.41,21.31
9/13/25 0:25,654,12.42,12.42,21.31
9/13/25 0:26,655,12.41,12.41,21.31
9/13/25 0:28,656,12.41,12.41,21.31
9/13/25 0:29,657,12.42,12.42,21.31
9/13/25 0:30,658,12.41,12.41,21.31
9/13/25 0:31,659,12.41,12.41,21.31
9/13/25 0:32,660,12.41,12.41,21.31
9/13/25 0:33,661,12.41,12.41,21.31
9/13/25 0:34,662,12.41,12.41,21.31
9/13/25 0:35,663,12.41,12.41,21.31
9/13/25 0:36,664,12.41,12.41,21.31
9/13/25 0:37,665,12.41,12.41,21.31
9/13/25 0:39,666,12.41,12.41,21.31
9/13/25 0:40,667,12.41,12.41,21.31
9/13/25 0:41,668,12.42,12.42,21.31
9/13/25 0:42,669,12.41,12.41,21.31
9/13/25 0:43,670,12.41,12.41,21.31
9/13/25 0:44,671,12.41,12.41,21.31
9/13/25 0:45,672,12.41,12.41,21.31
9/13/25 0:46,673,12.41,12.41,21.31
9/13/25 0:47,674,12.41,12.41,21.31
9/13/25 0:48,675,12.41,12.41,21.31
9/13/25 0:50,676,12.41,12.41,21.31
9/13/25 0:51,677,12.43,12.43,21.31
9/13/25 0:52,678,12.41,12.41,21.31
9/13/25 0:53,679,12.41,12.41,21.3
9/13/25 0:54,680,12.41,12.41,21.3
9/13/25 0:55,681,12.41,12.41,21.31
9/13/25 0:56,682,12.41,12.41,21.31
9/13/25 0:57,683,12.41,12.41,21.31
9/13/25 0:58,684,12.41,12.41,21.31
9/13/25 0:59,685,12.41,12.41,21.31
9/13/25 1:01,686,12.41,12.41,21.31
9/13/25 1:02,687,12.41,12.41,21.31
9/13/25 1:03,688,12.41,12.41,21.3
9/13/25 1:04,689,12.41,12.41,21.3
9/13/25 1:05,690,12.41,12.41,21.3
9/13/25 1:06,691,12.41,12.41,21.3
9/13/25 1:07,692,12.41,12.41,21.3
9/13/25 1:08,693,12.41,12.41,21.3
9/13/25 1:09,694,12.41,12.41,21.3
9/13/25 1:10,695,12.41,12.41,21.3
9/13/25 1:12,696,12.43,12.43,21.3
9/13/25 1:13,697,12.41,12.41,21.31
9/13/25 1:14,698,12.41,12.41,21.31
9/13/25 1:15,699,12.41,12.41,21.31
9/13/25 1:16,700,12.41,12.41,21.31
9/13/25 1:17,701,12.41,12.41,21.31
9/13/25 1:18,702,12.41,12.41,21.31
9/13/25 1:19,703,12.41,12.41,21.31
9/13/25 1:20,704,12.41,12.41,21.31
9/13/25 1:21,705,12.44,12.44,21.31
9/13/25 1:23,706,12.41,12.41,21.31
9/13/25 1:24,707,12.41,12.41,21.31
9/13/25 1:25,708,12.41,12.41,21.31
9/13/25 1:26,709,12.41,12.41,21.31
9/13/25 1:27,710,12.41,12.41,21.31
9/13/25 1:28,711,12.41,12.41,21.31
9/13/25 1:29,712,12.41,12.41,21.32
9/13/25 1:30,713,12.41,12.41,21.32
9/13/25 1:31,714,12.41,12.41,21.32
9/13/25 1:32,715,12.41,12.41,21.31
9/13/25 1:34,716,12.4,12.4,21.31
9/13/25 1:35,717,12.41,12.41,21.31
9/13/25 1:36,718,12.4,12.4,21.31
9/13/25 1:37,719,12.4,12.4,21.32
9/13/25 1:38,720,12.4,12.4,21.32
9/13/25 1:39,721,12.41,12.41,21.32
9/13/25 1:40,722,12.4,12.4,21.32
9/13/25 1:41,723,12.4,12.4,21.32
9/13/25 1:42,724,12.4,12.4,21.32
9/13/25 1:43,725,12.4,12.4,21.32
9/13/25 1:45,726,12.4,12.4,21.32
9/13/25 1:46,727,12.41,12.41,21.32
9/13/25 1:47,728,12.4,12.4,21.32
9/13/25 1:48,729,12.41,12.41,21.32
9/13/25 1:49,730,12.41,12.41,21.32
9/13/25 1:50,731,12.41,12.41,21.32
9/13/25 1:51,732,12.41,12.41,21.32
9/13/25 1:52,733,12.4,12.4,21.32
9/13/25 1:53,734,12.4,12.4,21.32
9/13/25 1:54,735,12.42,12.42,21.32
9/13/25 1:56,736,12.4,12.4,21.32
9/13/25 1:57,737,12.4,12.4,21.32
9/13/25 1:58,738,12.4,12.4,21.32
9/13/25 1:59,739,12.41,12.41,21.31
9/13/25 2:00,740,12.4,12.4,21.31
9/13/25 2:01,741,12.41,12.41,21.32
9/13/25 2:02,742,12.41,12.41,21.32
9/13/25 2:03,743,12.4,12.4,21.32
9/13/25 2:04,744,12.4,12.4,21.32
9/13/25 2:05,745,12.4,12.4,21.32
9/13/25 2:07,746,12.42,12.42,21.32
9/13/25 2:08,747,12.4,12.4,21.32
9/13/25 2:09,748,12.4,12.4,21.32
9/13/25 2:10,749,12.41,12.41,21.32
9/13/25 2:11,750,12.4,12.4,21.32
9/13/25 2:12,751,12.4,12.4,21.32
9/13/25 2:13,752,12.4,12.4,21.31
9/13/25 2:14,753,12.4,12.4,21.31
9/13/25 2:15,754,12.42,12.42,21.31
9/13/25 2:16,755,12.4,12.4,21.31
9/13/25 2:18,756,12.4,12.4,21.31
9/13/25 2:19,757,12.4,12.4,21.31
9/13/25 2:20,758,12.4,12.4,21.31
9/13/25 2:21,759,12.4,12.4,21.31
9/13/25 2:22,760,12.4,12.4,21.31
9/13/25 2:23,761,12.41,12.41,21.31
9/13/25 2:24,762,12.4,12.4,21.31
9/13/25 2:25,763,12.4,12.4,21.31
9/13/25 2:26,764,12.4,12.4,21.31
9/13/25 2:27,765,12.4,12.4,21.31
9/13/25 2:29,766,12.4,12.4,21.31
9/13/25 2:30,767,12.4,12.4,21.31
9/13/25 2:31,768,12.4,12.4,21.31
9/13/25 2:32,769,12.4,12.4,21.31
9/13/25 2:33,770,12.4,12.4,21.31
9/13/25 2:34,771,12.4,12.4,21.31
9/13/25 2:35,772,12.4,12.4,21.31
9/13/25 2:36,773,12.42,12.42,21.31
9/13/25 2:37,774,12.4,12.4,21.31
9/13/25 2:38,775,12.4,12.4,21.31
9/13/25 2:40,776,12.4,12.4,21.31
9/13/25 2:41,777,12.4,12.4,21.31
9/13/25 2:42,778,12.4,12.4,21.31
9/13/25 2:43,779,12.4,12.4,21.31
9/13/25 2:44,780,12.4,12.4,21.31
9/13/25 2:45,781,12.4,12.4,21.31
9/13/25 2:46,782,12.4,12.4,21.31
9/13/25 2:47,783,12.4,12.4,21.31
9/13/25 2:48,784,12.4,12.4,21.31
9/13/25 2:49,785,12.4,12.4,21.31
9/13/25 2:51,786,12.4,12.4,21.31
9/13/25 2:52,787,12.4,12.4,21.31
9/13/25 2:53,788,12.4,12.4,21.31
9/13/25 2:54,789,12.4,12.4,21.31
9/13/25 2:55,790,12.4,12.4,21.3
9/13/25 2:56,791,12.4,12.4,21.3
9/13/25 2:57,792,12.4,12.4,21.31
9/13/25 2:58,793,12.41,12.41,21.31
9/13/25 2:59,794,12.39,12.39,21.31
9/13/25 3:00,795,12.39,12.39,21.31
9/13/25 3:02,796,12.39,12.39,21.31
9/13/25 3:03,797,12.39,12.39,21.31
9/13/25 3:04,798,12.39,12.39,21.31
9/13/25 3:05,799,12.39,12.39,21.31
9/13/25 3:06,800,12.39,12.39,21.31
9/13/25 3:07,801,12.4,12.4,21.31
9/13/25 3:08,802,12.4,12.4,21.31
9/13/25 3:09,803,12.39,12.39,21.31
9/13/25 3:10,804,12.4,12.4,21.31
9/13/25 3:11,805,12.45,12.45,21.31
9/13/25 3:13,806,12.39,12.39,21.31
9/13/25 3:14,807,12.4,12.4,21.31
9/13/25 3:15,808,12.43,12.43,21.31
9/13/25 3:16,809,12.38,12.38,21.31
9/13/25 3:17,810,12.39,12.39,21.31
9/13/25 3:18,811,12.39,12.39,21.31
9/13/25 3:19,812,12.41,12.41,21.31
9/13/25 3:20,813,12.39,12.39,21.31
9/13/25 3:21,814,12.39,12.39,21.31
9/13/25 3:22,815,12.39,12.39,21.31
9/13/25 3:24,816,12.39,12.39,21.31
9/13/25 3:25,817,12.39,12.39,21.31
9/13/25 3:26,818,12.39,12.39,21.31
9/13/25 3:27,819,12.39,12.39,21.31
9/13/25 3:28,820,12.39,12.39,21.31
9/13/25 3:29,821,12.41,12.41,21.31
9/13/25 3:30,822,12.39,12.39,21.31
9/13/25 3:31,823,12.39,12.39,21.31
9/13/25 3:32,824,12.39,12.39,21.31
9/13/25 3:33,825,12.39,12.39,21.31
9/13/25 3:35,826,12.39,12.39,21.31
9/13/25 3:36,827,12.39,12.39,21.31
9/13/25 3:37,828,12.39,12.39,21.31
9/13/25 3:38,829,12.39,12.39,21.31
9/13/25 3:39,830,12.39,12.39,21.31
9/13/25 3:40,831,12.41,12.41,21.31
9/13/25 3:41,832,12.39,12.39,21.31
9/13/25 3:42,833,12.39,12.39,21.31
9/13/25 3:43,834,12.39,12.39,21.31
9/13/25 3:44,835,12.4,12.4,21.31
9/13/25 3:46,836,12.39,12.39,21.31
9/13/25 3:47,837,12.4,12.4,21.31
9/13/25 3:48,838,12.39,12.39,21.31
9/13/25 3:49,839,12.39,12.39,21.31
9/13/25 3:50,840,12.39,12.39,21.31
9/13/25 3:51,841,12.39,12.39,21.31
9/13/25 3:52,842,12.39,12.39,21.31
9/13/25 3:53,843,12.39,12.39,21.31
9/13/25 3:54,844,12.39,12.39,21.31
9/13/25 3:55,845,12.39,12.39,21.31
9/13/25 3:57,846,12.39,12.39,21.31
9/13/25 3:58,847,12.39,12.39,21.31
9/13/25 3:59,848,12.39,12.39,21.31
9/13/25 4:00,849,12.39,12.39,21.31
9/13/25 4:01,850,12.39,12.39,21.31
9/13/25 4:02,851,12.41,12.41,21.31
9/13/25 4:03,852,12.39,12.39,21.31
9/13/25 4:04,853,12.39,12.39,21.31
9/13/25 4:05,854,12.39,12.39,21.31
9/13/25 4:06,855,12.39,12.39,21.31
9/13/25 4:08,856,12.39,12.39,21.31
9/13/25 4:09,857,12.39,12.39,21.31
9/13/25 4:10,858,12.38,12.38,21.31
9/13/25 4:11,859,12.38,12.38,21.31
9/13/25 4:12,860,12.39,12.39,21.31
9/13/25 4:13,861,12.39,12.39,21.31
9/13/25 4:14,862,12.39,12.39,21.31
9/13/25 4:15,863,12.39,12.39,21.31
9/13/25 4:16,864,12.39,12.39,21.31
9/13/25 4:17,865,12.39,12.39,21.31
9/13/25 4:19,866,12.39,12.39,21.31
9/13/25 4:20,867,12.38,12.38,21.31
9/13/25 4:21,868,12.39,12.39,21.31
9/13/25 4:22,869,12.39,12.39,21.31
9/13/25 4:23,870,12.4,12.4,21.31
9/13/25 4:24,871,12.38,12.38,21.31
9/13/25 4:25,872,12.38,12.38,21.31
9/13/25 4:26,873,12.38,12.38,21.31
9/13/25 4:27,874,12.39,12.39,21.31
9/13/25 4:28,875,12.38,12.38,21.31
9/13/25 4:30,876,12.38,12.38,21.31
9/13/25 4:31,877,12.38,12.38,21.31
9/13/25 4:32,878,12.38,12.38,21.31
9/13/25 4:33,879,12.38,12.38,21.31
9/13/25 4:34,880,12.39,12.39,21.31
9/13/25 4:35,881,12.39,12.39,21.31
9/13/25 4:36,882,12.38,12.38,21.31
9/13/25 4:37,883,12.38,12.38,21.31
9/13/25 4:38,884,12.38,12.38,21.31
9/13/25 4:39,885,12.39,12.39,21.31
9/13/25 4:41,886,12.38,12.38,21.31
9/13/25 4:42,887,12.38,12.38,21.31
9/13/25 4:43,888,12.38,12.38,21.31
9/13/25 4:44,889,12.4,12.4,21.31
9/13/25 4:45,890,12.38,12.38,21.31
9/13/25 4:46,891,12.38,12.38,21.31
9/13/25 4:47,892,12.39,12.39,21.31
9/13/25 4:48,893,12.38,12.38,21.31
9/13/25 4:49,894,12.38,12.38,21.31
9/13/25 4:50,895,12.38,12.38,21.31
9/13/25 4:52,896,12.38,12.38,21.31
9/13/25 4:53,897,12.38,12.38,21.31
9/13/25 4:54,898,12.4,12.4,21.31
9/13/25 4:55,899,12.38,12.38,21.31
9/13/25 4:56,900,12.38,12.38,21.31
9/13/25 4:57,901,12.39,12.39,21.31
9/13/25 4:58,902,12.38,12.38,21.31
9/13/25 4:59,903,12.38,12.38,21.31
9/13/25 5:00,904,12.38,12.38,21.31
9/13/25 5:01,905,12.38,12.38,21.31
9/13/25 5:03,906,12.38,12.38,21.31
9/13/25 5:04,907,12.38,12.38,21.31
9/13/25 5:05,908,12.38,12.38,21.31
9/13/25 5:06,909,12.38,12.38,21.31
9/13/25 5:07,910,12.38,12.38,21.31
9/13/25 5:08,911,12.38,12.38,21.31
9/13/25 5:09,912,12.38,12.38,21.31
9/13/25 5:10,913,12.38,12.38,21.31
9/13/25 5:11,914,12.38,12.38,21.31
9/13/25 5:12,915,12.38,12.38,21.31
9/13/25 5:14,916,12.38,12.38,21.31
9/13/25 5:15,917,12.38,12.38,21.31
9/13/25 5:16,918,12.38,12.38,21.31
9/13/25 5:17,919,12.38,12.38,21.31
9/13/25 5:18,920,12.38,12.38,21.31
9/13/25 5:19,921,12.38,12.38,21.31
9/13/25 5:20,922,12.38,12.38,21.31
9/13/25 5:21,923,12.38,12.38,21.31
9/13/25 5:22,924,12.38,12.38,21.32
9/13/25 5:23,925,12.38,12.38,21.32
9/13/25 5:25,926,12.38,12.38,21.32
9/13/25 5:26,927,12.38,12.38,21.32
9/13/25 5:27,928,12.4,12.4,21.32
9/13/25 5:28,929,12.38,12.38,21.32
9/13/25 5:29,930,12.37,12.37,21.32
9/13/25 5:30,931,12.38,12.38,21.32
9/13/25 5:31,932,12.38,12.38,21.32
9/13/25 5:32,933,12.37,12.37,21.33
9/13/25 5:33,934,12.38,12.38,21.33
9/13/25 5:34,935,12.37,12.37,21.33
9/13/25 5:36,936,12.37,12.37,21.33
9/13/25 5:37,937,12.37,12.37,21.33
9/13/25 5:38,938,12.37,12.37,21.34
9/13/25 5:39,939,12.38,12.38,21.34
9/13/25 5:40,940,12.37,12.37,21.34
9/13/25 5:41,941,12.38,12.38,21.34
9/13/25 5:42,942,12.38,12.38,21.34
9/13/25 5:43,943,12.38,12.38,21.34
9/13/25 5:44,944,12.37,12.37,21.34
9/13/25 5:45,945,12.38,12.38,21.34
9/13/25 5:47,946,12.38,12.38,21.34
9/13/25 5:48,947,12.39,12.39,21.34
9/13/25 5:49,948,12.37,12.37,21.34
9/13/25 5:50,949,12.37,12.37,21.34
9/13/25 5:51,950,12.37,12.37,21.34
9/13/25 5:52,951,12.37,12.37,21.34
9/13/25 5:53,952,12.37,12.37,21.35
9/13/25 5:54,953,12.37,12.37,21.35
9/13/25 5:55,954,12.37,12.37,21.35
9/13/25 5:56,955,12.37,12.37,21.35
9/13/25 5:58,956,12.42,12.42,21.35
9/13/25 5:59,957,12.37,12.37,21.35
9/13/25 6:00,958,12.37,12.37,21.35
9/13/25 6:01,959,12.37,12.37,21.35
9/13/25 6:02,960,12.37,12.37,21.35
9/13/25 6:03,961,12.4,12.4,21.36
9/13/25 6:04,962,12.37,12.37,21.36
9/13/25 6:05,963,12.37,12.37,21.37
9/13/25 6:06,964,12.37,12.37,21.37
9/13/25 6:07,965,12.37,12.37,21.37
9/13/25 6:09,966,12.37,12.37,21.38
9/13/25 6:10,967,12.37,12.37,21.38
9/13/25 6:11,968,12.37,12.37,21.38
9/13/25 6:12,969,12.38,12.38,21.38
9/13/25 6:13,970,12.37,12.37,21.38
9/13/25 6:14,971,12.37,12.37,21.39
9/13/25 6:15,972,12.37,12.37,21.39
9/13/25 6:16,973,12.37,12.37,21.39
9/13/25 6:17,974,12.38,12.38,21.39
9/13/25 6:18,975,12.37,12.37,21.39
9/13/25 6:20,976,12.37,12.37,21.39
9/13/25 6:21,977,12.37,12.37,21.39
9/13/25 6:22,978,12.37,12.37,21.39
9/13/25 6:23,979,12.37,12.37,21.39
9/13/25 6:24,980,12.37,12.37,21.4
9/13/25 6:25,981,12.37,12.37,21.4
9/13/25 6:26,982,12.37,12.37,21.4
9/13/25 6:27,983,12.37,12.37,21.4
9/13/25 6:28,984,12.37,12.37,21.4
9/13/25 6:29,985,12.37,12.37,21.4
9/13/25 6:31,986,12.39,12.39,21.4
9/13/25 6:32,987,12.37,12.37,21.4
9/13/25 6:33,988,12.37,12.37,21.4
9/13/25 6:34,989,12.37,12.37,21.4
9/13/25 6:35,990,12.37,12.37,21.4
9/13/25 6:36,991,12.37,12.37,21.4
9/13/25 6:37,992,12.37,12.37,21.4
9/13/25 6:38,993,12.37,12.37,21.4
9/13/25 6:39,994,12.37,12.37,21.4
9/13/25 6:40,995,12.36,12.36,21.4
9/13/25 6:42,996,12.37,12.37,21.4
9/13/25 6:43,997,12.37,12.37,21.4
9/13/25 6:44,998,12.37,12.37,21.4
9/13/25 6:45,999,12.36,12.36,21.4
9/13/25 6:46,1000,12.36,12.36,21.4
9/13/25 6:47,1001,12.37,12.37,21.4
9/13/25 6:48,1002,12.37,12.37,21.4
9/13/25 6:49,1003,12.37,12.37,21.4
9/13/25 6:50,1004,12.37,12.37,21.4
9/13/25 6:51,1005,12.38,12.38,21.4
9/13/25 6:53,1006,12.36,12.36,21.4
9/13/25 6:54,1007,12.36,12.36,21.41
9/13/25 6:55,1008,12.36,12.36,21.41
9/13/25 6:56,1009,12.38,12.38,21.41
9/13/25 6:57,1010,12.38,12.38,21.41
9/13/25 6:58,1011,12.46,12.46,21.41
9/13/25 6:59,1012,12.44,12.44,21.41
9/13/25 7:00,1013,12.43,12.43,21.41
9/13/25 7:01,1014,12.38,12.38,21.41
9/13/25 7:02,1015,12.36,12.36,21.4
9/13/25 7:04,1016,12.36,12.36,21.4
9/13/25 7:05,1017,12.36,12.36,21.4
9/13/25 7:06,1018,12.36,12.36,21.41
9/13/25 7:07,1019,12.36,12.36,21.41
9/13/25 7:08,1020,12.37,12.37,21.41
9/13/25 7:09,1021,12.37,12.37,21.41
9/13/25 7:10,1022,12.37,12.37,21.41
9/13/25 7:11,1023,12.36,12.36,21.41
9/13/25 7:12,1024,12.38,12.38,21.41
9/13/25 7:13,1025,12.36,12.36,21.41
9/13/25 7:15,1026,12.36,12.36,21.41
9/13/25 7:16,1027,12.36,12.36,21.41
9/13/25 7:17,1028,12.36,12.36,21.41
9/13/25 7:18,1029,12.36,12.36,21.41
9/13/25 7:19,1030,12.36,12.36,21.41
9/13/25 7:20,1031,12.37,12.37,21.41
9/13/25 7:21,1032,12.36,12.36,21.41
9/13/25 7:22,1033,12.36,12.36,21.41
9/13/25 7:23,1034,12.36,12.36,21.41
9/13/25 7:24,1035,12.36,12.36,21.42
9/13/25 7:26,1036,12.36,12.36,21.42
9/13/25 7:27,1037,12.36,12.36,21.42
9/13/25 7:28,1038,12.36,12.36,21.42
9/13/25 7:29,1039,12.36,12.36,21.42
9/13/25 7:30,1040,12.36,12.36,21.41
9/13/25 7:31,1041,12.36,12.36,21.41
9/13/25 7:32,1042,12.36,12.36,21.41
9/13/25 7:33,1043,12.36,12.36,21.42
9/13/25 7:34,1044,12.38,12.38,21.42
9/13/25 7:35,1045,12.36,12.36,21.42
9/13/25 7:37,1046,12.36,12.36,21.42
9/13/25 7:38,1047,12.36,12.36,21.41
9/13/25 7:39,1048,12.36,12.36,21.41
9/13/25 7:40,1049,12.36,12.36,21.41
9/13/25 7:41,1050,12.36,12.36,21.41
9/13/25 7:42,1051,12.36,12.36,21.41
9/13/25 7:43,1052,12.36,12.36,21.41
9/13/25 7:44,1053,12.36,12.36,21.41
9/13/25 7:45,1054,12.36,12.36,21.41
9/13/25 7:46,1055,12.36,12.36,21.41
9/13/25 7:48,1056,12.36,12.36,21.41
9/13/25 7:49,1057,12.36,12.36,21.41
9/13/25 7:50,1058,12.36,12.36,21.42
9/13/25 7:51,1059,12.36,12.36,21.42
9/13/25 7:52,1060,12.36,12.36,21.42
9/13/25 7:53,1061,12.36,12.36,21.42
9/13/25 7:54,1062,12.36,12.36,21.42
9/13/25 7:55,1063,12.38,12.38,21.42
9/13/25 7:56,1064,12.36,12.36,21.42
9/13/25 7:57,1065,12.35,12.35,21.42
9/13/25 7:59,1066,12.36,12.36,21.42
9/13/25 8:00,1067,12.36,12.36,21.42
9/13/25 8:01,1068,12.36,12.36,21.42
9/13/25 8:02,1069,12.36,12.36,21.42
9/13/25 8:03,1070,12.36,12.36,21.42
9/13/25 8:04,1071,12.36,12.36,21.43
9/13/25 8:05,1072,12.37,12.37,21.43
9/13/25 8:06,1073,12.36,12.36,21.43
9/13/25 8:07,1074,12.35,12.35,21.43
9/13/25 8:08,1075,12.36,12.36,21.43
9/13/25 8:10,1076,12.36,12.36,21.43
9/13/25 8:11,1077,12.35,12.35,21.43
9/13/25 8:12,1078,12.35,12.35,21.43
9/13/25 8:13,1079,12.35,12.35,21.43
9/13/25 8:14,1080,12.35,12.35,21.43
9/13/25 8:15,1081,12.36,12.36,21.43
9/13/25 8:16,1082,12.38,12.38,21.43
9/13/25 8:17,1083,12.35,12.35,21.43
9/13/25 8:18,1084,12.35,12.35,21.42
9/13/25 8:19,1085,12.35,12.35,21.42
9/13/25 8:21,1086,12.35,12.35,21.42
9/13/25 8:22,1087,12.35,12.35,21.42
9/13/25 8:23,1088,12.35,12.35,21.42
9/13/25 8:24,1089,12.35,12.35,21.42
9/13/25 8:25,1090,12.36,12.36,21.42
9/13/25 8:26,1091,12.36,12.36,21.42
9/13/25 8:27,1092,12.36,12.36,21.42
9/13/25 8:28,1093,12.35,12.35,21.42
9/13/25 8:29,1094,12.35,12.35,21.42
9/13/25 8:30,1095,12.35,12.35,21.42
9/13/25 8:32,1096,12.35,12.35,21.42
9/13/25 8:33,1097,12.36,12.36,21.42
9/13/25 8:34,1098,12.35,12.35,21.42
9/13/25 8:35,1099,12.35,12.35,21.42
9/13/25 8:36,1100,12.35,12.35,21.41
9/13/25 8:37,1101,12.36,12.36,21.41
9/13/25 8:38,1102,12.37,12.37,21.41
9/13/25 8:39,1103,12.36,12.36,21.41
9/13/25 8:40,1104,12.35,12.35,21.41
9/13/25 8:41,1105,12.35,12.35,21.42
9/13/25 8:43,1106,12.35,12.35,21.42
9/13/25 8:44,1107,12.35,12.35,21.42
9/13/25 8:45,1108,12.35,12.35,21.42
9/13/25 8:46,1109,12.35,12.35,21.42
9/13/25 8:47,1110,12.35,12.35,21.42
9/13/25 8:48,1111,12.35,12.35,21.42
9/13/25 8:49,1112,12.35,12.35,21.42
9/13/25 8:50,1113,12.35,12.35,21.42
9/13/25 8:51,1114,12.35,12.35,21.42
9/13/25 8:52,1115,12.35,12.35,21.42
9/13/25 8:54,1116,12.35,12.35,21.42
9/13/25 8:55,1117,12.35,12.35,21.42
9/13/25 8:56,1118,12.36,12.36,21.42
9/13/25 8:57,1119,12.35,12.35,21.42
9/13/25 8:58,1120,12.35,12.35,21.42
9/13/25 8:59,1121,12.37,12.37,21.43
9/13/25 9:00,1122,12.35,12.35,21.43
9/13/25 9:01,1123,12.35,12.35,21.43
9/13/25 9:02,1124,12.35,12.35,21.43
9/13/25 9:03,1125,12.35,12.35,21.43
9/13/25 9:05,1126,12.35,12.35,21.43
9/13/25 9:06,1127,12.35,12.35,21.43
9/13/25 9:07,1128,12.35,12.35,21.43
9/13/25 9:08,1129,12.35,12.35,21.43
9/13/25 9:09,1130,12.35,12.35,21.43
9/13/25 9:10,1131,12.35,12.35,21.43
9/13/25 9:11,1132,12.35,12.35,21.43
9/13/25 9:12,1133,12.35,12.35,21.43
9/13/25 9:13,1134,12.35,12.35,21.43
9/13/25 9:14,1135,12.35,12.35,21.43
9/13/25 9:16,1136,12.35,12.35,21.43
9/13/25 9:17,1137,12.35,12.35,21.44
9/13/25 9:18,1138,12.35,12.35,21.44
9/13/25 9:19,1139,12.35,12.35,21.44
9/13/25 9:20,1140,12.37,12.37,21.44
9/13/25 9:21,1141,12.35,12.35,21.44
9/13/25 9:22,1142,12.34,12.34,21.44
9/13/25 9:23,1143,12.34,12.34,21.44
9/13/25 9:24,1144,12.35,12.35,21.44
9/13/25 9:25,1145,12.35,12.35,21.44
9/13/25 9:27,1146,12.35,12.35,21.44
9/13/25 9:28,1147,12.35,12.35,21.44
9/13/25 9:29,1148,12.35,12.35,21.44
9/13/25 9:30,1149,12.37,12.37,21.44
9/13/25 9:31,1150,12.34,12.34,21.44
9/13/25 9:32,1151,12.35,12.35,21.44
9/13/25 9:33,1152,12.35,12.35,21.44
9/13/25 9:34,1153,12.35,12.35,21.45
9/13/25 9:35,1154,12.35,12.35,21.44
9/13/25 9:36,1155,12.35,12.35,21.44
9/13/25 9:38,1156,12.35,12.35,21.44
9/13/25 9:39,1157,12.34,12.34,21.44
9/13/25 9:40,1158,12.35,12.35,21.44
9/13/25 9:41,1159,12.34,12.34,21.44
9/13/25 9:42,1160,12.34,12.34,21.44
9/13/25 9:43,1161,12.35,12.35,21.44
9/13/25 9:44,1162,12.35,12.35,21.44
9/13/25 9:45,1163,12.35,12.35,21.44
9/13/25 9:46,1164,12.34,12.34,21.44
9/13/25 9:47,1165,12.34,12.34,21.44
9/13/25 9:49,1166,12.34,12.34,21.44
9/13/25 9:50,1167,12.34,12.34,21.44
9/13/25 9:51,1168,12.34,12.34,21.44
9/13/25 9:52,1169,12.34,12.34,21.44
9/13/25 9:53,1170,12.34,12.34,21.44
9/13/25 9:54,1171,12.35,12.35,21.44
9/13/25 9:55,1172,12.34,12.34,21.43
9/13/25 9:56,1173,12.34,12.34,21.43
9/13/25 9:57,1174,12.34,12.34,21.43
9/13/25 9:58,1175,12.34,12.34,21.43
9/13/25 10:00,1176,12.34,12.34,21.43
9/13/25 10:01,1177,12.34,12.34,21.43
9/13/25 10:02,1178,12.34,12.34,21.43
9/13/25 10:03,1179,12.36,12.36,21.43
9/13/25 10:04,1180,12.34,12.34,21.43
9/13/25 10:05,1181,12.35,12.35,21.43
9/13/25 10:06,1182,12.34,12.34,21.43
9/13/25 10:07,1183,12.34,12.34,21.43
9/13/25 10:08,1184,12.34,12.34,21.43
9/13/25 10:09,1185,12.34,12.34,21.43
9/13/25 10:11,1186,12.34,12.34,21.43
9/13/25 10:12,1187,12.34,12.34,21.43
9/13/25 10:13,1188,12.34,12.34,21.43
9/13/25 10:14,1189,12.34,12.34,21.43
9/13/25 10:15,1190,12.34,12.34,21.43
9/13/25 10:16,1191,12.34,12.34,21.43
9/13/25 10:17,1192,12.34,12.34,21.43
9/13/25 10:18,1193,12.34,12.34,21.43
9/13/25 10:19,1194,12.34,12.34,21.43
9/13/25 10:20,1195,12.34,12.34,21.43
9/13/25 10:22,1196,12.34,12.34,21.43
9/13/25 10:23,1197,12.34,12.34,21.43
9/13/25 10:24,1198,12.36,12.36,21.42
9/13/25 10:25,1199,12.34,12.34,21.42
9/13/25 10:26,1200,12.34,12.34,21.42
9/13/25 10:27,1201,12.35,12.35,21.42
9/13/25 10:28,1202,12.34,12.34,21.42
9/13/25 10:29,1203,12.34,12.34,21.42
9/13/25 10:30,1204,12.34,12.34,21.42
9/13/25 10:31,1205,12.34,12.34,21.42
9/13/25 10:33,1206,12.34,12.34,21.42
9/13/25 10:34,1207,12.38,12.38,21.42
9/13/25 10:35,1208,12.34,12.34,21.42
9/13/25 10:36,1209,12.34,12.34,21.42
9/13/25 10:37,1210,12.34,12.34,21.42
9/13/25 10:38,1211,12.34,12.34,21.42
9/13/25 10:39,1212,12.34,12.34,21.42
9/13/25 10:40,1213,12.34,12.34,21.42
9/13/25 10:41,1214,12.34,12.34,21.42
9/13/25 10:42,1215,12.34,12.34,21.42
9/13/25 10:44,1216,12.34,12.34,21.42
9/13/25 10:45,1217,12.34,12.34,21.42
9/13/25 10:46,1218,12.34,12.34,21.42
9/13/25 10:47,1219,12.33,12.33,21.42
9/13/25 10:48,1220,12.36,12.36,21.42
9/13/25 10:49,1221,12.37,12.37,21.42
9/13/25 10:50,1222,12.38,12.38,21.43
9/13/25 10:51,1223,12.34,12.34,21.43
9/13/25 10:52,1224,12.33,12.33,21.43
9/13/25 10:53,1225,12.32,12.32,21.43
9/13/25 10:55,1226,12.34,12.34,21.43
9/13/25 10:56,1227,12.34,12.34,21.44
9/13/25 10:57,1228,12.33,12.33,21.44
9/13/25 10:58,1229,12.34,12.34,21.44
9/13/25 10:59,1230,12.34,12.34,21.44
9/13/25 11:00,1231,12.34,12.34,21.44
9/13/25 11:01,1232,12.33,12.33,21.44
9/13/25 11:02,1233,12.33,12.33,21.44
9/13/25 11:03,1234,12.33,12.33,21.44
9/13/25 11:04,1235,12.33,12.33,21.44
9/13/25 11:06,1236,12.33,12.33,21.44
9/13/25 11:07,1237,12.35,12.35,21.44
9/13/25 11:08,1238,12.33,12.33,21.44
9/13/25 11:09,1239,12.33,12.33,21.44
9/13/25 11:10,1240,12.33,12.33,21.44
9/13/25 11:11,1241,12.33,12.33,21.44
9/13/25 11:12,1242,12.33,12.33,21.44
9/13/25 11:13,1243,12.33,12.33,21.44
9/13/25 11:14,1244,12.33,12.33,21.44
9/13/25 11:15,1245,12.34,12.34,21.44
9/13/25 11:17,1246,12.33,12.33,21.44
9/13/25 11:18,1247,12.33,12.33,21.44
9/13/25 11:19,1248,12.37,12.37,21.44
9/13/25 11:20,1249,12.33,12.33,21.44
9/13/25 11:21,1250,12.33,12.33,21.44
9/13/25 11:22,1251,12.34,12.34,21.44
9/13/25 11:23,1252,12.33,12.33,21.44
9/13/25 11:24,1253,12.33,12.33,21.44
9/13/25 11:25,1254,12.34,12.34,21.44
9/13/25 11:26,1255,12.33,12.33,21.44
9/13/25 11:28,1256,12.35,12.35,21.44
9/13/25 11:29,1257,12.33,12.33,21.44
9/13/25 11:30,1258,12.33,12.33,21.44
9/13/25 11:31,1259,12.33,12.33,21.44
9/13/25 11:32,1260,12.33,12.33,21.44
9/13/25 11:33,1261,12.33,12.33,21.44
9/13/25 11:34,1262,12.33,12.33,21.44
9/13/25 11:35,1263,12.33,12.33,21.44
9/13/25 11:36,1264,12.33,12.33,21.44
9/13/25 11:37,1265,12.36,12.36,21.44
9/13/25 11:39,1266,12.33,12.33,21.44
9/13/25 11:40,1267,12.33,12.33,21.44
9/13/25 11:41,1268,12.33,12.33,21.44
9/13/25 11:42,1269,12.33,12.33,21.43
9/13/25 11:43,1270,12.33,12.33,21.43
9/13/25 11:44,1271,12.34,12.34,21.43
9/13/25 11:45,1272,12.33,12.33,21.44
9/13/25 11:46,1273,12.33,12.33,21.43
9/13/25 11:47,1274,12.33,12.33,21.43
9/13/25 11:48,1275,12.35,12.35,21.43
9/13/25 11:50,1276,12.33,12.33,21.43
9/13/25 11:51,1277,12.33,12.33,21.43
9/13/25 11:52,1278,12.33,12.33,21.43
9/13/25 11:53,1279,12.33,12.33,21.43
9/13/25 11:54,1280,12.33,12.33,21.43
9/13/25 11:55,1281,12.33,12.33,21.43
9/13/25 11:56,1282,12.32,12.32,21.43
9/13/25 11:57,1283,12.33,12.33,21.43
9/13/25 11:58,1284,12.33,12.33,21.43
9/13/25 11:59,1285,12.33,12.33,21.43
9/13/25 12:01,1286,12.33,12.33,21.43
9/13/25 12:02,1287,12.33,12.33,21.43
9/13/25 12:03,1288,12.32,12.32,21.43
9/13/25 12:04,1289,12.33,12.33,21.43
9/13/25 12:05,1290,12.33,12.33,21.43
9/13/25 12:06,1291,12.33,12.33,21.43
9/13/25 12:07,1292,12.33,12.33,21.43
9/13/25 12:08,1293,12.33,12.33,21.43
9/13/25 12:09,1294,12.32,12.32,21.42
9/13/25 12:10,1295,12.34,12.34,21.42
9/13/25 12:12,1296,12.33,12.33,21.42
9/13/25 12:13,1297,12.33,12.33,21.42
9/13/25 12:14,1298,12.32,12.32,21.42
9/13/25 12:15,1299,12.32,12.32,21.42
9/13/25 12:16,1300,12.32,12.32,21.42
9/13/25 12:17,1301,12.32,12.32,21.42
9/13/25 12:18,1302,12.32,12.32,21.43
9/13/25 12:19,1303,12.32,12.32,21.42
9/13/25 12:20,1304,12.32,12.32,21.42
9/13/25 12:21,1305,12.32,12.32,21.42
9/13/25 12:23,1306,12.32,12.32,21.42
9/13/25 12:24,1307,12.32,12.32,21.42
9/13/25 12:25,1308,12.32,12.32,21.42
9/13/25 12:26,1309,12.32,12.32,21.42
9/13/25 12:27,1310,12.32,12.32,21.42
9/13/25 12:28,1311,12.33,12.33,21.42
9/13/25 12:29,1312,12.32,12.32,21.42
9/13/25 12:30,1313,12.33,12.33,21.42
9/13/25 12:31,1314,12.34,12.34,21.42
9/13/25 12:32,1315,12.32,12.32,21.41
9/13/25 12:34,1316,12.32,12.32,21.41
9/13/25 12:35,1317,12.32,12.32,21.41
9/13/25 12:36,1318,12.32,12.32,21.41
9/13/25 12:37,1319,12.32,12.32,21.41
9/13/25 12:38,1320,12.32,12.32,21.41
9/13/25 12:39,1321,12.33,12.33,21.41
9/13/25 12:40,1322,12.32,12.32,21.41
9/13/25 12:41,1323,12.33,12.33,21.41
9/13/25 12:42,1324,12.32,12.32,21.41
9/13/25 12:43,1325,12.32,12.32,21.41
9/13/25 12:45,1326,12.32,12.32,21.41
9/13/25 12:46,1327,12.32,12.32,21.41
9/13/25 12:47,1328,12.32,12.32,21.41
9/13/25 12:48,1329,12.32,12.32,21.41
9/13/25 12:49,1330,12.32,12.32,21.41
9/13/25 12:50,1331,12.32,12.32,21.41
9/13/25 12:51,1332,12.32,12.32,21.41
9/13/25 12:52,1333,12.34,12.34,21.41
9/13/25 12:53,1334,12.32,12.32,21.41
9/13/25 12:54,1335,12.32,12.32,21.41
9/13/25 12:56,1336,12.32,12.32,21.41
9/13/25 12:57,1337,12.32,12.32,21.4
9/13/25 12:58,1338,12.32,12.32,21.4
9/13/25 12:59,1339,12.32,12.32,21.4
9/13/25 13:00,1340,12.32,12.32,21.41
9/13/25 13:01,1341,12.33,12.33,21.4
9/13/25 13:02,1342,12.32,12.32,21.4
9/13/25 13:03,1343,12.32,12.32,21.4
9/13/25 13:04,1344,12.32,12.32,21.4
9/13/25 13:05,1345,12.32,12.32,21.41
9/13/25 13:07,1346,12.32,12.32,21.41
9/13/25 13:08,1347,12.32,12.32,21.41
9/13/25 13:09,1348,12.32,12.32,21.41
9/13/25 13:10,1349,12.32,12.32,21.41
9/13/25 13:11,1350,12.32,12.32,21.41
9/13/25 13:12,1351,12.32,12.32,21.41
9/13/25 13:13,1352,12.32,12.32,21.41
9/13/25 13:14,1353,12.34,12.34,21.41
9/13/25 13:15,1354,12.32,12.32,21.41
9/13/25 13:16,1355,12.32,12.32,21.41
9/13/25 13:18,1356,12.32,12.32,21.42
9/13/25 13:19,1357,12.32,12.32,21.42
9/13/25 13:20,1358,12.32,12.32,21.42
9/13/25 13:21,1359,12.31,12.31,21.42
9/13/25 13:22,1360,12.32,12.32,21.42
9/13/25 13:23,1361,12.32,12.32,21.42
9/13/25 13:24,1362,12.31,12.31,21.42
9/13/25 13:25,1363,12.32,12.32,21.42
9/13/25 13:26,1364,12.31,12.31,21.42
9/13/25 13:27,1365,12.32,12.32,21.42
9/13/25 13:29,1366,12.31,12.31,21.42
9/13/25 13:30,1367,12.32,12.32,21.42
9/13/25 13:31,1368,12.32,12.32,21.42
9/13/25 13:32,1369,12.31,12.31,21.42
9/13/25 13:33,1370,12.31,12.31,21.42
9/13/25 13:34,1371,12.32,12.32,21.42
9/13/25 13:35,1372,12.34,12.34,21.42
9/13/25 13:36,1373,12.31,12.31,21.42
9/13/25 13:37,1374,12.31,12.31,21.42
9/13/25 13:38,1375,12.31,12.31,21.42
9/13/25 13:40,1376,12.31,12.31,21.42
9/13/25 13:41,1377,12.31,12.31,21.42
9/13/25 13:42,1378,12.31,12.31,21.42
9/13/25 13:43,1379,12.31,12.31,21.42
9/13/25 13:44,1380,12.31,12.31,21.42
9/13/25 13:45,1381,12.31,12.31,21.42
9/13/25 13:46,1382,12.31,12.31,21.42
9/13/25 13:47,1383,12.31,12.31,21.42
9/13/25 13:48,1384,12.32,12.32,21.42
9/13/25 13:49,1385,12.31,12.31,21.42
9/13/25 13:51,1386,12.31,12.31,21.42
9/13/25 13:52,1387,12.31,12.31,21.42
9/13/25 13:53,1388,12.31,12.31,21.42
9/13/25 13:54,1389,12.31,12.31,21.42
9/13/25 13:55,1390,12.31,12.31,21.42
9/13/25 13:56,1391,12.33,12.33,21.42
9/13/25 13:57,1392,12.31,12.31,21.42
9/13/25 13:58,1393,12.31,12.31,21.42
9/13/25 13:59,1394,12.31,12.31,21.42
9/13/25 14:00,1395,12.31,12.31,21.42
9/13/25 14:02,1396,12.31,12.31,21.42
9/13/25 14:03,1397,12.31,12.31,21.42
9/13/25 14:04,1398,12.32,12.32,21.42
9/13/25 14:05,1399,12.31,12.31,21.42
9/13/25 14:06,1400,12.34,12.34,21.42
9/13/25 14:07,1401,12.32,12.32,21.42
9/13/25 14:08,1402,12.31,12.31,21.42
9/13/25 14:09,1403,12.31,12.31,21.42
9/13/25 14:10,1404,12.31,12.31,21.42
9/13/25 14:11,1405,12.31,12.31,21.42
9/13/25 14:13,1406,12.31,12.31,21.42
9/13/25 14:14,1407,12.31,12.31,21.42
9/13/25 14:15,1408,12.31,12.31,21.42
9/13/25 14:16,1409,12.31,12.31,21.42
9/13/25 14:17,1410,12.31,12.31,21.42
9/13/25 14:18,1411,12.31,12.31,21.42
9/13/25 14:19,1412,12.31,12.31,21.42
9/13/25 14:20,1413,12.31,12.31,21.42
9/13/25 14:21,1414,12.31,12.31,21.42
9/13/25 14:22,1415,12.31,12.31,21.42
9/13/25 14:24,1416,12.31,12.31,21.42
9/13/25 14:25,1417,12.31,12.31,21.42
9/13/25 14:26,1418,12.31,12.31,21.42
9/13/25 14:27,1419,12.31,12.31,21.42
9/13/25 14:28,1420,12.31,12.31,21.42
9/13/25 14:29,1421,12.31,12.31,21.42
9/13/25 14:30,1422,12.31,12.31,21.41
9/13/25 14:31,1423,12.33,12.33,21.41
9/13/25 14:32,1424,12.31,12.31,21.41
9/13/25 14:33,1425,12.33,12.33,21.41
9/13/25 14:35,1426,12.31,12.31,21.41
9/13/25 14:36,1427,12.31,12.31,21.41
9/13/25 14:37,1428,12.31,12.31,21.41
9/13/25 14:38,1429,12.31,12.31,21.41
9/13/25 14:39,1430,12.32,12.32,21.41
9/13/25 14:40,1431,12.33,12.33,21.41
9/13/25 14:41,1432,12.3,12.3,21.41
9/13/25 14:42,1433,12.3,12.3,21.41
9/13/25 14:43,1434,12.3,12.3,21.41
9/13/25 14:44,1435,12.3,12.3,21.41
9/13/25 14:46,1436,12.3,12.3,21.41
9/13/25 14:47,1437,12.31,12.31,21.41
9/13/25 14:48,1438,12.31,12.31,21.41
9/13/25 14:49,1439,12.31,12.31,21.41
9/13/25 14:50,1440,12.3,12.3,21.41
9/13/25 14:51,1441,12.3,12.3,21.41
9/13/25 14:52,1442,12.3,12.3,21.41
9/13/25 14:53,1443,12.3,12.3,21.41
9/13/25 14:54,1444,12.3,12.3,21.41
9/13/25 14:55,1445,12.3,12.3,21.41
9/13/25 14:57,1446,12.3,12.3,21.41
9/13/25 14:58,1447,12.31,12.31,21.41
9/13/25 14:59,1448,12.3,12.3,21.4
9/13/25 15:00,1449,12.32,12.32,21.4
9/13/25 15:01,1450,12.3,12.3,21.4
9/13/25 15:02,1451,12.31,12.31,21.4
9/13/25 15:03,1452,12.3,12.3,21.4
9/13/25 15:04,1453,12.3,12.3,21.4
9/13/25 15:05,1454,12.3,12.3,21.4
9/13/25 15:06,1455,12.3,12.3,21.4
9/13/25 15:08,1456,12.3,12.3,21.4
9/13/25 15:09,1457,12.3,12.3,21.4
9/13/25 15:10,1458,12.34,12.34,21.4
9/13/25 15:11,1459,12.3,12.3,21.4
9/13/25 15:12,1460,12.3,12.3,21.4
9/13/25 15:13,1461,12.3,12.3,21.4
9/13/25 15:14,1462,12.3,12.3,21.4
9/13/25 15:15,1463,12.3,12.3,21.39
9/13/25 15:16,1464,12.3,12.3,21.39
9/13/25 15:17,1465,12.3,12.3,21.39
9/13/25 15:19,1466,12.3,12.3,21.39
9/13/25 15:20,1467,12.3,12.3,21.39
9/13/25 15:21,1468,12.3,12.3,21.39
9/13/25 15:22,1469,12.3,12.3,21.4
9/13/25 15:23,1470,12.32,12.32,21.4
9/13/25 15:24,1471,12.3,12.3,21.4
9/13/25 15:25,1472,12.3,12.3,21.4
9/13/25 15:26,1473,12.3,12.3,21.4
9/13/25 15:27,1474,12.3,12.3,21.4
9/13/25 15:28,1475,12.3,12.3,21.4
9/13/25 15:30,1476,12.3,12.3,21.4
9/13/25 15:31,1477,12.3,12.3,21.4
9/13/25 15:32,1478,12.3,12.3,21.4
9/13/25 15:33,1479,12.3,12.3,21.39
9/13/25 15:34,1480,12.3,12.3,21.39
9/13/25 15:35,1481,12.3,12.3,21.39
9/13/25 15:36,1482,12.3,12.3,21.39
9/13/25 15:37,1483,12.3,12.3,21.39
9/13/25 15:38,1484,12.3,12.3,21.39
9/13/25 15:39,1485,12.3,12.3,21.39
9/13/25 15:41,1486,12.3,12.3,21.39
9/13/25 15:42,1487,12.3,12.3,21.39
9/13/25 15:43,1488,12.32,12.32,21.39
9/13/25 15:44,1489,12.3,12.3,21.39
9/13/25 15:45,1490,12.3,12.3,21.39
9/13/25 15:46,1491,12.3,12.3,21.39
9/13/25 15:47,1492,12.3,12.3,21.39
9/13/25 15:48,1493,12.3,12.3,21.39
9/13/25 15:49,1494,12.3,12.3,21.39
9/13/25 15:50,1495,12.3,12.3,21.39
9/13/25 15:52,1496,12.3,12.3,21.38
9/13/25 15:53,1497,12.3,12.3,21.38
9/13/25 15:54,1498,12.3,12.3,21.38
9/13/25 15:55,1499,12.3,12.3,21.38
9/13/25 15:56,1500,12.3,12.3,21.38
9/13/25 15:57,1501,12.3,12.3,21.38
9/13/25 15:58,1502,12.3,12.3,21.38
9/13/25 15:59,1503,12.29,12.29,21.38
9/13/25 16:00,1504,12.3,12.3,21.37
9/13/25 16:01,1505,12.3,12.3,21.37
9/13/25 16:03,1506,12.3,12.3,21.37
9/13/25 16:04,1507,12.32,12.32,21.37
9/13/25 16:05,1508,12.29,12.29,21.37
9/13/25 16:06,1509,12.29,12.29,21.37
9/13/25 16:07,1510,12.29,12.29,21.37
9/13/25 16:08,1511,12.3,12.3,21.37
9/13/25 16:09,1512,12.29,12.29,21.37
9/13/25 16:10,1513,12.29,12.29,21.37
9/13/25 16:11,1514,12.29,12.29,21.37
9/13/25 16:12,1515,12.29,12.29,21.37
9/13/25 16:14,1516,12.3,12.3,21.37
9/13/25 16:15,1517,12.29,12.29,21.37
9/13/25 16:16,1518,12.29,12.29,21.37
9/13/25 16:17,1519,12.29,12.29,21.37
9/13/25 16:18,1520,12.3,12.3,21.37
9/13/25 16:19,1521,12.29,12.29,21.37
9/13/25 16:20,1522,12.29,12.29,21.37
9/13/25 16:21,1523,12.29,12.29,21.37
9/13/25 16:22,1524,12.29,12.29,21.37
9/13/25 16:23,1525,12.29,12.29,21.37
9/13/25 16:25,1526,12.31,12.31,21.37
9/13/25 16:26,1527,12.29,12.29,21.36
9/13/25 16:27,1528,12.29,12.29,21.36
9/13/25 16:28,1529,12.29,12.29,21.36
9/13/25 16:29,1530,12.29,12.29,21.36
9/13/25 16:30,1531,12.29,12.29,21.36
9/13/25 16:31,1532,12.29,12.29,21.36
9/13/25 16:32,1533,12.29,12.29,21.36
9/13/25 16:33,1534,12.29,12.29,21.35
9/13/25 16:34,1535,12.29,12.29,21.35
9/13/25 16:36,1536,12.29,12.29,21.35
9/13/25 16:37,1537,12.3,12.3,21.35
9/13/25 16:38,1538,12.29,12.29,21.35
9/13/25 16:39,1539,12.3,12.3,21.35
9/13/25 16:40,1540,12.29,12.29,21.35
9/13/25 16:41,1541,12.29,12.29,21.35
9/13/25 16:42,1542,12.29,12.29,21.35
9/13/25 16:43,1543,12.29,12.29,21.35
9/13/25 16:44,1544,12.29,12.29,21.35
9/13/25 16:45,1545,12.29,12.29,21.35
9/13/25 16:47,1546,12.31,12.31,21.35
9/13/25 16:48,1547,12.29,12.29,21.35
9/13/25 16:49,1548,12.29,12.29,21.35
9/13/25 16:50,1549,12.29,12.29,21.36
9/13/25 16:51,1550,12.29,12.29,21.36
9/13/25 16:52,1551,12.29,12.29,21.36
9/13/25 16:53,1552,12.29,12.29,21.35
9/13/25 16:54,1553,12.29,12.29,21.35
9/13/25 16:55,1554,12.29,12.29,21.35
9/13/25 16:56,1555,12.29,12.29,21.35
9/13/25 16:58,1556,12.29,12.29,21.35
9/13/25 16:59,1557,12.29,12.29,21.35
9/13/25 17:00,1558,12.29,12.29,21.35
9/13/25 17:01,1559,12.29,12.29,21.35
9/13/25 17:02,1560,12.29,12.29,21.35
9/13/25 17:03,1561,12.29,12.29,21.35
9/13/25 17:04,1562,12.29,12.29,21.35
9/13/25 17:05,1563,12.29,12.29,21.35
9/13/25 17:06,1564,12.29,12.29,21.35
9/13/25 17:07,1565,12.31,12.31,21.35
9/13/25 17:09,1566,12.28,12.28,21.35
9/13/25 17:10,1567,12.28,12.28,21.35
9/13/25 17:11,1568,12.29,12.29,21.35
9/13/25 17:12,1569,12.28,12.28,21.35
9/13/25 17:13,1570,12.29,12.29,21.35
9/13/25 17:14,1571,12.29,12.29,21.35
9/13/25 17:15,1572,12.29,12.29,21.35
9/13/25 17:16,1573,12.29,12.29,21.35
9/13/25 17:17,1574,12.32,12.32,21.35
9/13/25 17:18,1575,12.28,12.28,21.35
9/13/25 17:20,1576,12.28,12.28,21.35
9/13/25 17:21,1577,12.28,12.28,21.35
9/13/25 17:22,1578,12.28,12.28,21.35
9/13/25 17:23,1579,12.29,12.29,21.35
9/13/25 17:24,1580,12.28,12.28,21.35
9/13/25 17:25,1581,12.29,12.29,21.35
9/13/25 17:26,1582,12.29,12.29,21.35
9/13/25 17:27,1583,12.28,12.28,21.35
9/13/25 17:28,1584,12.3,12.3,21.35
9/13/25 17:29,1585,12.28,12.28,21.35
9/13/25 17:31,1586,12.28,12.28,21.35
9/13/25 17:32,1587,12.28,12.28,21.35
9/13/25 17:33,1588,12.28,12.28,21.35
9/13/25 17:34,1589,12.28,12.28,21.35
9/13/25 17:35,1590,12.28,12.28,21.35
9/13/25 17:36,1591,12.29,12.29,21.35
9/13/25 17:37,1592,12.28,12.28,21.35
9/13/25 17:38,1593,12.28,12.28,21.35
9/13/25 17:39,1594,12.28,12.28,21.35
9/13/25 17:40,1595,12.28,12.28,21.35
9/13/25 17:42,1596,12.28,12.28,21.35
9/13/25 17:43,1597,12.28,12.28,21.35
9/13/25 17:44,1598,12.28,12.28,21.35
9/13/25 17:45,1599,12.29,12.29,21.35
9/13/25 17:46,1600,12.28,12.28,21.34
9/13/25 17:47,1601,12.28,12.28,21.34
9/13/25 17:48,1602,12.28,12.28,21.34
9/13/25 17:49,1603,12.28,12.28,21.34
9/13/25 17:50,1604,12.3,12.3,21.34
9/13/25 17:51,1605,12.28,12.28,21.34
9/13/25 17:53,1606,12.28,12.28,21.34
9/13/25 17:54,1607,12.28,12.28,21.34
9/13/25 17:55,1608,12.28,12.28,21.34
9/13/25 17:56,1609,12.28,12.28,21.34
9/13/25 17:57,1610,12.28,12.28,21.33
9/13/25 17:58,1611,12.28,12.28,21.33
9/13/25 17:59,1612,12.28,12.28,21.33
9/13/25 18:00,1613,12.28,12.28,21.33
9/13/25 18:01,1614,12.28,12.28,21.33
9/13/25 18:02,1615,12.28,12.28,21.33
9/13/25 18:04,1616,12.28,12.28,21.34
9/13/25 18:05,1617,12.28,12.28,21.34
9/13/25 18:06,1618,12.28,12.28,21.34
9/13/25 18:07,1619,12.28,12.28,21.34
9/13/25 18:08,1620,12.28,12.28,21.34
9/13/25 18:09,1621,12.28,12.28,21.34
9/13/25 18:10,1622,12.28,12.28,21.34
9/13/25 18:11,1623,12.3,12.3,21.34
9/13/25 18:12,1624,12.28,12.28,21.34
9/13/25 18:13,1625,12.28,12.28,21.34
9/13/25 18:15,1626,12.28,12.28,21.34
9/13/25 18:16,1627,12.28,12.28,21.34
9/13/25 18:17,1628,12.28,12.28,21.34
9/13/25 18:18,1629,12.29,12.29,21.34
9/13/25 18:19,1630,12.28,12.28,21.34
9/13/25 18:20,1631,12.28,12.28,21.33
9/13/25 18:21,1632,12.28,12.28,21.33
9/13/25 18:22,1633,12.31,12.31,21.33
9/13/25 18:23,1634,12.28,12.28,21.33
9/13/25 18:24,1635,12.28,12.28,21.33
9/13/25 18:26,1636,12.35,12.35,21.32
9/13/25 18:27,1637,12.31,12.31,21.32
9/13/25 18:28,1638,12.3,12.3,21.32
9/13/25 18:29,1639,12.27,12.27,21.32
9/13/25 18:30,1640,12.27,12.27,21.32
9/13/25 18:31,1641,12.27,12.27,21.31
9/13/25 18:32,1642,12.3,12.3,21.31
9/13/25 18:33,1643,12.28,12.28,21.31
9/13/25 18:34,1644,12.28,12.28,21.31
9/13/25 18:35,1645,12.28,12.28,21.31
9/13/25 18:37,1646,12.27,12.27,21.31
9/13/25 18:38,1647,12.28,12.28,21.31
9/13/25 18:39,1648,12.27,12.27,21.31
9/13/25 18:40,1649,12.27,12.27,21.3
9/13/25 18:41,1650,12.27,12.27,21.3
9/13/25 18:42,1651,12.33,12.33,21.3
9/13/25 18:43,1652,12.27,12.27,21.3
9/13/25 18:44,1653,12.28,12.28,21.3
9/13/25 18:45,1654,12.28,12.28,21.3
9/13/25 18:46,1655,12.27,12.27,21.3
9/13/25 18:48,1656,12.27,12.27,21.3
9/13/25 18:49,1657,12.27,12.27,21.3
9/13/25 18:50,1658,12.27,12.27,21.29
9/13/25 18:51,1659,12.28,12.28,21.29
9/13/25 18:52,1660,12.28,12.28,21.29
9/13/25 18:53,1661,12.28,12.28,21.29
9/13/25 18:54,1662,12.27,12.27,21.29
9/13/25 18:55,1663,12.27,12.27,21.29
9/13/25 18:56,1664,12.27,12.27,21.29
9/13/25 18:57,1665,12.27,12.27,21.29
9/13/25 18:59,1666,12.27,12.27,21.28
9/13/25 19:00,1667,12.27,12.27,21.28
9/13/25 19:01,1668,12.27,12.27,21.28
9/13/25 19:02,1669,12.27,12.27,21.28
9/13/25 19:03,1670,12.27,12.27,21.28
9/13/25 19:04,1671,12.28,12.28,21.28
9/13/25 19:05,1672,12.27,12.27,21.28
9/13/25 19:06,1673,12.27,12.27,21.28
9/13/25 19:07,1674,12.27,12.27,21.28
9/13/25 19:08,1675,12.28,12.28,21.28
9/13/25 19:10,1676,12.27,12.27,21.28
9/13/25 19:11,1677,12.27,12.27,21.28
9/13/25 19:12,1678,12.27,12.27,21.28
9/13/25 19:13,1679,12.27,12.27,21.28
9/13/25 19:14,1680,12.27,12.27,21.28
9/13/25 19:15,1681,12.29,12.29,21.27
9/13/25 19:16,1682,12.27,12.27,21.27
9/13/25 19:17,1683,12.27,12.27,21.27
9/13/25 19:18,1684,12.27,12.27,21.27
9/13/25 19:19,1685,12.27,12.27,21.27
9/13/25 19:21,1686,12.27,12.27,21.27
9/13/25 19:22,1687,12.27,12.27,21.27
9/13/25 19:23,1688,12.27,12.27,21.27
9/13/25 19:24,1689,12.27,12.27,21.27
9/13/25 19:25,1690,12.27,12.27,21.28
9/13/25 19:26,1691,12.27,12.27,21.28
9/13/25 19:27,1692,12.27,12.27,21.28
9/13/25 19:28,1693,12.27,12.27,21.28
9/13/25 19:29,1694,12.27,12.27,21.28
9/13/25 19:30,1695,12.27,12.27,21.28
9/13/25 19:32,1696,12.27,12.27,21.28
9/13/25 19:33,1697,12.27,12.27,21.28
9/13/25 19:34,1698,12.27,12.27,21.28
9/13/25 19:35,1699,12.27,12.27,21.28
9/13/25 19:36,1700,12.29,12.29,21.28
9/13/25 19:37,1701,12.27,12.27,21.27
9/13/25 19:38,1702,12.27,12.27,21.28
9/13/25 19:39,1703,12.27,12.27,21.28
9/13/25 19:40,1704,12.27,12.27,21.28
9/13/25 19:41,1705,12.26,12.26,21.28
9/13/25 19:43,1706,12.27,12.27,21.28
9/13/25 19:44,1707,12.27,12.27,21.27
9/13/25 19:45,1708,12.27,12.27,21.27
9/13/25 19:46,1709,12.31,12.31,21.27
9/13/25 19:47,1710,12.27,12.27,21.27
9/13/25 19:48,1711,12.27,12.27,21.27
9/13/25 19:49,1712,12.27,12.27,21.27
9/13/25 19:50,1713,12.26,12.26,21.27
9/13/25 19:51,1714,12.27,12.27,21.27
9/13/25 19:52,1715,12.27,12.27,21.27
9/13/25 19:54,1716,12.27,12.27,21.27
9/13/25 19:55,1717,12.27,12.27,21.27
9/13/25 19:56,1718,12.27,12.27,21.27
9/13/25 19:57,1719,12.27,12.27,21.28
9/13/25 19:58,1720,12.26,12.26,21.27
9/13/25 19:59,1721,12.27,12.27,21.27
9/13/25 20:00,1722,12.26,12.26,21.27
9/13/25 20:01,1723,12.26,12.26,21.27
9/13/25 20:02,1724,12.27,12.27,21.27
9/13/25 20:03,1725,12.26,12.26,21.27
9/13/25 20:05,1726,12.26,12.26,21.27
9/13/25 20:06,1727,12.27,12.27,21.27
9/13/25 20:07,1728,12.26,12.26,21.27
9/13/25 20:08,1729,12.26,12.26,21.27
9/13/25 20:09,1730,12.26,12.26,21.27
9/13/25 20:10,1731,12.27,12.27,21.27
9/13/25 20:11,1732,12.26,12.26,21.27
9/13/25 20:12,1733,12.26,12.26,21.27
9/13/25 20:13,1734,12.26,12.26,21.27
9/13/25 20:14,1735,12.26,12.26,21.28
9/13/25 20:16,1736,12.26,12.26,21.28
9/13/25 20:17,1737,12.26,12.26,21.28
9/13/25 20:18,1738,12.26,12.26,21.28
9/13/25 20:19,1739,12.28,12.28,21.28
9/13/25 20:20,1740,12.26,12.26,21.28
9/13/25 20:21,1741,12.27,12.27,21.28
9/13/25 20:22,1742,12.26,12.26,21.28
9/13/25 20:23,1743,12.27,12.27,21.27
9/13/25 20:24,1744,12.26,12.26,21.27
9/13/25 20:25,1745,12.26,12.26,21.27
9/13/25 20:27,1746,12.26,12.26,21.27
9/13/25 20:28,1747,12.26,12.26,21.27
9/13/25 20:29,1748,12.26,12.26,21.27
9/13/25 20:30,1749,12.26,12.26,21.27
9/13/25 20:31,1750,12.26,12.26,21.27
9/13/25 20:32,1751,12.26,12.26,21.27
9/13/25 20:33,1752,12.26,12.26,21.28
9/13/25 20:34,1753,12.26,12.26,21.28
9/13/25 20:35,1754,12.26,12.26,21.28
9/13/25 20:36,1755,12.26,12.26,21.28
9/13/25 20:38,1756,12.26,12.26,21.28
9/13/25 20:39,1757,12.26,12.26,21.28
9/13/25 20:40,1758,12.28,12.28,21.28
9/13/25 20:41,1759,12.26,12.26,21.28
9/13/25 20:42,1760,12.26,12.26,21.28
9/13/25 20:43,1761,12.26,12.26,21.28
9/13/25 20:44,1762,12.26,12.26,21.28
9/13/25 20:45,1763,12.26,12.26,21.28
9/13/25 20:46,1764,12.26,12.26,21.29
9/13/25 20:47,1765,12.26,12.26,21.29
9/13/25 20:49,1766,12.26,12.26,21.29
9/13/25 20:50,1767,12.26,12.26,21.29
9/13/25 20:51,1768,12.26,12.26,21.29
9/13/25 20:52,1769,12.26,12.26,21.29
9/13/25 20:53,1770,12.26,12.26,21.29
9/13/25 20:54,1771,12.26,12.26,21.29
9/13/25 20:55,1772,12.26,12.26,21.29
9/13/25 20:56,1773,12.26,12.26,21.29
9/13/25 20:57,1774,12.26,12.26,21.29
9/13/25 20:58,1775,12.26,12.26,21.29
9/13/25 21:00,1776,12.26,12.26,21.29
9/13/25 21:01,1777,12.28,12.28,21.29
9/13/25 21:02,1778,12.25,12.25,21.29
9/13/25 21:03,1779,12.26,12.26,21.29
9/13/25 21:04,1780,12.26,12.26,21.29
9/13/25 21:05,1781,12.26,12.26,21.29
9/13/25 21:06,1782,12.26,12.26,21.29
9/13/25 21:07,1783,12.25,12.25,21.29
9/13/25 21:08,1784,12.25,12.25,21.29
9/13/25 21:09,1785,12.26,12.26,21.29
9/13/25 21:11,1786,12.26,12.26,21.29
9/13/25 21:12,1787,12.26,12.26,21.29
9/13/25 21:13,1788,12.25,12.25,21.29
9/13/25 21:14,1789,12.25,12.25,21.28
9/13/25 21:15,1790,12.25,12.25,21.29
9/13/25 21:16,1791,12.26,12.26,21.29
9/13/25 21:17,1792,12.26,12.26,21.29
9/13/25 21:18,1793,12.25,12.25,21.29
9/13/25 21:19,1794,12.25,12.25,21.29
9/13/25 21:20,1795,12.25,12.25,21.29
9/13/25 21:22,1796,12.26,12.26,21.29
9/13/25 21:23,1797,12.27,12.27,21.29
9/13/25 21:24,1798,12.25,12.25,21.29
9/13/25 21:25,1799,12.25,12.25,21.28
9/13/25 21:26,1800,12.25,12.25,21.28
9/13/25 21:27,1801,12.25,12.25,21.28
9/13/25 21:28,1802,12.25,12.25,21.28
9/13/25 21:29,1803,12.25,12.25,21.28
9/13/25 21:30,1804,12.25,12.25,21.28
9/13/25 21:31,1805,12.25,12.25,21.28
9/13/25 21:33,1806,12.25,12.25,21.28
9/13/25 21:34,1807,12.25,12.25,21.28
9/13/25 21:35,1808,12.25,12.25,21.28
9/13/25 21:36,1809,12.25,12.25,21.28
9/13/25 21:37,1810,12.26,12.26,21.27
9/13/25 21:38,1811,12.26,12.26,21.27
9/13/25 21:39,1812,12.25,12.25,21.28
9/13/25 21:40,1813,12.26,12.26,21.28
9/13/25 21:41,1814,12.25,12.25,21.28
9/13/25 21:42,1815,12.25,12.25,21.28
9/13/25 21:44,1816,12.27,12.27,21.28
9/13/25 21:45,1817,12.26,12.26,21.28
9/13/25 21:46,1818,12.25,12.25,21.28
9/13/25 21:47,1819,12.25,12.25,21.28
9/13/25 21:48,1820,12.25,12.25,21.28
9/13/25 21:49,1821,12.26,12.26,21.28
9/13/25 21:50,1822,12.25,12.25,21.28
9/13/25 21:51,1823,12.25,12.25,21.28
9/13/25 21:52,1824,12.25,12.25,21.28
9/13/25 21:53,1825,12.29,12.29,21.28
9/13/25 21:55,1826,12.25,12.25,21.28
9/13/25 21:56,1827,12.25,12.25,21.28
9/13/25 21:57,1828,12.25,12.25,21.28
9/13/25 21:58,1829,12.25,12.25,21.28
9/13/25 21:59,1830,12.25,12.25,21.28
9/13/25 22:00,1831,12.25,12.25,21.28
9/13/25 22:01,1832,12.25,12.25,21.28
9/13/25 22:02,1833,12.25,12.25,21.28
9/13/25 22:03,1834,12.25,12.25,21.28
9/13/25 22:04,1835,12.27,12.27,21.28
9/13/25 22:06,1836,12.25,12.25,21.28
9/13/25 22:07,1837,12.27,12.27,21.28
9/13/25 22:08,1838,12.25,12.25,21.28
9/13/25 22:09,1839,12.25,12.25,21.28
9/13/25 22:10,1840,12.25,12.25,21.28
9/13/25 22:11,1841,12.25,12.25,21.27
9/13/25 22:12,1842,12.28,12.28,21.27
9/13/25 22:13,1843,12.28,12.28,21.27
9/13/25 22:14,1844,12.24,12.24,21.26
9/13/25 22:15,1845,12.25,12.25,21.26
9/13/25 22:17,1846,12.24,12.24,21.26
9/13/25 22:18,1847,12.25,12.25,21.25
9/13/25 22:19,1848,12.25,12.25,21.25
9/13/25 22:20,1849,12.25,12.25,21.25
9/13/25 22:21,1850,12.25,12.25,21.24
9/13/25 22:22,1851,12.25,12.25,21.24
9/13/25 22:23,1852,12.25,12.25,21.23
9/13/25 22:24,1853,12.25,12.25,21.23
9/13/25 22:25,1854,12.25,12.25,21.23
9/13/25 22:26,1855,12.27,12.27,21.22
9/13/25 22:28,1856,12.25,12.25,21.22
9/13/25 22:29,1857,12.24,12.24,21.21
9/13/25 22:30,1858,12.25,12.25,21.21
9/13/25 22:31,1859,12.24,12.24,21.21
9/13/25 22:32,1860,12.25,12.25,21.21
9/13/25 22:33,1861,12.25,12.25,21.2
9/13/25 22:34,1862,12.24,12.24,21.2
9/13/25 22:35,1863,12.25,12.25,21.2
9/13/25 22:36,1864,12.25,12.25,21.19
9/13/25 22:37,1865,12.24,12.24,21.19
9/13/25 22:39,1866,12.24,12.24,21.19
9/13/25 22:40,1867,12.24,12.24,21.18
9/13/25 22:41,1868,12.24,12.24,21.18
9/13/25 22:42,1869,12.24,12.24,21.18
9/13/25 22:43,1870,12.25,12.25,21.18
9/13/25 22:44,1871,12.25,12.25,21.18
9/13/25 22:45,1872,12.25,12.25,21.17
9/13/25 22:46,1873,12.25,12.25,21.17
9/13/25 22:47,1874,12.27,12.27,21.17
9/13/25 22:48,1875,12.25,12.25,21.17
9/13/25 22:50,1876,12.24,12.24,21.17
9/13/25 22:51,1877,12.25,12.25,21.16
9/13/25 22:52,1878,12.24,12.24,21.16
9/13/25 22:53,1879,12.24,12.24,21.16
9/13/25 22:54,1880,12.24,12.24,21.16
9/13/25 22:55,1881,12.24,12.24,21.16
9/13/25 22:56,1882,12.24,12.24,21.16
9/13/25 22:57,1883,12.24,12.24,21.16
9/13/25 22:58,1884,12.24,12.24,21.15
9/13/25 22:59,1885,12.24,12.24,21.15
9/13/25 23:01,1886,12.25,12.25,21.15
9/13/25 23:02,1887,12.24,12.24,21.15
9/13/25 23:03,1888,12.25,12.25,21.15
9/13/25 23:04,1889,12.24,12.24,21.15
9/13/25 23:05,1890,12.24,12.24,21.15
9/13/25 23:06,1891,12.24,12.24,21.15
9/13/25 23:07,1892,12.24,12.24,21.15
9/13/25 23:08,1893,12.26,12.26,21.15
9/13/25 23:09,1894,12.24,12.24,21.15
9/13/25 23:10,1895,12.24,12.24,21.15
9/13/25 23:12,1896,12.24,12.24,21.15
9/13/25 23:13,1897,12.24,12.24,21.15
9/13/25 23:14,1898,12.24,12.24,21.15
9/13/25 23:15,1899,12.24,12.24,21.15
9/13/25 23:16,1900,12.24,12.24,21.16
9/13/25 23:17,1901,12.24,12.24,21.16
9/13/25 23:18,1902,12.26,12.26,21.16
9/13/25 23:19,1903,12.24,12.24,21.16
9/13/25 23:20,1904,12.24,12.24,21.16
9/13/25 23:21,1905,12.24,12.24,21.16
9/13/25 23:23,1906,12.24,12.24,21.16
9/13/25 23:24,1907,12.24,12.24,21.16
9/13/25 23:25,1908,12.24,12.24,21.16
9/13/25 23:26,1909,12.24,12.24,21.16
9/13/25 23:27,1910,12.24,12.24,21.16
9/13/25 23:28,1911,12.24,12.24,21.16
9/13/25 23:29,1912,12.24,12.24,21.16
9/13/25 23:30,1913,12.24,12.24,21.16
9/13/25 23:31,1914,12.24,12.24,21.16
9/13/25 23:32,1915,12.23,12.23,21.16
9/13/25 23:34,1916,12.24,12.24,21.16
9/13/25 23:35,1917,12.24,12.24,21.16
9/13/25 23:36,1918,12.24,12.24,21.16
9/13/25 23:37,1919,12.24,12.24,21.16
9/13/25 23:38,1920,12.24,12.24,21.16
9/13/25 23:39,1921,12.24,12.24,21.16
9/13/25 23:40,1922,12.24,12.24,21.16
9/13/25 23:41,1923,12.24,12.24,21.16
9/13/25 23:42,1924,12.24,12.24,21.16
9/13/25 23:43,1925,12.24,12.24,21.16
9/13/25 23:45,1926,12.23,12.23,21.16
9/13/25 23:46,1927,12.23,12.23,21.16
9/13/25 23:47,1928,12.24,12.24,21.16
9/13/25 23:48,1929,12.23,12.23,21.17
9/13/25 23:49,1930,12.24,12.24,21.17
9/13/25 23:50,1931,12.24,12.24,21.17
9/13/25 23:51,1932,12.26,12.26,21.17
9/13/25 23:52,1933,12.24,12.24,21.17
9/13/25 23:53,1934,12.24,12.24,21.17
9/13/25 23:54,1935,12.23,12.23,21.17
9/13/25 23:56,1936,12.23,12.23,21.17
9/13/25 23:57,1937,12.23,12.23,21.17
9/13/25 23:58,1938,12.23,12.23,21.17
9/13/25 23:59,1939,12.23,12.23,21.17
9/14/25 0:00,1940,12.23,12.23,21.17
9/14/25 0:01,1941,12.24,12.24,21.17
9/14/25 0:02,1942,12.23,12.23,21.17
9/14/25 0:03,1943,12.24,12.24,21.17
9/14/25 0:04,1944,12.23,12.23,21.17
9/14/25 0:05,1945,12.23,12.23,21.17
9/14/25 0:07,1946,12.24,12.24,21.17
9/14/25 0:08,1947,12.23,12.23,21.17
9/14/25 0:09,1948,12.23,12.23,21.17
9/14/25 0:10,1949,12.23,12.23,21.17
9/14/25 0:11,1950,12.23,12.23,21.17
9/14/25 0:12,1951,12.25,12.25,21.17
9/14/25 0:13,1952,12.23,12.23,21.17
9/14/25 0:14,1953,12.23,12.23,21.17
9/14/25 0:15,1954,12.23,12.23,21.17
9/14/25 0:16,1955,12.23,12.23,21.17
9/14/25 0:18,1956,12.23,12.23,21.17
9/14/25 0:19,1957,12.23,12.23,21.17
9/14/25 0:20,1958,12.23,12.23,21.17
9/14/25 0:21,1959,12.23,12.23,21.17
9/14/25 0:22,1960,12.25,12.25,21.17
9/14/25 0:23,1961,12.23,12.23,21.17
9/14/25 0:24,1962,12.23,12.23,21.17
9/14/25 0:25,1963,12.23,12.23,21.17
9/14/25 0:26,1964,12.23,12.23,21.17
9/14/25 0:27,1965,12.23,12.23,21.17
9/14/25 0:29,1966,12.23,12.23,21.17
9/14/25 0:30,1967,12.23,12.23,21.17
9/14/25 0:31,1968,12.23,12.23,21.17
9/14/25 0:32,1969,12.23,12.23,21.18
9/14/25 0:33,1970,12.23,12.23,21.18
9/14/25 0:34,1971,12.23,12.23,21.18
9/14/25 0:35,1972,12.23,12.23,21.18
9/14/25 0:36,1973,12.23,12.23,21.18
9/14/25 0:37,1974,12.23,12.23,21.18
9/14/25 0:38,1975,12.23,12.23,21.18
9/14/25 0:40,1976,12.23,12.23,21.18
9/14/25 0:41,1977,12.23,12.23,21.18
9/14/25 0:42,1978,12.23,12.23,21.19
9/14/25 0:43,1979,12.23,12.23,21.19
9/14/25 0:44,1980,12.23,12.23,21.19
9/14/25 0:45,1981,12.23,12.23,21.19
9/14/25 0:46,1982,12.23,12.23,21.19
9/14/25 0:47,1983,12.23,12.23,21.19
9/14/25 0:48,1984,12.23,12.23,21.19
9/14/25 0:49,1985,12.23,12.23,21.19
9/14/25 0:51,1986,12.23,12.23,21.19
9/14/25 0:52,1987,12.23,12.23,21.19
9/14/25 0:53,1988,12.23,12.23,21.19
9/14/25 0:54,1989,12.23,12.23,21.18
9/14/25 0:55,1990,12.25,12.25,21.18
9/14/25 0:56,1991,12.22,12.22,21.18
9/14/25 0:57,1992,12.23,12.23,21.18
9/14/25 0:58,1993,12.22,12.22,21.18
9/14/25 0:59,1994,12.22,12.22,21.18
9/14/25 1:00,1995,12.22,12.22,21.18
9/14/25 1:02,1996,12.23,12.23,21.19
9/14/25 1:03,1997,12.23,12.23,21.19
9/14/25 1:04,1998,12.22,12.22,21.19
9/14/25 1:05,1999,12.22,12.22,21.18
9/14/25 1:06,2000,12.22,12.22,21.18
9/14/25 1:07,2001,12.23,12.23,21.18
9/14/25 1:08,2002,12.23,12.23,21.18
9/14/25 1:09,2003,12.22,12.22,21.18
9/14/25 1:10,2004,12.22,12.22,21.19
9/14/25 1:11,2005,12.22,12.22,21.19
9/14/25 1:13,2006,12.22,12.22,21.19
9/14/25 1:14,2007,12.23,12.23,21.19
9/14/25 1:15,2008,12.23,12.23,21.19
9/14/25 1:16,2009,12.25,12.25,21.19
9/14/25 1:17,2010,12.22,12.22,21.19
9/14/25 1:18,2011,12.22,12.22,21.19
9/14/25 1:19,2012,12.23,12.23,21.19
9/14/25 1:20,2013,12.22,12.22,21.19
9/14/25 1:21,2014,12.23,12.23,21.19
9/14/25 1:22,2015,12.22,12.22,21.19
9/14/25 1:24,2016,12.22,12.22,21.2
9/14/25 1:25,2017,12.22,12.22,21.2
9/14/25 1:26,2018,12.22,12.22,21.2
9/14/25 1:27,2019,12.22,12.22,21.2
9/14/25 1:28,2020,12.22,12.22,21.2
9/14/25 1:29,2021,12.23,12.23,21.2
9/14/25 1:30,2022,12.22,12.22,21.2
9/14/25 1:31,2023,12.22,12.22,21.2
9/14/25 1:32,2024,12.22,12.22,21.2
9/14/25 1:33,2025,12.22,12.22,21.2
9/14/25 1:35,2026,12.22,12.22,21.2
9/14/25 1:36,2027,12.22,12.22,21.2
9/14/25 1:37,2028,12.24,12.24,21.2
9/14/25 1:38,2029,12.22,12.22,21.2
9/14/25 1:39,2030,12.22,12.22,21.2
9/14/25 1:40,2031,12.22,12.22,21.2
9/14/25 1:41,2032,12.22,12.22,21.2
9/14/25 1:42,2033,12.22,12.22,21.2
9/14/25 1:43,2034,12.22,12.22,21.2
9/14/25 1:44,2035,12.22,12.22,21.2
9/14/25 1:46,2036,12.22,12.22,21.2
9/14/25 1:47,2037,12.22,12.22,21.2
9/14/25 1:48,2038,12.22,12.22,21.2
9/14/25 1:49,2039,12.22,12.22,21.2
9/14/25 1:50,2040,12.22,12.22,21.2
9/14/25 1:51,2041,12.22,12.22,21.2
9/14/25 1:52,2042,12.28,12.28,21.2
9/14/25 1:53,2043,12.3,12.3,21.2
9/14/25 1:54,2044,12.26,12.26,21.2
9/14/25 1:55,2045,12.22,12.22,21.2
9/14/25 1:57,2046,12.21,12.21,21.2
9/14/25 1:58,2047,12.22,12.22,21.2
9/14/25 1:59,2048,12.24,12.24,21.2
9/14/25 2:00,2049,12.22,12.22,21.2
9/14/25 2:01,2050,12.22,12.22,21.2
9/14/25 2:02,2051,12.22,12.22,21.2
9/14/25 2:03,2052,12.22,12.22,21.21
9/14/25 2:04,2053,12.22,12.22,21.21
9/14/25 2:05,2054,12.22,12.22,21.21
9/14/25 2:06,2055,12.22,12.22,21.21
9/14/25 2:08,2056,12.22,12.22,21.21
9/14/25 2:09,2057,12.22,12.22,21.21
9/14/25 2:10,2058,12.22,12.22,21.21
9/14/25 2:11,2059,12.22,12.22,21.21
9/14/25 2:12,2060,12.23,12.23,21.2
9/14/25 2:13,2061,12.22,12.22,21.2
9/14/25 2:14,2062,12.22,12.22,21.2
9/14/25 2:15,2063,12.22,12.22,21.2
9/14/25 2:16,2064,12.22,12.22,21.2
9/14/25 2:17,2065,12.22,12.22,21.21
9/14/25 2:19,2066,12.22,12.22,21.21
9/14/25 2:20,2067,12.24,12.24,21.21
9/14/25 2:21,2068,12.21,12.21,21.21
9/14/25 2:22,2069,12.21,12.21,21.21
9/14/25 2:23,2070,12.22,12.22,21.21
9/14/25 2:24,2071,12.22,12.22,21.2
9/14/25 2:25,2072,12.21,12.21,21.2
9/14/25 2:26,2073,12.21,12.21,21.2
9/14/25 2:27,2074,12.22,12.22,21.2
9/14/25 2:28,2075,12.21,12.21,21.2
9/14/25 2:30,2076,12.22,12.22,21.2
9/14/25 2:31,2077,12.22,12.22,21.2
9/14/25 2:32,2078,12.22,12.22,21.2
9/14/25 2:33,2079,12.21,12.21,21.21
9/14/25 2:34,2080,12.22,12.22,21.21
9/14/25 2:35,2081,12.21,12.21,21.2
9/14/25 2:36,2082,12.21,12.21,21.2
9/14/25 2:37,2083,12.21,12.21,21.2
9/14/25 2:38,2084,12.21,12.21,21.2
9/14/25 2:39,2085,12.22,12.22,21.2
9/14/25 2:41,2086,12.24,12.24,21.2
9/14/25 2:42,2087,12.21,12.21,21.2
9/14/25 2:43,2088,12.21,12.21,21.2
9/14/25 2:44,2089,12.22,12.22,21.2
9/14/25 2:45,2090,12.22,12.22,21.2
9/14/25 2:46,2091,12.21,12.21,21.2
9/14/25 2:47,2092,12.22,12.22,21.21
9/14/25 2:48,2093,12.22,12.22,21.21
9/14/25 2:49,2094,12.21,12.21,21.21
9/14/25 2:50,2095,12.21,12.21,21.21
9/14/25 2:52,2096,12.21,12.21,21.21
9/14/25 2:53,2097,12.21,12.21,21.21
9/14/25 2:54,2098,12.22,12.22,21.21
9/14/25 2:55,2099,12.21,12.21,21.21
9/14/25 2:56,2100,12.21,12.21,21.21
9/14/25 2:57,2101,12.21,12.21,21.21
9/14/25 2:58,2102,12.21,12.21,21.21
9/14/25 2:59,2103,12.21,12.21,21.21
9/14/25 3:00,2104,12.21,12.21,21.21
9/14/25 3:01,2105,12.21,12.21,21.21
9/14/25 3:03,2106,12.23,12.23,21.21
9/14/25 3:04,2107,12.21,12.21,21.21
9/14/25 3:05,2108,12.21,12.21,21.22
9/14/25 3:06,2109,12.21,12.21,21.22
9/14/25 3:07,2110,12.21,12.21,21.22
9/14/25 3:08,2111,12.22,12.22,21.22
9/14/25 3:09,2112,12.21,12.21,21.22
9/14/25 3:10,2113,12.21,12.21,21.22
9/14/25 3:11,2114,12.21,12.21,21.22
9/14/25 3:12,2115,12.21,12.21,21.22
9/14/25 3:14,2116,12.21,12.21,21.22
9/14/25 3:15,2117,12.21,12.21,21.22
9/14/25 3:16,2118,12.21,12.21,21.22
9/14/25 3:17,2119,12.21,12.21,21.22
9/14/25 3:18,2120,12.21,12.21,21.22
9/14/25 3:19,2121,12.21,12.21,21.22
9/14/25 3:20,2122,12.21,12.21,21.22
9/14/25 3:21,2123,12.21,12.21,21.22
9/14/25 3:22,2124,12.21,12.21,21.22
9/14/25 3:23,2125,12.23,12.23,21.22
9/14/25 3:25,2126,12.21,12.21,21.22
9/14/25 3:26,2127,12.21,12.21,21.22
9/14/25 3:27,2128,12.21,12.21,21.22
9/14/25 3:28,2129,12.21,12.21,21.23
9/14/25 3:29,2130,12.21,12.21,21.23
9/14/25 3:30,2131,12.21,12.21,21.23
9/14/25 3:31,2132,12.2,12.2,21.22
9/14/25 3:32,2133,12.21,12.21,21.22
9/14/25 3:33,2134,12.21,12.21,21.22
9/14/25 3:34,2135,12.21,12.21,21.22
9/14/25 3:36,2136,12.22,12.22,21.22
9/14/25 3:37,2137,12.21,12.21,21.22
9/14/25 3:38,2138,12.21,12.21,21.22
9/14/25 3:39,2139,12.21,12.21,21.22
9/14/25 3:40,2140,12.21,12.21,21.23
9/14/25 3:41,2141,12.22,12.22,21.23
9/14/25 3:42,2142,12.21,12.21,21.23
9/14/25 3:43,2143,12.21,12.21,21.23
9/14/25 3:44,2144,12.23,12.23,21.23
9/14/25 3:45,2145,12.21,12.21,21.23
9/14/25 3:47,2146,12.21,12.21,21.23
9/14/25 3:48,2147,12.21,12.21,21.23
9/14/25 3:49,2148,12.2,12.2,21.23
9/14/25 3:50,2149,12.21,12.21,21.23
9/14/25 3:51,2150,12.2,12.2,21.23
9/14/25 3:52,2151,12.21,12.21,21.23
9/14/25 3:53,2152,12.21,12.21,21.23
9/14/25 3:54,2153,12.26,12.26,21.23
9/14/25 3:55,2154,12.2,12.2,21.23
9/14/25 3:56,2155,12.2,12.2,21.22
9/14/25 3:58,2156,12.2,12.2,21.22
9/14/25 3:59,2157,12.2,12.2,21.22
9/14/25 4:00,2158,12.2,12.2,21.22
9/14/25 4:01,2159,12.2,12.2,21.22
9/14/25 4:02,2160,12.2,12.2,21.22
9/14/25 4:03,2161,12.2,12.2,21.22
9/14/25 4:04,2162,12.2,12.2,21.22
9/14/25 4:05,2163,12.2,12.2,21.23
9/14/25 4:06,2164,12.2,12.2,21.23
9/14/25 4:07,2165,12.2,12.2,21.23
9/14/25 4:09,2166,12.2,12.2,21.23
9/14/25 4:10,2167,12.2,12.2,21.23
9/14/25 4:11,2168,12.2,12.2,21.23
9/14/25 4:12,2169,12.2,12.2,21.23
9/14/25 4:13,2170,12.2,12.2,21.23
9/14/25 4:14,2171,12.2,12.2,21.23
9/14/25 4:15,2172,12.21,12.21,21.23
9/14/25 4:16,2173,12.21,12.21,21.23
9/14/25 4:17,2174,12.2,12.2,21.23
9/14/25 4:18,2175,12.2,12.2,21.23
9/14/25 4:20,2176,12.2,12.2,21.23
9/14/25 4:21,2177,12.2,12.2,21.23
9/14/25 4:22,2178,12.2,12.2,21.23
9/14/25 4:23,2179,12.2,12.2,21.23
9/14/25 4:24,2180,12.2,12.2,21.23
9/14/25 4:25,2181,12.21,12.21,21.23
9/14/25 4:26,2182,12.2,12.2,21.23
9/14/25 4:27,2183,12.22,12.22,21.23
9/14/25 4:28,2184,12.2,12.2,21.23
9/14/25 4:29,2185,12.2,12.2,21.23
9/14/25 4:31,2186,12.2,12.2,21.23
9/14/25 4:32,2187,12.2,12.2,21.23
9/14/25 4:33,2188,12.2,12.2,21.23
9/14/25 4:34,2189,12.2,12.2,21.23
9/14/25 4:35,2190,12.22,12.22,21.23
9/14/25 4:36,2191,12.2,12.2,21.23
9/14/25 4:37,2192,12.2,12.2,21.23
9/14/25 4:38,2193,12.2,12.2,21.23
9/14/25 4:39,2194,12.2,12.2,21.23
9/14/25 4:40,2195,12.2,12.2,21.23
9/14/25 4:42,2196,12.2,12.2,21.23
9/14/25 4:43,2197,12.2,12.2,21.23
9/14/25 4:44,2198,12.2,12.2,21.23
9/14/25 4:45,2199,12.2,12.2,21.23
9/14/25 4:46,2200,12.2,12.2,21.24
9/14/25 4:47,2201,12.21,12.21,21.24
9/14/25 4:48,2202,12.22,12.22,21.24
9/14/25 4:49,2203,12.2,12.2,21.24
9/14/25 4:50,2204,12.19,12.19,21.24
9/14/25 4:51,2205,12.2,12.2,21.24
9/14/25 4:53,2206,12.2,12.2,21.24
9/14/25 4:54,2207,12.19,12.19,21.24
9/14/25 4:55,2208,12.2,12.2,21.24
9/14/25 4:56,2209,12.2,12.2,21.24
9/14/25 4:57,2210,12.19,12.19,21.24
9/14/25 4:58,2211,12.25,12.25,21.24
9/14/25 4:59,2212,12.19,12.19,21.24
9/14/25 5:00,2213,12.2,12.2,21.24
9/14/25 5:01,2214,12.2,12.2,21.24
9/14/25 5:02,2215,12.2,12.2,21.24
9/14/25 5:04,2216,12.2,12.2,21.24
9/14/25 5:05,2217,12.19,12.19,21.24
9/14/25 5:06,2218,12.2,12.2,21.24
9/14/25 5:07,2219,12.19,12.19,21.24
9/14/25 5:08,2220,12.19,12.19,21.24
9/14/25 5:09,2221,12.2,12.2,21.24
9/14/25 5:10,2222,12.19,12.19,21.25
9/14/25 5:11,2223,12.2,12.2,21.25
9/14/25 5:12,2224,12.19,12.19,21.25
9/14/25 5:13,2225,12.19,12.19,21.25
9/14/25 5:15,2226,12.19,12.19,21.25
9/14/25 5:16,2227,12.19,12.19,21.25
9/14/25 5:17,2228,12.19,12.19,21.25
9/14/25 5:18,2229,12.19,12.19,21.25
9/14/25 5:19,2230,12.2,12.2,21.26
9/14/25 5:20,2231,12.19,12.19,21.26
9/14/25 5:21,2232,12.19,12.19,21.26
9/14/25 5:22,2233,12.19,12.19,21.26
9/14/25 5:23,2234,12.19,12.19,21.26
9/14/25 5:24,2235,12.19,12.19,21.27
9/14/25 5:26,2236,12.19,12.19,21.27
9/14/25 5:27,2237,12.19,12.19,21.27
9/14/25 5:28,2238,12.19,12.19,21.27
9/14/25 5:29,2239,12.19,12.19,21.28
9/14/25 5:30,2240,12.19,12.19,21.28
9/14/25 5:31,2241,12.21,12.21,21.28
9/14/25 5:32,2242,12.19,12.19,21.28
9/14/25 5:33,2243,12.21,12.21,21.29
9/14/25 5:34,2244,12.23,12.23,21.29
9/14/25 5:35,2245,12.23,12.23,21.29
9/14/25 5:37,2246,12.27,12.27,21.29
9/14/25 5:38,2247,12.22,12.22,21.3
9/14/25 5:39,2248,12.19,12.19,21.3
9/14/25 5:40,2249,12.18,12.18,21.3
9/14/25 5:41,2250,12.19,12.19,21.3
9/14/25 5:42,2251,12.19,12.19,21.3
9/14/25 5:43,2252,12.19,12.19,21.3
9/14/25 5:44,2253,12.19,12.19,21.3
9/14/25 5:45,2254,12.19,12.19,21.3
9/14/25 5:46,2255,12.19,12.19,21.3
9/14/25 5:48,2256,12.19,12.19,21.3
9/14/25 5:49,2257,12.19,12.19,21.3
9/14/25 5:50,2258,12.19,12.19,21.3
9/14/25 5:51,2259,12.19,12.19,21.3
9/14/25 5:52,2260,12.21,12.21,21.3
9/14/25 5:53,2261,12.19,12.19,21.3
9/14/25 5:54,2262,12.19,12.19,21.3
9/14/25 5:55,2263,12.19,12.19,21.3
9/14/25 5:56,2264,12.19,12.19,21.3
9/14/25 5:57,2265,12.19,12.19,21.3
9/14/25 5:59,2266,12.19,12.19,21.3
9/14/25 6:00,2267,12.19,12.19,21.3
9/14/25 6:01,2268,12.19,12.19,21.31
9/14/25 6:02,2269,12.19,12.19,21.31
9/14/25 6:03,2270,12.19,12.19,21.31
9/14/25 6:04,2271,12.19,12.19,21.31
9/14/25 6:05,2272,12.19,12.19,21.32
9/14/25 6:06,2273,12.19,12.19,21.32
9/14/25 6:07,2274,12.19,12.19,21.32
9/14/25 6:08,2275,12.19,12.19,21.32
9/14/25 6:10,2276,12.19,12.19,21.32
9/14/25 6:11,2277,12.19,12.19,21.32
9/14/25 6:12,2278,12.19,12.19,21.32
9/14/25 6:13,2279,12.21,12.21,21.32
9/14/25 6:14,2280,12.19,12.19,21.32
9/14/25 6:15,2281,12.19,12.19,21.32
9/14/25 6:16,2282,12.19,12.19,21.33
9/14/25 6:17,2283,12.18,12.18,21.33
9/14/25 6:18,2284,12.19,12.19,21.33
9/14/25 6:19,2285,12.19,12.19,21.33
9/14/25 6:21,2286,12.19,12.19,21.33
9/14/25 6:22,2287,12.18,12.18,21.34
9/14/25 6:23,2288,12.19,12.19,21.34
9/14/25 6:24,2289,12.19,12.19,21.34
9/14/25 6:25,2290,12.18,12.18,21.34
9/14/25 6:26,2291,12.19,12.19,21.34
9/14/25 6:27,2292,12.18,12.18,21.34
9/14/25 6:28,2293,12.19,12.19,21.35
9/14/25 6:29,2294,12.18,12.18,21.35
9/14/25 6:30,2295,12.18,12.18,21.35
9/14/25 6:32,2296,12.18,12.18,21.35
9/14/25 6:33,2297,12.18,12.18,21.35
9/14/25 6:34,2298,12.19,12.19,21.35
9/14/25 6:35,2299,12.2,12.2,21.35
9/14/25 6:36,2300,12.18,12.18,21.36
9/14/25 6:37,2301,12.18,12.18,21.36
9/14/25 6:38,2302,12.18,12.18,21.36
9/14/25 6:39,2303,12.19,12.19,21.36
9/14/25 6:40,2304,12.18,12.18,21.36
9/14/25 6:41,2305,12.18,12.18,21.36
9/14/25 6:43,2306,12.18,12.18,21.36
9/14/25 6:44,2307,12.18,12.18,21.36
9/14/25 6:45,2308,12.18,12.18,21.36
9/14/25 6:46,2309,12.18,12.18,21.36
9/14/25 6:47,2310,12.18,12.18,21.36
9/14/25 6:48,2311,12.18,12.18,21.36
9/14/25 6:49,2312,12.18,12.18,21.36
9/14/25 6:50,2313,12.18,12.18,21.37
9/14/25 6:51,2314,12.18,12.18,21.37
9/14/25 6:52,2315,12.18,12.18,21.37
9/14/25 6:54,2316,12.18,12.18,21.37
9/14/25 6:55,2317,12.18,12.18,21.37
9/14/25 6:56,2318,12.2,12.2,21.37
9/14/25 6:57,2319,12.18,12.18,21.37
9/14/25 6:58,2320,12.18,12.18,21.38
9/14/25 6:59,2321,12.18,12.18,21.38
9/14/25 7:00,2322,12.18,12.18,21.37
9/14/25 7:01,2323,12.18,12.18,21.37
9/14/25 7:02,2324,12.18,12.18,21.37
9/14/25 7:03,2325,12.18,12.18,21.37
9/14/25 7:05,2326,12.18,12.18,21.37
9/14/25 7:06,2327,12.19,12.19,21.37
9/14/25 7:07,2328,12.18,12.18,21.37
9/14/25 7:08,2329,12.18,12.18,21.37
9/14/25 7:09,2330,12.18,12.18,21.37
9/14/25 7:10,2331,12.19,12.19,21.38
9/14/25 7:11,2332,12.18,12.18,21.38
9/14/25 7:12,2333,12.18,12.18,21.38
9/14/25 7:13,2334,12.18,12.18,21.38
9/14/25 7:14,2335,12.18,12.18,21.38
9/14/25 7:16,2336,12.18,12.18,21.38
9/14/25 7:17,2337,12.2,12.2,21.38
9/14/25 7:18,2338,12.18,12.18,21.38
9/14/25 7:19,2339,12.18,12.18,21.38
9/14/25 7:20,2340,12.18,12.18,21.37
9/14/25 7:21,2341,12.18,12.18,21.37
9/14/25 7:22,2342,12.18,12.18,21.37
9/14/25 7:23,2343,12.18,12.18,21.37
9/14/25 7:24,2344,12.17,12.17,21.37
9/14/25 7:25,2345,12.18,12.18,21.37
9/14/25 7:27,2346,12.18,12.18,21.37
9/14/25 7:28,2347,12.18,12.18,21.37
9/14/25 7:29,2348,12.18,12.18,21.37
9/14/25 7:30,2349,12.18,12.18,21.37
9/14/25 7:31,2350,12.18,12.18,21.37
9/14/25 7:32,2351,12.18,12.18,21.37
9/14/25 7:33,2352,12.18,12.18,21.37
9/14/25 7:34,2353,12.18,12.18,21.37
9/14/25 7:35,2354,12.18,12.18,21.37
9/14/25 7:36,2355,12.18,12.18,21.37
9/14/25 7:38,2356,12.18,12.18,21.37
9/14/25 7:39,2357,12.2,12.2,21.37
9/14/25 7:40,2358,12.19,12.19,21.37
9/14/25 7:41,2359,12.17,12.17,21.37
9/14/25 7:42,2360,12.17,12.17,21.37
9/14/25 7:43,2361,12.18,12.18,21.36
9/14/25 7:44,2362,12.17,12.17,21.36
9/14/25 7:45,2363,12.17,12.17,21.36
9/14/25 7:46,2364,12.17,12.17,21.36
9/14/25 7:47,2365,12.17,12.17,21.37
9/14/25 7:49,2366,12.17,12.17,21.37
9/14/25 7:50,2367,12.17,12.17,21.37
9/14/25 7:51,2368,12.17,12.17,21.37
9/14/25 7:52,2369,12.17,12.17,21.37
9/14/25 7:53,2370,12.17,12.17,21.37
9/14/25 7:54,2371,12.18,12.18,21.37
9/14/25 7:55,2372,12.17,12.17,21.37
9/14/25 7:56,2373,12.18,12.18,21.37
9/14/25 7:57,2374,12.17,12.17,21.37
9/14/25 7:58,2375,12.17,12.17,21.38
9/14/25 8:00,2376,12.2,12.2,21.38
9/14/25 8:01,2377,12.17,12.17,21.38
9/14/25 8:02,2378,12.17,12.17,21.38
9/14/25 8:03,2379,12.17,12.17,21.38
9/14/25 8:04,2380,12.17,12.17,21.38
9/14/25 8:05,2381,12.17,12.17,21.38
9/14/25 8:06,2382,12.17,12.17,21.38
9/14/25 8:07,2383,12.17,12.17,21.38
9/14/25 8:08,2384,12.17,12.17,21.38
9/14/25 8:09,2385,12.18,12.18,21.37
9/14/25 8:11,2386,12.18,12.18,21.37
9/14/25 8:12,2387,12.17,12.17,21.37
9/14/25 8:13,2388,12.17,12.17,21.37
9/14/25 8:14,2389,12.17,12.17,21.37
9/14/25 8:15,2390,12.17,12.17,21.37
9/14/25 8:16,2391,12.18,12.18,21.37
9/14/25 8:17,2392,12.17,12.17,21.37
9/14/25 8:18,2393,12.17,12.17,21.37
9/14/25 8:19,2394,12.17,12.17,21.37
9/14/25 8:20,2395,12.19,12.19,21.36
9/14/25 8:22,2396,12.17,12.17,21.36
9/14/25 8:23,2397,12.17,12.17,21.36
9/14/25 8:24,2398,12.17,12.17,21.36
9/14/25 8:25,2399,12.17,12.17,21.36
9/14/25 8:26,2400,12.17,12.17,21.36
9/14/25 8:27,2401,12.17,12.17,21.36
9/14/25 8:28,2402,12.17,12.17,21.36
9/14/25 8:29,2403,12.17,12.17,21.36
9/14/25 8:30,2404,12.17,12.17,21.36
9/14/25 8:31,2405,12.17,12.17,21.36
9/14/25 8:33,2406,12.17,12.17,21.36
9/14/25 8:34,2407,12.17,12.17,21.36
9/14/25 8:35,2408,12.17,12.17,21.36
9/14/25 8:36,2409,12.17,12.17,21.36
9/14/25 8:37,2410,12.17,12.17,21.36
9/14/25 8:38,2411,12.17,12.17,21.36
9/14/25 8:39,2412,12.17,12.17,21.36
9/14/25 8:40,2413,12.17,12.17,21.36
9/14/25 8:41,2414,12.17,12.17,21.36
9/14/25 8:42,2415,12.17,12.17,21.36
9/14/25 8:44,2416,12.17,12.17,21.36
9/14/25 8:45,2417,12.17,12.17,21.36
9/14/25 8:46,2418,12.17,12.17,21.36
9/14/25 8:47,2419,12.17,12.17,21.36
9/14/25 8:48,2420,12.17,12.17,21.35
9/14/25 8:49,2421,12.17,12.17,21.35
9/14/25 8:50,2422,12.17,12.17,21.35
9/14/25 8:51,2423,12.17,12.17,21.35
9/14/25 8:52,2424,12.17,12.17,21.35
9/14/25 8:53,2425,12.17,12.17,21.35
9/14/25 8:55,2426,12.16,12.16,21.35
9/14/25 8:56,2427,12.17,12.17,21.35
9/14/25 8:57,2428,12.17,12.17,21.35
9/14/25 8:58,2429,12.17,12.17,21.36
9/14/25 8:59,2430,12.17,12.17,21.36
9/14/25 9:00,2431,12.17,12.17,21.36
9/14/25 9:01,2432,12.17,12.17,21.36
9/14/25 9:02,2433,12.17,12.17,21.36
9/14/25 9:03,2434,12.19,12.19,21.35
9/14/25 9:04,2435,12.16,12.16,21.35
9/14/25 9:06,2436,12.16,12.16,21.35
9/14/25 9:07,2437,12.16,12.16,21.35
9/14/25 9:08,2438,12.17,12.17,21.35
9/14/25 9:09,2439,12.16,12.16,21.35
9/14/25 9:10,2440,12.16,12.16,21.35
9/14/25 9:11,2441,12.17,12.17,21.35
9/14/25 9:12,2442,12.16,12.16,21.35
9/14/25 9:13,2443,12.17,12.17,21.35
9/14/25 9:14,2444,12.16,12.16,21.35
9/14/25 9:15,2445,12.18,12.18,21.35
9/14/25 9:17,2446,12.16,12.16,21.35
9/14/25 9:18,2447,12.17,12.17,21.35
9/14/25 9:19,2448,12.26,12.26,21.35
9/14/25 9:20,2449,12.18,12.18,21.35
9/14/25 9:21,2450,12.17,12.17,21.35
9/14/25 9:22,2451,12.17,12.17,21.35
9/14/25 9:23,2452,12.24,12.24,21.35
9/14/25 9:24,2453,12.18,12.18,21.35
9/14/25 9:25,2454,12.19,12.19,21.35
9/14/25 9:26,2455,12.16,12.16,21.35
9/14/25 9:28,2456,12.16,12.16,21.35
9/14/25 9:29,2457,12.16,12.16,21.35
9/14/25 9:30,2458,12.16,12.16,21.35
9/14/25 9:31,2459,12.16,12.16,21.35
9/14/25 9:32,2460,12.16,12.16,21.35
9/14/25 9:33,2461,12.17,12.17,21.35
9/14/25 9:34,2462,12.2,12.2,21.35
9/14/25 9:35,2463,12.16,12.16,21.35
9/14/25 9:36,2464,12.16,12.16,21.35
9/14/25 9:37,2465,12.16,12.16,21.34
9/14/25 9:39,2466,12.16,12.16,21.34
9/14/25 9:40,2467,12.16,12.16,21.34
9/14/25 9:41,2468,12.16,12.16,21.34
9/14/25 9:42,2469,12.16,12.16,21.34
9/14/25 9:43,2470,12.16,12.16,21.34
9/14/25 9:44,2471,12.16,12.16,21.34
9/14/25 9:45,2472,12.16,12.16,21.34
9/14/25 9:46,2473,12.16,12.16,21.34
9/14/25 9:47,2474,12.16,12.16,21.34
9/14/25 9:48,2475,12.16,12.16,21.34
9/14/25 9:50,2476,12.16,12.16,21.34
9/14/25 9:51,2477,12.16,12.16,21.34
9/14/25 9:52,2478,12.16,12.16,21.34
9/14/25 9:53,2479,12.16,12.16,21.34
9/14/25 9:54,2480,12.16,12.16,21.33
9/14/25 9:55,2481,12.16,12.16,21.33
9/14/25 9:56,2482,12.16,12.16,21.33
9/14/25 9:57,2483,12.16,12.16,21.33
9/14/25 9:58,2484,12.16,12.16,21.33
9/14/25 9:59,2485,12.16,12.16,21.33
9/14/25 10:01,2486,12.16,12.16,21.33
9/14/25 10:02,2487,12.16,12.16,21.33
9/14/25 10:03,2488,12.16,12.16,21.33
9/14/25 10:04,2489,12.16,12.16,21.33
9/14/25 10:05,2490,12.16,12.16,21.33
9/14/25 10:06,2491,12.16,12.16,21.33
9/14/25 10:07,2492,12.18,12.18,21.33
9/14/25 10:08,2493,12.16,12.16,21.33
9/14/25 10:09,2494,12.15,12.15,21.34
9/14/25 10:10,2495,12.16,12.16,21.33
9/14/25 10:12,2496,12.16,12.16,21.33
9/14/25 10:13,2497,12.15,12.15,21.33
9/14/25 10:14,2498,12.16,12.16,21.33
9/14/25 10:15,2499,12.16,12.16,21.33
9/14/25 10:16,2500,12.16,12.16,21.33
9/14/25 10:17,2501,12.16,12.16,21.33
9/14/25 10:18,2502,12.16,12.16,21.33
9/14/25 10:19,2503,12.15,12.15,21.32
9/14/25 10:20,2504,12.15,12.15,21.32
9/14/25 10:21,2505,12.15,12.15,21.32
9/14/25 10:23,2506,12.15,12.15,21.32
9/14/25 10:24,2507,12.15,12.15,21.32
9/14/25 10:25,2508,12.16,12.16,21.32
9/14/25 10:26,2509,12.15,12.15,21.32
9/14/25 10:27,2510,12.15,12.15,21.32
9/14/25 10:28,2511,12.18,12.18,21.32
9/14/25 10:29,2512,12.16,12.16,21.32
9/14/25 10:30,2513,12.15,12.15,21.32
9/14/25 10:31,2514,12.15,12.15,21.32
9/14/25 10:32,2515,12.15,12.15,21.32
9/14/25 10:34,2516,12.15,12.15,21.32
9/14/25 10:35,2517,12.15,12.15,21.32
9/14/25 10:36,2518,12.16,12.16,21.32
9/14/25 10:37,2519,12.15,12.15,21.32
9/14/25 10:38,2520,12.15,12.15,21.32
9/14/25 10:39,2521,12.16,12.16,21.32
9/14/25 10:40,2522,12.15,12.15,21.32
9/14/25 10:41,2523,12.15,12.15,21.32
9/14/25 10:42,2524,12.16,12.16,21.32
9/14/25 10:43,2525,12.15,12.15,21.33
9/14/25 10:45,2526,12.16,12.16,21.33
9/14/25 10:46,2527,12.15,12.15,21.33
9/14/25 10:47,2528,12.15,12.15,21.33
9/14/25 10:48,2529,12.15,12.15,21.33
9/14/25 10:49,2530,12.17,12.17,21.32
9/14/25 10:50,2531,12.15,12.15,21.32
9/14/25 10:51,2532,12.15,12.15,21.32
9/14/25 10:52,2533,12.15,12.15,21.32
9/14/25 10:53,2534,12.15,12.15,21.32
9/14/25 10:54,2535,12.15,12.15,21.33
9/14/25 10:56,2536,12.15,12.15,21.33
9/14/25 10:57,2537,12.15,12.15,21.33
9/14/25 10:58,2538,12.15,12.15,21.33
9/14/25 10:59,2539,12.15,12.15,21.33
9/14/25 11:00,2540,12.15,12.15,21.33
9/14/25 11:01,2541,12.15,12.15,21.33
9/14/25 11:02,2542,12.15,12.15,21.33
9/14/25 11:03,2543,12.15,12.15,21.33
9/14/25 11:04,2544,12.15,12.15,21.33
9/14/25 11:05,2545,12.15,12.15,21.33
9/14/25 11:07,2546,12.15,12.15,21.33
9/14/25 11:08,2547,12.15,12.15,21.33
9/14/25 11:09,2548,12.15,12.15,21.32
9/14/25 11:10,2549,12.15,12.15,21.33
9/14/25 11:11,2550,12.17,12.17,21.33
9/14/25 11:12,2551,12.15,12.15,21.33
9/14/25 11:13,2552,12.15,12.15,21.33
9/14/25 11:14,2553,12.15,12.15,21.33
9/14/25 11:15,2554,12.16,12.16,21.33
9/14/25 11:16,2555,12.15,12.15,21.33
9/14/25 11:18,2556,12.15,12.15,21.33
9/14/25 11:19,2557,12.15,12.15,21.33
9/14/25 11:20,2558,12.15,12.15,21.32
9/14/25 11:21,2559,12.15,12.15,21.32
9/14/25 11:22,2560,12.14,12.14,21.32
9/14/25 11:23,2561,12.15,12.15,21.32
9/14/25 11:24,2562,12.15,12.15,21.32
9/14/25 11:25,2563,12.15,12.15,21.32
9/14/25 11:26,2564,12.15,12.15,21.32
9/14/25 11:27,2565,12.15,12.15,21.32
9/14/25 11:29,2566,12.15,12.15,21.32
9/14/25 11:30,2567,12.15,12.15,21.32
9/14/25 11:31,2568,12.15,12.15,21.32
9/14/25 11:32,2569,12.17,12.17,21.32
9/14/25 11:33,2570,12.15,12.15,21.32
9/14/25 11:34,2571,12.14,12.14,21.32
9/14/25 11:35,2572,12.15,12.15,21.32
9/14/25 11:36,2573,12.14,12.14,21.32
9/14/25 11:37,2574,12.14,12.14,21.32
9/14/25 11:38,2575,12.14,12.14,21.32
9/14/25 11:40,2576,12.15,12.15,21.32
9/14/25 11:41,2577,12.15,12.15,21.32
9/14/25 11:42,2578,12.15,12.15,21.32
9/14/25 11:43,2579,12.14,12.14,21.32
9/14/25 11:44,2580,12.14,12.14,21.32
9/14/25 11:45,2581,12.15,12.15,21.32
9/14/25 11:46,2582,12.14,12.14,21.32
9/14/25 11:47,2583,12.14,12.14,21.32
9/14/25 11:48,2584,12.15,12.15,21.32
9/14/25 11:49,2585,12.14,12.14,21.32
9/14/25 11:51,2586,12.14,12.14,21.32
9/14/25 11:52,2587,12.14,12.14,21.32
9/14/25 11:53,2588,12.16,12.16,21.32
9/14/25 11:54,2589,12.14,12.14,21.33
9/14/25 11:55,2590,12.15,12.15,21.33
9/14/25 11:56,2591,12.14,12.14,21.33
9/14/25 11:57,2592,12.14,12.14,21.32
9/14/25 11:58,2593,12.14,12.14,21.32
9/14/25 11:59,2594,12.14,12.14,21.32
9/14/25 12:00,2595,12.14,12.14,21.32
9/14/25 12:02,2596,12.14,12.14,21.32
9/14/25 12:03,2597,12.14,12.14,21.32
9/14/25 12:04,2598,12.14,12.14,21.32
9/14/25 12:05,2599,12.14,12.14,21.32
9/14/25 12:06,2600,12.14,12.14,21.32
9/14/25 12:07,2601,12.14,12.14,21.32
9/14/25 12:08,2602,12.14,12.14,21.32
9/14/25 12:09,2603,12.14,12.14,21.32
9/14/25 12:10,2604,12.14,12.14,21.32
9/14/25 12:11,2605,12.14,12.14,21.31
9/14/25 12:13,2606,12.14,12.14,21.31
9/14/25 12:14,2607,12.14,12.14,21.31
9/14/25 12:15,2608,12.16,12.16,21.31
9/14/25 12:16,2609,12.15,12.15,21.31
9/14/25 12:17,2610,12.14,12.14,21.31
9/14/25 12:18,2611,12.14,12.14,21.31
9/14/25 12:19,2612,12.14,12.14,21.31
9/14/25 12:20,2613,12.14,12.14,21.31
9/14/25 12:21,2614,12.14,12.14,21.31
9/14/25 12:22,2615,12.14,12.14,21.31
9/14/25 12:24,2616,12.14,12.14,21.3
9/14/25 12:25,2617,12.14,12.14,21.3
9/14/25 12:26,2618,12.14,12.14,21.3
9/14/25 12:27,2619,12.14,12.14,21.3
9/14/25 12:28,2620,12.14,12.14,21.3
9/14/25 12:29,2621,12.14,12.14,21.3
9/14/25 12:30,2622,12.14,12.14,21.29
9/14/25 12:31,2623,12.14,12.14,21.29
9/14/25 12:32,2624,12.15,12.15,21.29
9/14/25 12:33,2625,12.14,12.14,21.29
9/14/25 12:35,2626,12.14,12.14,21.29
9/14/25 12:36,2627,12.16,12.16,21.29
9/14/25 12:37,2628,12.14,12.14,21.29
9/14/25 12:38,2629,12.13,12.13,21.29
9/14/25 12:39,2630,12.14,12.14,21.29
9/14/25 12:40,2631,12.14,12.14,21.29
9/14/25 12:41,2632,12.14,12.14,21.29
9/14/25 12:42,2633,12.14,12.14,21.29
9/14/25 12:43,2634,12.14,12.14,21.29
9/14/25 12:44,2635,12.13,12.13,21.29
9/14/25 12:46,2636,12.13,12.13,21.29
9/14/25 12:47,2637,12.14,12.14,21.29
9/14/25 12:48,2638,12.14,12.14,21.29
9/14/25 12:49,2639,12.14,12.14,21.29
9/14/25 12:50,2640,12.14,12.14,21.29
9/14/25 12:51,2641,12.14,12.14,21.28
9/14/25 12:52,2642,12.13,12.13,21.28
9/14/25 12:53,2643,12.14,12.14,21.28
9/14/25 12:54,2644,12.13,12.13,21.28
9/14/25 12:55,2645,12.14,12.14,21.28
9/14/25 12:57,2646,12.16,12.16,21.28
9/14/25 12:58,2647,12.13,12.13,21.28
9/14/25 12:59,2648,12.13,12.13,21.28
9/14/25 13:00,2649,12.13,12.13,21.28
9/14/25 13:01,2650,12.13,12.13,21.28
9/14/25 13:02,2651,12.13,12.13,21.28
9/14/25 13:03,2652,12.13,12.13,21.28
9/14/25 13:04,2653,12.14,12.14,21.28
9/14/25 13:05,2654,12.13,12.13,21.28
9/14/25 13:06,2655,12.13,12.13,21.28
9/14/25 13:08,2656,12.18,12.18,21.28
9/14/25 13:09,2657,12.14,12.14,21.28
9/14/25 13:10,2658,12.21,12.21,21.28
9/14/25 13:11,2659,12.25,12.25,21.28
9/14/25 13:12,2660,12.16,12.16,21.28
9/14/25 13:13,2661,12.13,12.13,21.28
9/14/25 13:14,2662,12.13,12.13,21.28
9/14/25 13:15,2663,12.13,12.13,21.28
9/14/25 13:16,2664,12.13,12.13,21.28
9/14/25 13:17,2665,12.13,12.13,21.27
9/14/25 13:19,2666,12.13,12.13,21.27
9/14/25 13:20,2667,12.13,12.13,21.27
9/14/25 13:21,2668,12.13,12.13,21.27
9/14/25 13:22,2669,12.13,12.13,21.27
9/14/25 13:23,2670,12.13,12.13,21.27
9/14/25 13:24,2671,12.13,12.13,21.27
9/14/25 13:25,2672,12.13,12.13,21.27
9/14/25 13:26,2673,12.13,12.13,21.27
9/14/25 13:27,2674,12.13,12.13,21.27
9/14/25 13:28,2675,12.13,12.13,21.28
9/14/25 13:30,2676,12.13,12.13,21.28
9/14/25 13:31,2677,12.13,12.13,21.28
9/14/25 13:32,2678,12.13,12.13,21.28
9/14/25 13:33,2679,12.13,12.13,21.28
9/14/25 13:34,2680,12.13,12.13,21.29
9/14/25 13:35,2681,12.14,12.14,21.29
9/14/25 13:36,2682,12.13,12.13,21.29
9/14/25 13:37,2683,12.13,12.13,21.29
9/14/25 13:38,2684,12.14,12.14,21.29
9/14/25 13:39,2685,12.15,12.15,21.29
9/14/25 13:41,2686,12.13,12.13,21.29
9/14/25 13:42,2687,12.13,12.13,21.29
9/14/25 13:43,2688,12.13,12.13,21.29
9/14/25 13:44,2689,12.13,12.13,21.29
9/14/25 13:45,2690,12.13,12.13,21.29
9/14/25 13:46,2691,12.13,12.13,21.29
9/14/25 13:47,2692,12.13,12.13,21.29
9/14/25 13:48,2693,12.13,12.13,21.29
9/14/25 13:49,2694,12.13,12.13,21.29
9/14/25 13:50,2695,12.13,12.13,21.29
9/14/25 13:52,2696,12.13,12.13,21.29
9/14/25 13:53,2697,12.13,12.13,21.29
9/14/25 13:54,2698,12.13,12.13,21.29
9/14/25 13:55,2699,12.13,12.13,21.29
9/14/25 13:56,2700,12.13,12.13,21.29
9/14/25 13:57,2701,12.13,12.13,21.29
9/14/25 13:58,2702,12.13,12.13,21.29
9/14/25 13:59,2703,12.12,12.12,21.29
9/14/25 14:00,2704,12.15,12.15,21.29
9/14/25 14:01,2705,12.13,12.13,21.29
9/14/25 14:03,2706,12.13,12.13,21.29
9/14/25 14:04,2707,12.13,12.13,21.29
9/14/25 14:05,2708,12.13,12.13,21.29
9/14/25 14:06,2709,12.13,12.13,21.3
9/14/25 14:07,2710,12.12,12.12,21.3
9/14/25 14:08,2711,12.13,12.13,21.3
9/14/25 14:09,2712,12.12,12.12,21.3
9/14/25 14:10,2713,12.16,12.16,21.3
9/14/25 14:11,2714,12.12,12.12,21.31
9/14/25 14:12,2715,12.13,12.13,21.31
9/14/25 14:14,2716,12.12,12.12,21.31
9/14/25 14:15,2717,12.13,12.13,21.31
9/14/25 14:16,2718,12.12,12.12,21.31
9/14/25 14:17,2719,12.12,12.12,21.31
9/14/25 14:18,2720,12.12,12.12,21.31
9/14/25 14:19,2721,12.12,12.12,21.31
9/14/25 14:20,2722,12.12,12.12,21.31
9/14/25 14:21,2723,12.12,12.12,21.31
9/14/25 14:22,2724,12.12,12.12,21.31
9/14/25 14:23,2725,12.12,12.12,21.32
9/14/25 14:25,2726,12.12,12.12,21.32
9/14/25 14:26,2727,12.12,12.12,21.32
9/14/25 14:27,2728,12.12,12.12,21.32
9/14/25 14:28,2729,12.12,12.12,21.32
9/14/25 14:29,2730,12.12,12.12,21.32
9/14/25 14:30,2731,12.12,12.12,21.32
9/14/25 14:31,2732,12.12,12.12,21.32
9/14/25 14:32,2733,12.12,12.12,21.32
9/14/25 14:33,2734,12.12,12.12,21.32
9/14/25 14:34,2735,12.13,12.13,21.32
9/14/25 14:36,2736,12.12,12.12,21.32
9/14/25 14:37,2737,12.12,12.12,21.32
9/14/25 14:38,2738,12.12,12.12,21.33
9/14/25 14:39,2739,12.12,12.12,21.33
9/14/25 14:40,2740,12.12,12.12,21.33
9/14/25 14:41,2741,12.13,12.13,21.33
9/14/25 14:42,2742,12.12,12.12,21.34
9/14/25 14:43,2743,12.14,12.14,21.34
9/14/25 14:44,2744,12.12,12.12,21.34
9/14/25 14:45,2745,12.12,12.12,21.34
9/14/25 14:47,2746,12.12,12.12,21.34
9/14/25 14:48,2747,12.12,12.12,21.34
9/14/25 14:49,2748,12.12,12.12,21.34
9/14/25 14:50,2749,12.12,12.12,21.34
9/14/25 14:51,2750,12.12,12.12,21.34
9/14/25 14:52,2751,12.12,12.12,21.34
9/14/25 14:53,2752,12.12,12.12,21.34
9/14/25 14:54,2753,12.12,12.12,21.34
9/14/25 14:55,2754,12.12,12.12,21.34
9/14/25 14:56,2755,12.12,12.12,21.34
9/14/25 14:58,2756,12.12,12.12,21.34
9/14/25 14:59,2757,12.12,12.12,21.34
9/14/25 15:00,2758,12.12,12.12,21.35
9/14/25 15:01,2759,12.12,12.12,21.35
9/14/25 15:02,2760,12.12,12.12,21.35
9/14/25 15:03,2761,12.13,12.13,21.35
9/14/25 15:04,2762,12.14,12.14,21.35
9/14/25 15:05,2763,12.12,12.12,21.35
9/14/25 15:06,2764,12.12,12.12,21.35
9/14/25 15:07,2765,12.12,12.12,21.35
9/14/25 15:09,2766,12.12,12.12,21.35
9/14/25 15:10,2767,12.11,12.11,21.35
9/14/25 15:11,2768,12.12,12.12,21.35
9/14/25 15:12,2769,12.12,12.12,21.35
9/14/25 15:13,2770,12.12,12.12,21.35
9/14/25 15:14,2771,12.13,12.13,21.35
9/14/25 15:15,2772,12.12,12.12,21.35
9/14/25 15:16,2773,12.12,12.12,21.35
9/14/25 15:17,2774,12.12,12.12,21.35
9/14/25 15:18,2775,12.12,12.12,21.35
9/14/25 15:20,2776,12.11,12.11,21.35
9/14/25 15:21,2777,12.12,12.12,21.35
9/14/25 15:22,2778,12.12,12.12,21.35
9/14/25 15:23,2779,12.11,12.11,21.35
9/14/25 15:24,2780,12.11,12.11,21.35
9/14/25 15:25,2781,12.14,12.14,21.35
9/14/25 15:26,2782,12.11,12.11,21.35
9/14/25 15:27,2783,12.11,12.11,21.35
9/14/25 15:28,2784,12.11,12.11,21.35
9/14/25 15:29,2785,12.11,12.11,21.35
9/14/25 15:31,2786,12.11,12.11,21.35
9/14/25 15:32,2787,12.11,12.11,21.35
9/14/25 15:33,2788,12.11,12.11,21.35
9/14/25 15:34,2789,12.11,12.11,21.35
9/14/25 15:35,2790,12.12,12.12,21.35
9/14/25 15:36,2791,12.11,12.11,21.35
9/14/25 15:37,2792,12.12,12.12,21.35
9/14/25 15:38,2793,12.12,12.12,21.35
9/14/25 15:39,2794,12.11,12.11,21.35
9/14/25 15:40,2795,12.12,12.12,21.35
9/14/25 15:42,2796,12.11,12.11,21.35
9/14/25 15:43,2797,12.12,12.12,21.35
9/14/25 15:44,2798,12.11,12.11,21.35
9/14/25 15:45,2799,12.11,12.11,21.35
9/14/25 15:46,2800,12.11,12.11,21.36
9/14/25 15:47,2801,12.14,12.14,21.36
9/14/25 15:48,2802,12.11,12.11,21.36
9/14/25 15:49,2803,12.11,12.11,21.36
9/14/25 15:50,2804,12.11,12.11,21.36
9/14/25 15:51,2805,12.11,12.11,21.36
9/14/25 15:53,2806,12.11,12.11,21.36
9/14/25 15:54,2807,12.11,12.11,21.36
9/14/25 15:55,2808,12.11,12.11,21.36
9/14/25 15:56,2809,12.12,12.12,21.36
9/14/25 15:57,2810,12.11,12.11,21.36
9/14/25 15:58,2811,12.11,12.11,21.36
9/14/25 15:59,2812,12.11,12.11,21.36
9/14/25 16:00,2813,12.11,12.11,21.36
9/14/25 16:01,2814,12.11,12.11,21.36
9/14/25 16:02,2815,12.11,12.11,21.36
9/14/25 16:04,2816,12.11,12.11,21.36
9/14/25 16:05,2817,12.11,12.11,21.36
9/14/25 16:06,2818,12.11,12.11,21.36
9/14/25 16:07,2819,12.11,12.11,21.36
9/14/25 16:08,2820,12.13,12.13,21.36
9/14/25 16:09,2821,12.11,12.11,21.36
9/14/25 16:10,2822,12.11,12.11,21.36
9/14/25 16:11,2823,12.11,12.11,21.37
9/14/25 16:12,2824,12.11,12.11,21.37
9/14/25 16:13,2825,12.11,12.11,21.37
9/14/25 16:15,2826,12.11,12.11,21.37
9/14/25 16:16,2827,12.11,12.11,21.37
9/14/25 16:17,2828,12.11,12.11,21.37
9/14/25 16:18,2829,12.11,12.11,21.37
9/14/25 16:19,2830,12.11,12.11,21.37
9/14/25 16:20,2831,12.12,12.12,21.37
9/14/25 16:21,2832,12.11,12.11,21.37
9/14/25 16:22,2833,12.11,12.11,21.37
9/14/25 16:23,2834,12.11,12.11,21.36
9/14/25 16:24,2835,12.11,12.11,21.36
9/14/25 16:26,2836,12.11,12.11,21.36
9/14/25 16:27,2837,12.11,12.11,21.36
9/14/25 16:28,2838,12.11,12.11,21.37
9/14/25 16:29,2839,12.13,12.13,21.36
9/14/25 16:30,2840,12.11,12.11,21.37
9/14/25 16:31,2841,12.11,12.11,21.37
9/14/25 16:32,2842,12.11,12.11,21.37
9/14/25 16:33,2843,12.1,12.1,21.37
9/14/25 16:34,2844,12.1,12.1,21.37
9/14/25 16:35,2845,12.1,12.1,21.37
9/14/25 16:37,2846,12.1,12.1,21.37
9/14/25 16:38,2847,12.11,12.11,21.37
9/14/25 16:39,2848,12.1,12.1,21.37
9/14/25 16:40,2849,12.1,12.1,21.37
9/14/25 16:41,2850,12.11,12.11,21.37
9/14/25 16:42,2851,12.11,12.11,21.37
9/14/25 16:43,2852,12.11,12.11,21.38
9/14/25 16:44,2853,12.11,12.11,21.38
9/14/25 16:45,2854,12.11,12.11,21.38
9/14/25 16:46,2855,12.11,12.11,21.38
9/14/25 16:48,2856,12.1,12.1,21.38
9/14/25 16:49,2857,12.1,12.1,21.38
9/14/25 16:50,2858,12.11,12.11,21.38
9/14/25 16:51,2859,12.12,12.12,21.38
9/14/25 16:52,2860,12.11,12.11,21.39
9/14/25 16:53,2861,12.1,12.1,21.39
9/14/25 16:54,2862,12.1,12.1,21.39
9/14/25 16:55,2863,12.1,12.1,21.39
9/14/25 16:56,2864,12.23,12.23,21.39
9/14/25 16:57,2865,12.11,12.11,21.39
9/14/25 16:59,2866,12.1,12.1,21.39
9/14/25 17:00,2867,12.1,12.1,21.39
9/14/25 17:01,2868,12.1,12.1,21.39
9/14/25 17:02,2869,12.1,12.1,21.39
9/14/25 17:03,2870,12.1,12.1,21.39
9/14/25 17:04,2871,12.11,12.11,21.39
9/14/25 17:05,2872,12.1,12.1,21.39
9/14/25 17:06,2873,12.11,12.11,21.39
9/14/25 17:07,2874,12.11,12.11,21.39
9/14/25 17:08,2875,12.11,12.11,21.39
9/14/25 17:10,2876,12.1,12.1,21.39
9/14/25 17:11,2877,12.1,12.1,21.39
9/14/25 17:12,2878,12.12,12.12,21.39
9/14/25 17:13,2879,12.1,12.1,21.39
9/14/25 17:14,2880,12.1,12.1,21.39
9/14/25 17:15,2881,12.1,12.1,21.39
9/14/25 17:16,2882,12.1,12.1,21.39
9/14/25 17:17,2883,12.1,12.1,21.39
9/14/25 17:18,2884,12.1,12.1,21.39
9/14/25 17:19,2885,12.1,12.1,21.39
9/14/25 17:21,2886,12.1,12.1,21.39
9/14/25 17:22,2887,12.1,12.1,21.39
9/14/25 17:23,2888,12.1,12.1,21.39
9/14/25 17:24,2889,12.1,12.1,21.39
9/14/25 17:25,2890,12.1,12.1,21.39
9/14/25 17:26,2891,12.1,12.1,21.39
9/14/25 17:27,2892,12.1,12.1,21.39
9/14/25 17:28,2893,12.1,12.1,21.39
9/14/25 17:29,2894,12.1,12.1,21.39
9/14/25 17:30,2895,12.1,12.1,21.4
9/14/25 17:32,2896,12.1,12.1,21.4
9/14/25 17:33,2897,12.12,12.12,21.4
9/14/25 17:34,2898,12.1,12.1,21.4
9/14/25 17:35,2899,12.09,12.09,21.4
9/14/25 17:36,2900,12.1,12.1,21.4
9/14/25 17:37,2901,12.1,12.1,21.4
9/14/25 17:38,2902,12.1,12.1,21.4
9/14/25 17:39,2903,12.1,12.1,21.4
9/14/25 17:40,2904,12.1,12.1,21.4
9/14/25 17:41,2905,12.1,12.1,21.39
9/14/25 17:43,2906,12.14,12.14,21.39
9/14/25 17:44,2907,12.1,12.1,21.39
9/14/25 17:45,2908,12.1,12.1,21.39
9/14/25 17:46,2909,12.1,12.1,21.39
9/14/25 17:47,2910,12.1,12.1,21.39
9/14/25 17:48,2911,12.1,12.1,21.39
9/14/25 17:49,2912,12.1,12.1,21.39
9/14/25 17:50,2913,12.1,12.1,21.39
9/14/25 17:51,2914,12.1,12.1,21.39
9/14/25 17:52,2915,12.1,12.1,21.39
9/14/25 17:54,2916,12.1,12.1,21.39
9/14/25 17:55,2917,12.09,12.09,21.39
9/14/25 17:56,2918,12.09,12.09,21.39
9/14/25 17:57,2919,12.09,12.09,21.39
9/14/25 17:58,2920,12.09,12.09,21.39
9/14/25 17:59,2921,12.1,12.1,21.38
9/14/25 18:00,2922,12.09,12.09,21.38
9/14/25 18:01,2923,12.1,12.1,21.38
9/14/25 18:02,2924,12.09,12.09,21.38
9/14/25 18:03,2925,12.09,12.09,21.38
9/14/25 18:05,2926,12.09,12.09,21.38
9/14/25 18:06,2927,12.09,12.09,21.38
9/14/25 18:07,2928,12.09,12.09,21.38
9/14/25 18:08,2929,12.09,12.09,21.38
9/14/25 18:09,2930,12.1,12.1,21.38
9/14/25 18:10,2931,12.1,12.1,21.38
9/14/25 18:11,2932,12.09,12.09,21.38
9/14/25 18:12,2933,12.09,12.09,21.38
9/14/25 18:13,2934,12.09,12.09,21.38
9/14/25 18:14,2935,12.09,12.09,21.38
9/14/25 18:16,2936,12.11,12.11,21.38
9/14/25 18:17,2937,12.09,12.09,21.38
9/14/25 18:18,2938,12.09,12.09,21.38
9/14/25 18:19,2939,12.09,12.09,21.38
9/14/25 18:20,2940,12.09,12.09,21.38
9/14/25 18:21,2941,12.09,12.09,21.38
9/14/25 18:22,2942,12.09,12.09,21.38
9/14/25 18:23,2943,12.09,12.09,21.38
9/14/25 18:24,2944,12.09,12.09,21.38
9/14/25 18:25,2945,12.09,12.09,21.38
9/14/25 18:27,2946,12.09,12.09,21.38
9/14/25 18:28,2947,12.1,12.1,21.38
9/14/25 18:29,2948,12.09,12.09,21.38
9/14/25 18:30,2949,12.1,12.1,21.38
9/14/25 18:31,2950,12.09,12.09,21.38
9/14/25 18:32,2951,12.09,12.09,21.38
9/14/25 18:33,2952,12.09,12.09,21.38
9/14/25 18:34,2953,12.1,12.1,21.38
9/14/25 18:35,2954,12.09,12.09,21.38
9/14/25 18:36,2955,12.11,12.11,21.38
9/14/25 18:38,2956,12.09,12.09,21.38
9/14/25 18:39,2957,12.09,12.09,21.37
9/14/25 18:40,2958,12.09,12.09,21.37
9/14/25 18:41,2959,12.09,12.09,21.37
9/14/25 18:42,2960,12.09,12.09,21.37
9/14/25 18:43,2961,12.1,12.1,21.37
9/14/25 18:44,2962,12.09,12.09,21.37
9/14/25 18:45,2963,12.09,12.09,21.37
9/14/25 18:46,2964,12.11,12.11,21.37
9/14/25 18:47,2965,12.09,12.09,21.37
9/14/25 18:49,2966,12.09,12.09,21.37
9/14/25 18:50,2967,12.09,12.09,21.37
9/14/25 18:51,2968,12.09,12.09,21.37
9/14/25 18:52,2969,12.09,12.09,21.37
9/14/25 18:53,2970,12.09,12.09,21.37
9/14/25 18:54,2971,12.09,12.09,21.37
9/14/25 18:55,2972,12.09,12.09,21.37
9/14/25 18:56,2973,12.09,12.09,21.37
9/14/25 18:57,2974,12.09,12.09,21.37
9/14/25 18:58,2975,12.09,12.09,21.37
9/14/25 19:00,2976,12.09,12.09,21.37
9/14/25 19:01,2977,12.09,12.09,21.37
9/14/25 19:02,2978,12.09,12.09,21.37
9/14/25 19:03,2979,12.09,12.09,21.37
9/14/25 19:04,2980,12.08,12.08,21.37
9/14/25 19:05,2981,12.09,12.09,21.37
9/14/25 19:06,2982,12.09,12.09,21.37
9/14/25 19:07,2983,12.08,12.08,21.36
9/14/25 19:08,2984,12.08,12.08,21.36
9/14/25 19:09,2985,12.09,12.09,21.36
9/14/25 19:11,2986,12.09,12.09,21.36
9/14/25 19:12,2987,12.09,12.09,21.36
9/14/25 19:13,2988,12.08,12.08,21.36
9/14/25 19:14,2989,12.09,12.09,21.36
9/14/25 19:15,2990,12.09,12.09,21.37
9/14/25 19:16,2991,12.09,12.09,21.37
9/14/25 19:17,2992,12.08,12.08,21.37
9/14/25 19:18,2993,12.08,12.08,21.37
9/14/25 19:19,2994,12.1,12.1,21.37
9/14/25 19:20,2995,12.08,12.08,21.37
9/14/25 19:22,2996,12.08,12.08,21.37
9/14/25 19:23,2997,12.08,12.08,21.37
9/14/25 19:24,2998,12.09,12.09,21.37
9/14/25 19:25,2999,12.08,12.08,21.37
9/14/25 19:26,3000,12.09,12.09,21.37
9/14/25 19:27,3001,12.09,12.09,21.37
9/14/25 19:28,3002,12.08,12.08,21.37
9/14/25 19:29,3003,12.09,12.09,21.37
9/14/25 19:30,3004,12.08,12.08,21.37
9/14/25 19:31,3005,12.08,12.08,21.37
9/14/25 19:33,3006,12.08,12.08,21.37
9/14/25 19:34,3007,12.08,12.08,21.37
9/14/25 19:35,3008,12.08,12.08,21.37
9/14/25 19:36,3009,12.08,12.08,21.37
9/14/25 19:37,3010,12.08,12.08,21.37
9/14/25 19:38,3011,12.09,12.09,21.36
9/14/25 19:39,3012,12.08,12.08,21.36
9/14/25 19:40,3013,12.1,12.1,21.36
9/14/25 19:41,3014,12.08,12.08,21.36
9/14/25 19:42,3015,12.08,12.08,21.37
9/14/25 19:44,3016,12.08,12.08,21.37
9/14/25 19:45,3017,12.08,12.08,21.37
9/14/25 19:46,3018,12.08,12.08,21.37
9/14/25 19:47,3019,12.08,12.08,21.37
9/14/25 19:48,3020,12.08,12.08,21.37
9/14/25 19:49,3021,12.08,12.08,21.37
9/14/25 19:50,3022,12.08,12.08,21.37
9/14/25 19:51,3023,12.08,12.08,21.37
9/14/25 19:52,3024,12.08,12.08,21.37
9/14/25 19:53,3025,12.08,12.08,21.37
9/14/25 19:55,3026,12.08,12.08,21.37
9/14/25 19:56,3027,12.08,12.08,21.37
9/14/25 19:57,3028,12.08,12.08,21.37
9/14/25 19:58,3029,12.08,12.08,21.38
9/14/25 19:59,3030,12.08,12.08,21.38
9/14/25 20:00,3031,12.08,12.08,21.38
9/14/25 20:01,3032,12.1,12.1,21.38
9/14/25 20:02,3033,12.08,12.08,21.38
9/14/25 20:03,3034,12.08,12.08,21.38
9/14/25 20:04,3035,12.08,12.08,21.38
9/14/25 20:06,3036,12.08,12.08,21.38
9/14/25 20:07,3037,12.07,12.07,21.37
9/14/25 20:08,3038,12.08,12.08,21.37
9/14/25 20:09,3039,12.08,12.08,21.37
9/14/25 20:10,3040,12.08,12.08,21.37
9/14/25 20:11,3041,12.08,12.08,21.36
9/14/25 20:12,3042,12.08,12.08,21.36
9/14/25 20:13,3043,12.08,12.08,21.36
9/14/25 20:14,3044,12.08,12.08,21.36
9/14/25 20:15,3045,12.08,12.08,21.36
9/14/25 20:17,3046,12.08,12.08,21.36
9/14/25 20:18,3047,12.08,12.08,21.36
9/14/25 20:19,3048,12.08,12.08,21.36
9/14/25 20:20,3049,12.07,12.07,21.36
9/14/25 20:21,3050,12.07,12.07,21.36
9/14/25 20:22,3051,12.08,12.08,21.36
9/14/25 20:23,3052,12.1,12.1,21.36
9/14/25 20:24,3053,12.07,12.07,21.36
9/14/25 20:25,3054,12.07,12.07,21.36
9/14/25 20:26,3055,12.08,12.08,21.36
9/14/25 20:28,3056,12.08,12.08,21.36
9/14/25 20:29,3057,12.07,12.07,21.36
9/14/25 20:30,3058,12.08,12.08,21.36
9/14/25 20:31,3059,12.07,12.07,21.35
9/14/25 20:32,3060,12.07,12.07,21.35
9/14/25 20:33,3061,12.07,12.07,21.35
9/14/25 20:34,3062,12.07,12.07,21.35
9/14/25 20:35,3063,12.08,12.08,21.35
9/14/25 20:36,3064,12.07,12.07,21.35
9/14/25 20:37,3065,12.07,12.07,21.35
9/14/25 20:39,3066,12.07,12.07,21.36
9/14/25 20:40,3067,12.07,12.07,21.36
9/14/25 20:41,3068,12.07,12.07,21.35
9/14/25 20:42,3069,12.07,12.07,21.35
9/14/25 20:43,3070,12.11,12.11,21.35
9/14/25 20:44,3071,12.09,12.09,21.35
9/14/25 20:45,3072,12.1,12.1,21.35
9/14/25 20:46,3073,12.08,12.08,21.35
9/14/25 20:47,3074,12.07,12.07,21.35
9/14/25 20:48,3075,12.07,12.07,21.35
9/14/25 20:50,3076,12.07,12.07,21.35
9/14/25 20:51,3077,12.07,12.07,21.35
9/14/25 20:52,3078,12.07,12.07,21.34
9/14/25 20:53,3079,12.07,12.07,21.34
9/14/25 20:54,3080,12.08,12.08,21.34
9/14/25 20:55,3081,12.07,12.07,21.34
9/14/25 20:56,3082,12.07,12.07,21.34
9/14/25 20:57,3083,12.07,12.07,21.34
9/14/25 20:58,3084,12.07,12.07,21.34
9/14/25 20:59,3085,12.07,12.07,21.34
9/14/25 21:01,3086,12.07,12.07,21.33
9/14/25 21:02,3087,12.07,12.07,21.33
9/14/25 21:03,3088,12.07,12.07,21.33
9/14/25 21:04,3089,12.08,12.08,21.33
9/14/25 21:05,3090,12.09,12.09,21.33
9/14/25 21:06,3091,12.07,12.07,21.33
9/14/25 21:07,3092,12.07,12.07,21.33
9/14/25 21:08,3093,12.07,12.07,21.33
9/14/25 21:09,3094,12.07,12.07,21.33
9/14/25 21:10,3095,12.07,12.07,21.33
9/14/25 21:12,3096,12.07,12.07,21.33
9/14/25 21:13,3097,12.07,12.07,21.33
9/14/25 21:14,3098,12.07,12.07,21.33
9/14/25 21:15,3099,12.07,12.07,21.33
9/14/25 21:16,3100,12.07,12.07,21.32
9/14/25 21:17,3101,12.07,12.07,21.32
9/14/25 21:18,3102,12.07,12.07,21.32
9/14/25 21:19,3103,12.07,12.07,21.32
9/14/25 21:20,3104,12.07,12.07,21.32
9/14/25 21:21,3105,12.07,12.07,21.32
9/14/25 21:23,3106,12.07,12.07,21.32
9/14/25 21:24,3107,12.07,12.07,21.33
9/14/25 21:25,3108,12.07,12.07,21.33
9/14/25 21:26,3109,12.07,12.07,21.33
9/14/25 21:27,3110,12.09,12.09,21.33
9/14/25 21:28,3111,12.08,12.08,21.33
9/14/25 21:29,3112,12.07,12.07,21.32
9/14/25 21:30,3113,12.07,12.07,21.32
9/14/25 21:31,3114,12.07,12.07,21.32
9/14/25 21:32,3115,12.07,12.07,21.32
9/14/25 21:34,3116,12.06,12.06,21.32
9/14/25 21:35,3117,12.07,12.07,21.32
9/14/25 21:36,3118,12.06,12.06,21.32
9/14/25 21:37,3119,12.07,12.07,21.32
9/14/25 21:38,3120,12.06,12.06,21.32
9/14/25 21:39,3121,12.07,12.07,21.32
9/14/25 21:40,3122,12.06,12.06,21.32
9/14/25 21:41,3123,12.06,12.06,21.32
9/14/25 21:42,3124,12.06,12.06,21.32
9/14/25 21:43,3125,12.06,12.06,21.32
9/14/25 21:45,3126,12.07,12.07,21.32
9/14/25 21:46,3127,12.06,12.06,21.32
9/14/25 21:47,3128,12.06,12.06,21.32
9/14/25 21:48,3129,12.09,12.09,21.32
9/14/25 21:49,3130,12.06,12.06,21.32
9/14/25 21:50,3131,12.07,12.07,21.32
9/14/25 21:51,3132,12.06,12.06,21.32
9/14/25 21:52,3133,12.08,12.08,21.32
9/14/25 21:53,3134,12.06,12.06,21.32
9/14/25 21:54,3135,12.06,12.06,21.32
9/14/25 21:56,3136,12.06,12.06,21.32
9/14/25 21:57,3137,12.06,12.06,21.32
9/14/25 21:58,3138,12.06,12.06,21.32
9/14/25 21:59,3139,12.06,12.06,21.32
9/14/25 22:00,3140,12.06,12.06,21.32
9/14/25 22:01,3141,12.06,12.06,21.32
9/14/25 22:02,3142,12.06,12.06,21.32
9/14/25 22:03,3143,12.06,12.06,21.32
9/14/25 22:04,3144,12.06,12.06,21.32
9/14/25 22:05,3145,12.07,12.07,21.32
9/14/25 22:07,3146,12.06,12.06,21.32
9/14/25 22:08,3147,12.06,12.06,21.32
9/14/25 22:09,3148,12.08,12.08,21.32
9/14/25 22:10,3149,12.06,12.06,21.32
9/14/25 22:11,3150,12.06,12.06,21.32
9/14/25 22:12,3151,12.07,12.07,21.32
9/14/25 22:13,3152,12.06,12.06,21.32
9/14/25 22:14,3153,12.06,12.06,21.32
9/14/25 22:15,3154,12.06,12.06,21.31
9/14/25 22:16,3155,12.06,12.06,21.31
9/14/25 22:18,3156,12.06,12.06,21.31
9/14/25 22:19,3157,12.08,12.08,21.31
9/14/25 22:20,3158,12.06,12.06,21.3
9/14/25 22:21,3159,12.06,12.06,21.3
9/14/25 22:22,3160,12.06,12.06,21.3
9/14/25 22:23,3161,12.06,12.06,21.3
9/14/25 22:24,3162,12.06,12.06,21.29
9/14/25 22:25,3163,12.06,12.06,21.29
9/14/25 22:26,3164,12.06,12.06,21.28
9/14/25 22:27,3165,12.06,12.06,21.28
9/14/25 22:29,3166,12.06,12.06,21.28
9/14/25 22:30,3167,12.06,12.06,21.27
9/14/25 22:31,3168,12.05,12.05,21.27
9/14/25 22:32,3169,12.06,12.06,21.27
9/14/25 22:33,3170,12.06,12.06,21.27
9/14/25 22:34,3171,12.06,12.06,21.27
9/14/25 22:35,3172,12.06,12.06,21.26
9/14/25 22:36,3173,12.06,12.06,21.26
9/14/25 22:37,3174,12.06,12.06,21.26
9/14/25 22:38,3175,12.05,12.05,21.26
9/14/25 22:40,3176,12.06,12.06,21.26
9/14/25 22:41,3177,12.05,12.05,21.25
9/14/25 22:42,3178,12.06,12.06,21.25
9/14/25 22:43,3179,12.06,12.06,21.25
9/14/25 22:44,3180,12.06,12.06,21.25
9/14/25 22:45,3181,12.06,12.06,21.25
9/14/25 22:46,3182,12.06,12.06,21.25
9/14/25 22:47,3183,12.06,12.06,21.25
9/14/25 22:48,3184,12.06,12.06,21.24
9/14/25 22:49,3185,12.06,12.06,21.24
9/14/25 22:51,3186,12.05,12.05,21.24
9/14/25 22:52,3187,12.08,12.08,21.24
9/14/25 22:53,3188,12.06,12.06,21.24
9/14/25 22:54,3189,12.05,12.05,21.24
9/14/25 22:55,3190,12.05,12.05,21.24
9/14/25 22:56,3191,12.06,12.06,21.24
9/14/25 22:57,3192,12.06,12.06,21.24
9/14/25 22:58,3193,12.05,12.05,21.24
9/14/25 22:59,3194,12.05,12.05,21.24
9/14/25 23:00,3195,12.05,12.05,21.24
9/14/25 23:02,3196,12.06,12.06,21.24
9/14/25 23:03,3197,12.05,12.05,21.24
9/14/25 23:04,3198,12.05,12.05,21.24
9/14/25 23:05,3199,12.05,12.05,21.24
9/14/25 23:06,3200,12.05,12.05,21.24
9/14/25 23:07,3201,12.06,12.06,21.24
9/14/25 23:08,3202,12.05,12.05,21.24
9/14/25 23:09,3203,12.05,12.05,21.24
9/14/25 23:10,3204,12.05,12.05,21.24
9/14/25 23:11,3205,12.06,12.06,21.24
9/14/25 23:13,3206,12.07,12.07,21.24
9/14/25 23:14,3207,12.05,12.05,21.25
9/14/25 23:15,3208,12.05,12.05,21.25
9/14/25 23:16,3209,12.05,12.05,21.25
9/14/25 23:17,3210,12.06,12.06,21.25
9/14/25 23:18,3211,12.05,12.05,21.25
9/14/25 23:19,3212,12.05,12.05,21.25
9/14/25 23:20,3213,12.05,12.05,21.25
9/14/25 23:21,3214,12.05,12.05,21.25
9/14/25 23:22,3215,12.07,12.07,21.25
9/14/25 23:24,3216,12.05,12.05,21.25
9/14/25 23:25,3217,12.05,12.05,21.25
9/14/25 23:26,3218,12.05,12.05,21.25
9/14/25 23:27,3219,12.05,12.05,21.25
9/14/25 23:28,3220,12.05,12.05,21.25
9/14/25 23:29,3221,12.05,12.05,21.25
9/14/25 23:30,3222,12.05,12.05,21.25
9/14/25 23:31,3223,12.05,12.05,21.25
9/14/25 23:32,3224,12.05,12.05,21.25
9/14/25 23:33,3225,12.05,12.05,21.25
9/14/25 23:35,3226,12.05,12.05,21.25
9/14/25 23:36,3227,12.05,12.05,21.25
9/14/25 23:37,3228,12.05,12.05,21.25
9/14/25 23:38,3229,12.05,12.05,21.25
9/14/25 23:39,3230,12.05,12.05,21.25
9/14/25 23:40,3231,12.05,12.05,21.25
9/14/25 23:41,3232,12.05,12.05,21.25
9/14/25 23:42,3233,12.05,12.05,21.25
9/14/25 23:43,3234,12.05,12.05,21.25
9/14/25 23:44,3235,12.05,12.05,21.25
9/14/25 23:46,3236,12.05,12.05,21.25
9/14/25 23:47,3237,12.05,12.05,21.25
9/14/25 23:48,3238,12.05,12.05,21.25
9/14/25 23:49,3239,12.05,12.05,21.25
9/14/25 23:50,3240,12.05,12.05,21.25
9/14/25 23:51,3241,12.05,12.05,21.25
9/14/25 23:52,3242,12.05,12.05,21.25
9/14/25 23:53,3243,12.05,12.05,21.25
9/14/25 23:54,3244,12.05,12.05,21.25
9/14/25 23:55,3245,12.07,12.07,21.26
9/14/25 23:57,3246,12.04,12.04,21.26
9/14/25 23:58,3247,12.04,12.04,21.26
9/14/25 23:59,3248,12.05,12.05,21.26
9/15/25 0:00,3249,12.05,12.05,21.26
9/15/25 0:01,3250,12.05,12.05,21.26
9/15/25 0:02,3251,12.05,12.05,21.26
9/15/25 0:03,3252,12.04,12.04,21.26
9/15/25 0:04,3253,12.05,12.05,21.26
9/15/25 0:05,3254,12.05,12.05,21.26
9/15/25 0:06,3255,12.04,12.04,21.26
9/15/25 0:08,3256,12.06,12.06,21.26
9/15/25 0:09,3257,12.04,12.04,21.26
9/15/25 0:10,3258,12.04,12.04,21.26
9/15/25 0:11,3259,12.05,12.05,21.26
9/15/25 0:12,3260,12.04,12.04,21.26
9/15/25 0:13,3261,12.05,12.05,21.26
9/15/25 0:14,3262,12.04,12.04,21.26
9/15/25 0:15,3263,12.04,12.04,21.26
9/15/25 0:16,3264,12.07,12.07,21.26
9/15/25 0:17,3265,12.04,12.04,21.26
9/15/25 0:19,3266,12.04,12.04,21.27
9/15/25 0:20,3267,12.04,12.04,21.27
9/15/25 0:21,3268,12.04,12.04,21.27
9/15/25 0:22,3269,12.06,12.06,21.27
9/15/25 0:23,3270,12.04,12.04,21.27
9/15/25 0:24,3271,12.04,12.04,21.27
9/15/25 0:25,3272,12.04,12.04,21.27
9/15/25 0:26,3273,12.05,12.05,21.27
9/15/25 0:27,3274,12.04,12.04,21.27
9/15/25 0:28,3275,12.04,12.04,21.27
9/15/25 0:30,3276,12.08,12.08,21.27
9/15/25 0:31,3277,12.08,12.08,21.27
9/15/25 0:32,3278,12.04,12.04,21.27
9/15/25 0:33,3279,12.04,12.04,21.27
9/15/25 0:34,3280,12.04,12.04,21.27
9/15/25 0:35,3281,12.05,12.05,21.27
9/15/25 0:36,3282,12.04,12.04,21.27
9/15/25 0:37,3283,12.06,12.06,21.27
9/15/25 0:38,3284,12.04,12.04,21.27
9/15/25 0:39,3285,12.04,12.04,21.27
9/15/25 0:41,3286,12.04,12.04,21.27
9/15/25 0:42,3287,12.04,12.04,21.27
9/15/25 0:43,3288,12.04,12.04,21.27
9/15/25 0:44,3289,12.04,12.04,21.27
9/15/25 0:45,3290,12.04,12.04,21.27
9/15/25 0:46,3291,12.04,12.04,21.27
9/15/25 0:47,3292,12.04,12.04,21.27
9/15/25 0:48,3293,12.04,12.04,21.26
9/15/25 0:49,3294,12.04,12.04,21.26
9/15/25 0:50,3295,12.04,12.04,21.26
9/15/25 0:52,3296,12.04,12.04,21.26
9/15/25 0:53,3297,12.04,12.04,21.26
9/15/25 0:54,3298,12.04,12.04,21.26
9/15/25 0:55,3299,12.04,12.04,21.26
9/15/25 0:56,3300,12.04,12.04,21.26
9/15/25 0:57,3301,12.04,12.04,21.26
9/15/25 0:58,3302,12.04,12.04,21.26
9/15/25 0:59,3303,12.06,12.06,21.26
9/15/25 1:00,3304,12.04,12.04,21.26
9/15/25 1:01,3305,12.04,12.04,21.26
9/15/25 1:03,3306,12.04,12.04,21.26
9/15/25 1:04,3307,12.04,12.04,21.26
9/15/25 1:05,3308,12.04,12.04,21.26
9/15/25 1:06,3309,12.04,12.04,21.26
9/15/25 1:07,3310,12.03,12.03,21.27
9/15/25 1:08,3311,12.04,12.04,21.27
9/15/25 1:09,3312,12.04,12.04,21.27
9/15/25 1:10,3313,12.04,12.04,21.27
9/15/25 1:11,3314,12.04,12.04,21.27
9/15/25 1:12,3315,12.03,12.03,21.27
9/15/25 1:14,3316,12.03,12.03,21.27
9/15/25 1:15,3317,12.03,12.03,21.27
9/15/25 1:16,3318,12.04,12.04,21.27
9/15/25 1:17,3319,12.04,12.04,21.27
9/15/25 1:18,3320,12.04,12.04,21.27
9/15/25 1:19,3321,12.03,12.03,21.27
9/15/25 1:20,3322,12.06,12.06,21.27
9/15/25 1:21,3323,12.04,12.04,21.27
9/15/25 1:22,3324,12.03,12.03,21.27
9/15/25 1:23,3325,12.03,12.03,21.27
9/15/25 1:25,3326,12.03,12.03,21.27
9/15/25 1:26,3327,12.05,12.05,21.27
9/15/25 1:27,3328,12.03,12.03,21.27
9/15/25 1:28,3329,12.03,12.03,21.27
9/15/25 1:29,3330,12.03,12.03,21.27
9/15/25 1:30,3331,12.04,12.04,21.27
9/15/25 1:31,3332,12.04,12.04,21.28
9/15/25 1:32,3333,12.03,12.03,21.28
9/15/25 1:33,3334,12.03,12.03,21.28
9/15/25 1:34,3335,12.03,12.03,21.28
9/15/25 1:36,3336,12.04,12.04,21.28
9/15/25 1:37,3337,12.03,12.03,21.28
9/15/25 1:38,3338,12.03,12.03,21.28
9/15/25 1:39,3339,12.03,12.03,21.28
9/15/25 1:40,3340,12.03,12.03,21.28
9/15/25 1:41,3341,12.06,12.06,21.28
9/15/25 1:42,3342,12.04,12.04,21.28
9/15/25 1:43,3343,12.03,12.03,21.28
9/15/25 1:44,3344,12.03,12.03,21.28
9/15/25 1:45,3345,12.03,12.03,21.28
9/15/25 1:47,3346,12.03,12.03,21.28
9/15/25 1:48,3347,12.03,12.03,21.28
9/15/25 1:49,3348,12.03,12.03,21.28
9/15/25 1:50,3349,12.03,12.03,21.28
9/15/25 1:51,3350,12.03,12.03,21.28
9/15/25 1:52,3351,12.03,12.03,21.28
9/15/25 1:53,3352,12.03,12.03,21.28
9/15/25 1:54,3353,12.03,12.03,21.28
9/15/25 1:55,3354,12.03,12.03,21.28
9/15/25 1:56,3355,12.03,12.03,21.28
9/15/25 1:58,3356,12.03,12.03,21.28
9/15/25 1:59,3357,12.03,12.03,21.28
9/15/25 2:00,3358,12.03,12.03,21.28
9/15/25 2:01,3359,12.03,12.03,21.28
9/15/25 2:02,3360,12.03,12.03,21.28
9/15/25 2:03,3361,12.05,12.05,21.28
9/15/25 2:04,3362,12.03,12.03,21.28
9/15/25 2:05,3363,12.03,12.03,21.28
9/15/25 2:06,3364,12.03,12.03,21.28
9/15/25 2:07,3365,12.03,12.03,21.28
9/15/25 2:09,3366,12.03,12.03,21.29
9/15/25 2:10,3367,12.03,12.03,21.29
9/15/25 2:11,3368,12.03,12.03,21.29
9/15/25 2:12,3369,12.03,12.03,21.29
9/15/25 2:13,3370,12.03,12.03,21.29
9/15/25 2:14,3371,12.03,12.03,21.29
9/15/25 2:15,3372,12.03,12.03,21.29
9/15/25 2:16,3373,12.03,12.03,21.29
9/15/25 2:17,3374,12.03,12.03,21.29
9/15/25 2:18,3375,12.02,12.02,21.29
9/15/25 2:20,3376,12.03,12.03,21.29
9/15/25 2:21,3377,12.03,12.03,21.29
9/15/25 2:22,3378,12.03,12.03,21.29
9/15/25 2:23,3379,12.03,12.03,21.29
9/15/25 2:24,3380,12.05,12.05,21.29
9/15/25 2:25,3381,12.03,12.03,21.29
9/15/25 2:26,3382,12.02,12.02,21.29
9/15/25 2:27,3383,12.03,12.03,21.29
9/15/25 2:28,3384,12.03,12.03,21.3
9/15/25 2:29,3385,12.03,12.03,21.3
9/15/25 2:31,3386,12.02,12.02,21.3
9/15/25 2:32,3387,12.03,12.03,21.3
9/15/25 2:33,3388,12.02,12.02,21.3
9/15/25 2:34,3389,12.02,12.02,21.3
9/15/25 2:35,3390,12.03,12.03,21.3
9/15/25 2:36,3391,12.02,12.02,21.3
9/15/25 2:37,3392,12.02,12.02,21.3
9/15/25 2:38,3393,12.03,12.03,21.3
9/15/25 2:39,3394,12.02,12.02,21.3
9/15/25 2:40,3395,12.03,12.03,21.3
9/15/25 2:42,3396,12.02,12.02,21.3
9/15/25 2:43,3397,12.02,12.02,21.3
9/15/25 2:44,3398,12.03,12.03,21.3
9/15/25 2:45,3399,12.04,12.04,21.3
9/15/25 2:46,3400,12.02,12.02,21.3
9/15/25 2:47,3401,12.02,12.02,21.3
9/15/25 2:48,3402,12.02,12.02,21.3
9/15/25 2:49,3403,12.02,12.02,21.3
9/15/25 2:50,3404,12.03,12.03,21.3
9/15/25 2:51,3405,12.02,12.02,21.3
9/15/25 2:53,3406,12.02,12.02,21.3
9/15/25 2:54,3407,12.02,12.02,21.31
9/15/25 2:55,3408,12.05,12.05,21.31
9/15/25 2:56,3409,12.02,12.02,21.31
9/15/25 2:57,3410,12.02,12.02,21.31
9/15/25 2:58,3411,12.02,12.02,21.31
9/15/25 2:59,3412,12.02,12.02,21.31
9/15/25 3:00,3413,12.02,12.02,21.31
9/15/25 3:01,3414,12.02,12.02,21.31
9/15/25 3:02,3415,12.02,12.02,21.31
9/15/25 3:04,3416,12.02,12.02,21.31
9/15/25 3:05,3417,12.03,12.03,21.31
9/15/25 3:06,3418,12.02,12.02,21.31
9/15/25 3:07,3419,12.02,12.02,21.31
9/15/25 3:08,3420,12.02,12.02,21.31
9/15/25 3:09,3421,12.03,12.03,21.31
9/15/25 3:10,3422,12.02,12.02,21.31
9/15/25 3:11,3423,12.02,12.02,21.31
9/15/25 3:12,3424,12.02,12.02,21.31
9/15/25 3:13,3425,12.02,12.02,21.31
9/15/25 3:15,3426,12.02,12.02,21.31
9/15/25 3:16,3427,12.02,12.02,21.31
9/15/25 3:17,3428,12.02,12.02,21.31
9/15/25 3:18,3429,12.02,12.02,21.31
9/15/25 3:19,3430,12.02,12.02,21.31
9/15/25 3:20,3431,12.02,12.02,21.31
9/15/25 3:21,3432,12.02,12.02,21.31
9/15/25 3:22,3433,12.02,12.02,21.31
9/15/25 3:23,3434,12.02,12.02,21.31
9/15/25 3:24,3435,12.02,12.02,21.31
9/15/25 3:26,3436,12.02,12.02,21.31
9/15/25 3:27,3437,12.02,12.02,21.31
9/15/25 3:28,3438,12.04,12.04,21.31
9/15/25 3:29,3439,12.02,12.02,21.31
9/15/25 3:30,3440,12.02,12.02,21.31
9/15/25 3:31,3441,12.02,12.02,21.31
9/15/25 3:32,3442,12.02,12.02,21.31
9/15/25 3:33,3443,12.02,12.02,21.31
9/15/25 3:34,3444,12.02,12.02,21.31
9/15/25 3:35,3445,12.02,12.02,21.31
9/15/25 3:37,3446,12.02,12.02,21.31
9/15/25 3:38,3447,12.02,12.02,21.31
9/15/25 3:39,3448,12.01,12.01,21.31
9/15/25 3:40,3449,12.03,12.03,21.31
9/15/25 3:41,3450,12.02,12.02,21.31
9/15/25 3:42,3451,12.02,12.02,21.31
9/15/25 3:43,3452,12.02,12.02,21.31
9/15/25 3:44,3453,12.01,12.01,21.31
9/15/25 3:45,3454,12.02,12.02,21.31
9/15/25 3:46,3455,12.01,12.01,21.31
9/15/25 3:48,3456,12.01,12.01,21.31
9/15/25 3:49,3457,12.04,12.04,21.32
9/15/25 3:50,3458,12.01,12.01,21.32
9/15/25 3:51,3459,12.01,12.01,21.32
9/15/25 3:52,3460,12.01,12.01,21.32
9/15/25 3:53,3461,12.02,12.02,21.31
9/15/25 3:54,3462,12.01,12.01,21.31
9/15/25 3:55,3463,12.02,12.02,21.31
9/15/25 3:56,3464,12.01,12.01,21.31
9/15/25 3:57,3465,12.01,12.01,21.31
9/15/25 3:59,3466,12.03,12.03,21.31
9/15/25 4:00,3467,12.01,12.01,21.31
9/15/25 4:01,3468,12.01,12.01,21.31
9/15/25 4:02,3469,12.01,12.01,21.31
9/15/25 4:03,3470,12.02,12.02,21.31
9/15/25 4:04,3471,12.01,12.01,21.31
9/15/25 4:05,3472,12.01,12.01,21.32
9/15/25 4:06,3473,12.01,12.01,21.32
9/15/25 4:07,3474,12.01,12.01,21.32
9/15/25 4:08,3475,12.01,12.01,21.32
9/15/25 4:10,3476,12.01,12.01,21.32
9/15/25 4:11,3477,12.01,12.01,21.32
9/15/25 4:12,3478,12.04,12.04,21.32
9/15/25 4:13,3479,12.03,12.03,21.32
9/15/25 4:14,3480,12.01,12.01,21.32
9/15/25 4:15,3481,12.14,12.14,21.32
9/15/25 4:16,3482,12.04,12.04,21.32
9/15/25 4:17,3483,12.03,12.03,21.32
9/15/25 4:18,3484,12.01,12.01,21.32
9/15/25 4:19,3485,12.01,12.01,21.32
9/15/25 4:21,3486,12.01,12.01,21.32
9/15/25 4:22,3487,12.01,12.01,21.32
9/15/25 4:23,3488,12.01,12.01,21.31
9/15/25 4:24,3489,12.01,12.01,21.31
9/15/25 4:25,3490,12.01,12.01,21.31
9/15/25 4:26,3491,12.02,12.02,21.31
9/15/25 4:27,3492,12.01,12.01,21.32
9/15/25 4:28,3493,12.01,12.01,21.32
9/15/25 4:29,3494,12.01,12.01,21.32
9/15/25 4:30,3495,12.01,12.01,21.32
9/15/25 4:32,3496,12.03,12.03,21.32
9/15/25 4:33,3497,12.01,12.01,21.32
9/15/25 4:34,3498,12.01,12.01,21.32
9/15/25 4:35,3499,12.01,12.01,21.32
9/15/25 4:36,3500,12.01,12.01,21.32
9/15/25 4:37,3501,12.01,12.01,21.32
9/15/25 4:38,3502,12.01,12.01,21.32
9/15/25 4:39,3503,12.01,12.01,21.32
9/15/25 4:40,3504,12.01,12.01,21.32
9/15/25 4:41,3505,12.01,12.01,21.32
9/15/25 4:43,3506,12.01,12.01,21.32
9/15/25 4:44,3507,12.03,12.03,21.32
9/15/25 4:45,3508,12.01,12.01,21.32
9/15/25 4:46,3509,12,12,21.32
9/15/25 4:47,3510,12.01,12.01,21.32
9/15/25 4:48,3511,12.01,12.01,21.33
9/15/25 4:49,3512,12.01,12.01,21.33
9/15/25 4:50,3513,12.01,12.01,21.33
9/15/25 4:51,3514,12.01,12.01,21.33
9/15/25 4:52,3515,12.03,12.03,21.33
9/15/25 4:54,3516,12,12,21.33
9/15/25 4:55,3517,12.01,12.01,21.32
9/15/25 4:56,3518,12.01,12.01,21.32
9/15/25 4:57,3519,12.01,12.01,21.32
9/15/25 4:58,3520,12,12,21.32
9/15/25 4:59,3521,12.01,12.01,21.32
9/15/25 5:00,3522,12,12,21.32
9/15/25 5:01,3523,12.01,12.01,21.32
9/15/25 5:02,3524,12.03,12.03,21.32
9/15/25 5:03,3525,12.01,12.01,21.32
9/15/25 5:05,3526,12.01,12.01,21.32
9/15/25 5:06,3527,12,12,21.33
9/15/25 5:07,3528,12,12,21.33
9/15/25 5:08,3529,12,12,21.33
9/15/25 5:09,3530,12,12,21.33
9/15/25 5:10,3531,12.01,12.01,21.33
9/15/25 5:11,3532,12.01,12.01,21.33
9/15/25 5:12,3533,12,12,21.33
9/15/25 5:13,3534,12.03,12.03,21.33
9/15/25 5:14,3535,12,12,21.33
9/15/25 5:16,3536,12,12,21.34
9/15/25 5:17,3537,12,12,21.34
9/15/25 5:18,3538,12.01,12.01,21.34
9/15/25 5:19,3539,12,12,21.34
9/15/25 5:20,3540,12,12,21.34
9/15/25 5:21,3541,12,12,21.34
9/15/25 5:22,3542,12,12,21.34
9/15/25 5:23,3543,12,12,21.35
9/15/25 5:24,3544,12,12,21.35
9/15/25 5:25,3545,12,12,21.35
9/15/25 5:27,3546,12,12,21.35
9/15/25 5:28,3547,12,12,21.35
9/15/25 5:29,3548,12,12,21.36
9/15/25 5:30,3549,12,12,21.36
9/15/25 5:31,3550,12,12,21.36
9/15/25 5:32,3551,12,12,21.36
9/15/25 5:33,3552,12,12,21.36
9/15/25 5:34,3553,12,12,21.36
9/15/25 5:35,3554,12.02,12.02,21.36
9/15/25 5:36,3555,12,12,21.37
9/15/25 5:38,3556,12,12,21.37
9/15/25 5:39,3557,12,12,21.37
9/15/25 5:40,3558,12,12,21.37
9/15/25 5:41,3559,12,12,21.37
9/15/25 5:42,3560,12,12,21.37
9/15/25 5:43,3561,12,12,21.38
9/15/25 5:44,3562,12,12,21.38
9/15/25 5:45,3563,12,12,21.38
9/15/25 5:46,3564,12,12,21.38
9/15/25 5:47,3565,12,12,21.38
9/15/25 5:49,3566,12,12,21.38
9/15/25 5:50,3567,12,12,21.38
9/15/25 5:51,3568,12,12,21.38
9/15/25 5:52,3569,12,12,21.38
9/15/25 5:53,3570,12,12,21.38
9/15/25 5:54,3571,12.01,12.01,21.38
9/15/25 5:55,3572,12,12,21.38
9/15/25 5:56,3573,12.02,12.02,21.39
9/15/25 5:57,3574,12,12,21.39
9/15/25 5:58,3575,11.99,11.99,21.39
9/15/25 6:00,3576,12,12,21.39
9/15/25 6:01,3577,12,12,21.39
9/15/25 6:02,3578,12,12,21.39
9/15/25 6:03,3579,12,12,21.39
9/15/25 6:04,3580,11.99,11.99,21.39
9/15/25 6:05,3581,12,12,21.4
9/15/25 6:06,3582,12,12,21.4
9/15/25 6:07,3583,12,12,21.4
9/15/25 6:08,3584,12,12,21.4
9/15/25 6:09,3585,11.99,11.99,21.4
9/15/25 6:11,3586,11.99,11.99,21.4
9/15/25 6:12,3587,11.99,11.99,21.4
9/15/25 6:13,3588,12,12,21.4
9/15/25 6:14,3589,12,12,21.4
9/15/25 6:15,3590,12,12,21.4
9/15/25 6:16,3591,12,12,21.4
9/15/25 6:17,3592,12.02,12.02,21.41
9/15/25 6:18,3593,11.99,11.99,21.41
9/15/25 6:19,3594,11.99,11.99,21.41
9/15/25 6:20,3595,11.99,11.99,21.41
9/15/25 6:22,3596,11.99,11.99,21.41
9/15/25 6:23,3597,11.99,11.99,21.42
9/15/25 6:24,3598,12,12,21.42
9/15/25 6:25,3599,11.99,11.99,21.42
9/15/25 6:26,3600,11.99,11.99,21.42
9/15/25 6:27,3601,11.99,11.99,21.42
9/15/25 6:28,3602,11.99,11.99,21.43
9/15/25 6:29,3603,11.99,11.99,21.43
9/15/25 6:30,3604,12,12,21.43
9/15/25 6:31,3605,11.99,11.99,21.43
9/15/25 6:33,3606,12,12,21.44
9/15/25 6:34,3607,11.99,11.99,21.44
9/15/25 6:35,3608,11.99,11.99,21.44
9/15/25 6:36,3609,11.99,11.99,21.44
9/15/25 6:37,3610,11.99,11.99,21.45
9/15/25 6:38,3611,11.99,11.99,21.45
9/15/25 6:39,3612,12.01,12.01,21.45
9/15/25 6:40,3613,12,12,21.45
9/15/25 6:41,3614,11.99,11.99,21.45
9/15/25 6:42,3615,11.99,11.99,21.45
9/15/25 6:44,3616,11.99,11.99,21.45
9/15/25 6:45,3617,11.99,11.99,21.45
9/15/25 6:46,3618,11.99,11.99,21.45
9/15/25 6:47,3619,11.99,11.99,21.45
9/15/25 6:48,3620,11.99,11.99,21.45
9/15/25 6:49,3621,11.99,11.99,21.45
9/15/25 6:50,3622,11.99,11.99,21.46
9/15/25 6:51,3623,11.99,11.99,21.46
9/15/25 6:52,3624,11.99,11.99,21.46
9/15/25 6:53,3625,11.99,11.99,21.46
9/15/25 6:55,3626,11.99,11.99,21.46
9/15/25 6:56,3627,11.99,11.99,21.46
9/15/25 6:57,3628,11.99,11.99,21.46
9/15/25 6:58,3629,11.99,11.99,21.46
9/15/25 6:59,3630,11.99,11.99,21.46
9/15/25 7:00,3631,12.01,12.01,21.46
9/15/25 7:01,3632,11.99,11.99,21.46
9/15/25 7:02,3633,11.99,11.99,21.46
9/15/25 7:03,3634,11.99,11.99,21.46
9/15/25 7:04,3635,11.99,11.99,21.46
9/15/25 7:06,3636,11.99,11.99,21.46
9/15/25 7:07,3637,11.99,11.99,21.46
9/15/25 7:08,3638,11.99,11.99,21.46
9/15/25 7:09,3639,11.99,11.99,21.46
9/15/25 7:10,3640,11.99,11.99,21.46
9/15/25 7:11,3641,11.99,11.99,21.46
9/15/25 7:12,3642,11.99,11.99,21.46
9/15/25 7:13,3643,11.99,11.99,21.46
9/15/25 7:14,3644,11.99,11.99,21.46
9/15/25 7:15,3645,11.99,11.99,21.46
9/15/25 7:17,3646,11.99,11.99,21.46
9/15/25 7:18,3647,11.99,11.99,21.46
9/15/25 7:19,3648,11.99,11.99,21.46
9/15/25 7:20,3649,11.99,11.99,21.46
9/15/25 7:21,3650,12.01,12.01,21.46
9/15/25 7:22,3651,11.99,11.99,21.46
9/15/25 7:23,3652,11.98,11.98,21.46
9/15/25 7:24,3653,11.98,11.98,21.46
9/15/25 7:25,3654,11.98,11.98,21.46
9/15/25 7:26,3655,11.99,11.99,21.46
9/15/25 7:28,3656,11.98,11.98,21.46
9/15/25 7:29,3657,11.98,11.98,21.46
9/15/25 7:30,3658,11.99,11.99,21.46
9/15/25 7:31,3659,12.02,12.02,21.46
9/15/25 7:32,3660,11.98,11.98,21.46
9/15/25 7:33,3661,11.99,11.99,21.46
9/15/25 7:34,3662,11.98,11.98,21.46
9/15/25 7:35,3663,11.98,11.98,21.46
9/15/25 7:36,3664,11.98,11.98,21.46
9/15/25 7:37,3665,11.98,11.98,21.46
9/15/25 7:39,3666,11.98,11.98,21.46
9/15/25 7:40,3667,11.98,11.98,21.46
9/15/25 7:41,3668,11.98,11.98,21.46
9/15/25 7:42,3669,11.98,11.98,21.46
9/15/25 7:43,3670,11.98,11.98,21.46
9/15/25 7:44,3671,11.98,11.98,21.46
9/15/25 7:45,3672,11.98,11.98,21.46
9/15/25 7:46,3673,11.98,11.98,21.46
9/15/25 7:47,3674,11.98,11.98,21.46
9/15/25 7:48,3675,11.98,11.98,21.46
9/15/25 7:50,3676,11.98,11.98,21.46
9/15/25 7:51,3677,11.98,11.98,21.46
9/15/25 7:52,3678,11.98,11.98,21.46
9/15/25 7:53,3679,11.98,11.98,21.46
9/15/25 7:54,3680,11.98,11.98,21.46
9/15/25 7:55,3681,11.98,11.98,21.46
9/15/25 7:56,3682,11.98,11.98,21.46
9/15/25 7:57,3683,11.98,11.98,21.46
9/15/25 7:58,3684,11.98,11.98,21.46
9/15/25 7:59,3685,11.98,11.98,21.46
9/15/25 8:01,3686,11.98,11.98,21.46
9/15/25 8:02,3687,12,12,21.46
9/15/25 8:03,3688,12.05,12.05,21.46
9/15/25 8:04,3689,12,12,21.46
9/15/25 8:05,3690,12.01,12.01,21.46
9/15/25 8:06,3691,12.01,12.01,21.46
9/15/25 8:07,3692,11.98,11.98,21.46
9/15/25 8:08,3693,11.97,11.97,21.46
9/15/25 8:09,3694,11.98,11.98,21.46
9/15/25 8:10,3695,11.98,11.98,21.46
9/15/25 8:12,3696,11.98,11.98,21.46
9/15/25 8:13,3697,11.98,11.98,21.46
9/15/25 8:14,3698,11.98,11.98,21.46
9/15/25 8:15,3699,11.98,11.98,21.46
9/15/25 8:16,3700,11.98,11.98,21.46
9/15/25 8:17,3701,11.98,11.98,21.46
9/15/25 8:18,3702,11.98,11.98,21.46
9/15/25 8:19,3703,11.98,11.98,21.46
9/15/25 8:20,3704,11.98,11.98,21.46
9/15/25 8:21,3705,11.98,11.98,21.46
9/15/25 8:23,3706,11.98,11.98,21.46
9/15/25 8:24,3707,11.98,11.98,21.46
9/15/25 8:25,3708,12,12,21.46
9/15/25 8:26,3709,11.98,11.98,21.46
9/15/25 8:27,3710,11.97,11.97,21.46
9/15/25 8:28,3711,11.98,11.98,21.46
9/15/25 8:29,3712,11.98,11.98,21.46
9/15/25 8:30,3713,11.97,11.97,21.46
9/15/25 8:31,3714,11.98,11.98,21.46
9/15/25 8:32,3715,11.97,11.97,21.46
9/15/25 8:34,3716,11.98,11.98,21.46
9/15/25 8:35,3717,12.02,12.02,21.46
9/15/25 8:36,3718,11.97,11.97,21.46
9/15/25 8:37,3719,11.97,11.97,21.46
9/15/25 8:38,3720,11.98,11.98,21.46
9/15/25 8:39,3721,11.98,11.98,21.47
9/15/25 8:40,3722,11.97,11.97,21.47
9/15/25 8:41,3723,11.98,11.98,21.47
9/15/25 8:42,3724,11.98,11.98,21.47
9/15/25 8:43,3725,11.97,11.97,21.47
9/15/25 8:45,3726,11.97,11.97,21.47
9/15/25 8:46,3727,11.97,11.97,21.47
9/15/25 8:47,3728,11.97,11.97,21.47
9/15/25 8:48,3729,11.97,11.97,21.47
9/15/25 8:49,3730,11.97,11.97,21.47
9/15/25 8:50,3731,11.98,11.98,21.47
9/15/25 8:51,3732,11.98,11.98,21.47
9/15/25 8:52,3733,11.97,11.97,21.47
9/15/25 8:53,3734,11.97,11.97,21.47
9/15/25 8:54,3735,11.97,11.97,21.48
9/15/25 8:56,3736,11.97,11.97,21.48
9/15/25 8:57,3737,11.97,11.97,21.48
9/15/25 8:58,3738,11.97,11.97,21.48
9/15/25 8:59,3739,11.97,11.97,21.48
9/15/25 9:00,3740,11.97,11.97,21.48
9/15/25 9:01,3741,11.97,11.97,21.48
9/15/25 9:02,3742,11.97,11.97,21.48
9/15/25 9:03,3743,11.97,11.97,21.49
9/15/25 9:04,3744,11.97,11.97,21.49
9/15/25 9:05,3745,11.97,11.97,21.49
9/15/25 9:07,3746,11.97,11.97,21.48
9/15/25 9:08,3747,11.99,11.99,21.48
9/15/25 9:09,3748,11.98,11.98,21.48
9/15/25 9:10,3749,11.97,11.97,21.48
9/15/25 9:11,3750,11.97,11.97,21.48
9/15/25 9:12,3751,11.98,11.98,21.48
9/15/25 9:13,3752,11.97,11.97,21.48
9/15/25 9:14,3753,11.97,11.97,21.48
9/15/25 9:15,3754,11.97,11.97,21.48
9/15/25 9:16,3755,11.97,11.97,21.48
9/15/25 9:18,3756,11.97,11.97,21.48
9/15/25 9:19,3757,11.97,11.97,21.48
9/15/25 9:20,3758,11.99,11.99,21.48
9/15/25 9:21,3759,11.97,11.97,21.48
9/15/25 9:22,3760,11.97,11.97,21.48
9/15/25 9:23,3761,11.97,11.97,21.48
9/15/25 9:24,3762,11.97,11.97,21.48
9/15/25 9:25,3763,11.97,11.97,21.48
9/15/25 9:26,3764,11.97,11.97,21.48
9/15/25 9:27,3765,11.97,11.97,21.48
9/15/25 9:29,3766,11.99,11.99,21.48
9/15/25 9:30,3767,11.97,11.97,21.47
9/15/25 9:31,3768,11.97,11.97,21.47
9/15/25 9:32,3769,11.97,11.97,21.47
9/15/25 9:33,3770,11.97,11.97,21.47
9/15/25 9:34,3771,11.97,11.97,21.47
9/15/25 9:35,3772,11.97,11.97,21.47
9/15/25 9:36,3773,11.97,11.97,21.47
9/15/25 9:37,3774,11.96,11.96,21.47
9/15/25 9:38,3775,12,12,21.47
9/15/25 9:40,3776,11.97,11.97,21.47
9/15/25 9:41,3777,11.97,11.97,21.47
9/15/25 9:42,3778,11.97,11.97,21.47
9/15/25 9:43,3779,11.98,11.98,21.47
9/15/25 9:44,3780,11.97,11.97,21.47
9/15/25 9:45,3781,11.97,11.97,21.47
9/15/25 9:46,3782,11.96,11.96,21.47
9/15/25 9:47,3783,11.97,11.97,21.47
9/15/25 9:48,3784,11.97,11.97,21.47
9/15/25 9:49,3785,11.99,11.99,21.47
9/15/25 9:51,3786,11.96,11.96,21.47
9/15/25 9:52,3787,11.96,11.96,21.47
9/15/25 9:53,3788,11.96,11.96,21.47
9/15/25 9:54,3789,11.97,11.97,21.47
9/15/25 9:55,3790,11.96,11.96,21.47
9/15/25 9:56,3791,11.97,11.97,21.47
9/15/25 9:57,3792,11.96,11.96,21.47
9/15/25 9:58,3793,11.96,11.96,21.47
9/15/25 9:59,3794,11.96,11.96,21.47
9/15/25 10:00,3795,11.96,11.96,21.47
9/15/25 10:02,3796,11.96,11.96,21.47
9/15/25 10:03,3797,11.96,11.96,21.47
9/15/25 10:04,3798,11.96,11.96,21.47
9/15/25 10:05,3799,11.96,11.96,21.47
9/15/25 10:06,3800,11.96,11.96,21.47
9/15/25 10:07,3801,11.96,11.96,21.47
9/15/25 10:08,3802,11.97,11.97,21.48
9/15/25 10:09,3803,11.96,11.96,21.48
9/15/25 10:10,3804,11.96,11.96,21.48
9/15/25 10:11,3805,11.98,11.98,21.48
9/15/25 10:13,3806,11.96,11.96,21.47
9/15/25 10:14,3807,11.97,11.97,21.47
9/15/25 10:15,3808,11.96,11.96,21.48
9/15/25 10:16,3809,11.96,11.96,21.48
9/15/25 10:17,3810,11.96,11.96,21.48
9/15/25 10:18,3811,11.97,11.97,21.48
9/15/25 10:19,3812,11.96,11.96,21.48
9/15/25 10:20,3813,11.96,11.96,21.48
9/15/25 10:21,3814,11.96,11.96,21.48
9/15/25 10:22,3815,11.96,11.96,21.48
9/15/25 10:24,3816,11.96,11.96,21.48
9/15/25 10:25,3817,11.96,11.96,21.48
9/15/25 10:26,3818,11.96,11.96,21.48
9/15/25 10:27,3819,11.96,11.96,21.48
9/15/25 10:28,3820,11.96,11.96,21.48
9/15/25 10:29,3821,11.96,11.96,21.48
9/15/25 10:30,3822,11.96,11.96,21.48
9/15/25 10:31,3823,11.96,11.96,21.48
9/15/25 10:32,3824,11.98,11.98,21.48
9/15/25 10:33,3825,11.96,11.96,21.48
9/15/25 10:35,3826,11.96,11.96,21.48
9/15/25 10:36,3827,11.96,11.96,21.48
9/15/25 10:37,3828,11.96,11.96,21.48
9/15/25 10:38,3829,11.96,11.96,21.48
9/15/25 10:39,3830,11.96,11.96,21.48
9/15/25 10:40,3831,11.96,11.96,21.48
9/15/25 10:41,3832,11.96,11.96,21.48
9/15/25 10:42,3833,11.96,11.96,21.48
9/15/25 10:43,3834,11.96,11.96,21.48
9/15/25 10:44,3835,11.96,11.96,21.48
9/15/25 10:46,3836,11.96,11.96,21.48
9/15/25 10:47,3837,11.96,11.96,21.48
9/15/25 10:48,3838,11.96,11.96,21.48
9/15/25 10:49,3839,11.96,11.96,21.48
9/15/25 10:50,3840,11.96,11.96,21.48
9/15/25 10:51,3841,11.96,11.96,21.48
9/15/25 10:52,3842,11.96,11.96,21.48
9/15/25 10:53,3843,11.98,11.98,21.48
9/15/25 10:54,3844,11.95,11.95,21.48
9/15/25 10:55,3845,11.95,11.95,21.48
9/15/25 10:57,3846,11.95,11.95,21.48
9/15/25 10:58,3847,11.95,11.95,21.48
9/15/25 10:59,3848,11.96,11.96,21.48
9/15/25 11:00,3849,11.96,11.96,21.48
9/15/25 11:01,3850,11.95,11.95,21.48
9/15/25 11:02,3851,11.96,11.96,21.48
9/15/25 11:03,3852,12,12,21.48
9/15/25 11:04,3853,11.99,11.99,21.49
9/15/25 11:05,3854,11.95,11.95,21.49
9/15/25 11:06,3855,11.95,11.95,21.49
9/15/25 11:08,3856,11.95,11.95,21.5
9/15/25 11:09,3857,11.95,11.95,21.5
9/15/25 11:10,3858,11.96,11.96,21.5
9/15/25 11:11,3859,11.96,11.96,21.51
9/15/25 11:12,3860,11.95,11.95,21.51
9/15/25 11:13,3861,11.96,11.96,21.51
9/15/25 11:14,3862,11.95,11.95,21.51
9/15/25 11:15,3863,11.97,11.97,21.51
9/15/25 11:16,3864,11.95,11.95,21.51
9/15/25 11:17,3865,11.95,11.95,21.52
9/15/25 11:19,3866,11.95,11.95,21.52
9/15/25 11:20,3867,11.95,11.95,21.52
9/15/25 11:21,3868,11.96,11.96,21.52
9/15/25 11:22,3869,11.95,11.95,21.53
9/15/25 11:23,3870,11.95,11.95,21.53
9/15/25 11:24,3871,11.95,11.95,21.53
9/15/25 11:25,3872,11.95,11.95,21.53
9/15/25 11:26,3873,11.95,11.95,21.53
9/15/25 11:27,3874,11.95,11.95,21.53
9/15/25 11:28,3875,11.95,11.95,21.53
9/15/25 11:30,3876,11.95,11.95,21.53
9/15/25 11:31,3877,11.95,11.95,21.53
9/15/25 11:32,3878,11.95,11.95,21.53
9/15/25 11:33,3879,11.96,11.96,21.53
9/15/25 11:34,3880,11.95,11.95,21.53
9/15/25 11:35,3881,11.95,11.95,21.53
9/15/25 11:36,3882,11.97,11.97,21.53
9/15/25 11:37,3883,11.95,11.95,21.54
9/15/25 11:38,3884,11.95,11.95,21.54
9/15/25 11:39,3885,11.95,11.95,21.54
9/15/25 11:41,3886,11.95,11.95,21.54
9/15/25 11:42,3887,11.95,11.95,21.54
9/15/25 11:43,3888,11.95,11.95,21.54
9/15/25 11:44,3889,11.95,11.95,21.54
9/15/25 11:45,3890,11.95,11.95,21.54
9/15/25 11:46,3891,11.95,11.95,21.54
9/15/25 11:47,3892,11.95,11.95,21.55
9/15/25 11:48,3893,11.95,11.95,21.55
9/15/25 11:49,3894,11.95,11.95,21.55
9/15/25 11:50,3895,11.96,11.96,21.55
9/15/25 11:52,3896,12,12,21.55
9/15/25 11:53,3897,12.06,12.06,21.55
9/15/25 11:54,3898,12.01,12.01,21.55
9/15/25 11:55,3899,11.98,11.98,21.55
9/15/25 11:56,3900,11.95,11.95,21.55
9/15/25 11:57,3901,11.96,11.96,21.55
9/15/25 11:58,3902,11.94,11.94,21.55
9/15/25 11:59,3903,11.94,11.94,21.55
9/15/25 12:00,3904,11.94,11.94,21.56
9/15/25 12:01,3905,11.95,11.95,21.56
9/15/25 12:03,3906,11.95,11.95,21.56
9/15/25 12:04,3907,11.95,11.95,21.56
9/15/25 12:05,3908,11.95,11.95,21.57
9/15/25 12:06,3909,11.95,11.95,21.57
9/15/25 12:07,3910,11.95,11.95,21.57
9/15/25 12:08,3911,11.95,11.95,21.57
9/15/25 12:09,3912,11.94,11.94,21.57
9/15/25 12:10,3913,11.94,11.94,21.58
9/15/25 12:11,3914,11.95,11.95,21.58
9/15/25 12:12,3915,11.94,11.94,21.58
9/15/25 12:14,3916,11.95,11.95,21.58
9/15/25 12:15,3917,11.94,11.94,21.58
9/15/25 12:16,3918,11.94,11.94,21.58
9/15/25 12:17,3919,11.94,11.94,21.58
9/15/25 12:18,3920,11.94,11.94,21.58
9/15/25 12:19,3921,11.97,11.97,21.59
9/15/25 12:20,3922,11.94,11.94,21.59
9/15/25 12:21,3923,11.95,11.95,21.59
9/15/25 12:22,3924,11.94,11.94,21.59
9/15/25 12:23,3925,11.96,11.96,21.59
9/15/25 12:25,3926,11.95,11.95,21.59
9/15/25 12:26,3927,11.94,11.94,21.59
9/15/25 12:27,3928,11.94,11.94,21.59
9/15/25 12:28,3929,11.95,11.95,21.59
9/15/25 12:29,3930,11.99,11.99,21.6
9/15/25 12:30,3931,12.03,12.03,21.6
9/15/25 12:31,3932,11.94,11.94,21.6
9/15/25 12:32,3933,11.94,11.94,21.61
9/15/25 12:33,3934,11.94,11.94,21.61
9/15/25 12:34,3935,11.94,11.94,21.62
9/15/25 12:36,3936,11.94,11.94,21.63
9/15/25 12:37,3937,11.94,11.94,21.63
9/15/25 12:38,3938,11.94,11.94,21.64
9/15/25 12:39,3939,11.94,11.94,21.65
9/15/25 12:40,3940,11.96,11.96,21.65
9/15/25 12:41,3941,11.94,11.94,21.66
9/15/25 12:42,3942,11.94,11.94,21.67
9/15/25 12:43,3943,11.94,11.94,21.67
9/15/25 12:44,3944,11.94,11.94,21.68
9/15/25 12:45,3945,11.94,11.94,21.68
9/15/25 12:47,3946,11.94,11.94,21.69
9/15/25 12:48,3947,11.94,11.94,21.7
9/15/25 12:49,3948,11.94,11.94,21.7
9/15/25 12:50,3949,11.96,11.96,21.71
9/15/25 12:51,3950,11.94,11.94,21.71
9/15/25 12:52,3951,11.94,11.94,21.72
9/15/25 12:53,3952,11.94,11.94,21.72
9/15/25 12:54,3953,11.94,11.94,21.73
9/15/25 12:55,3954,11.94,11.94,21.73
9/15/25 12:56,3955,11.94,11.94,21.74
9/15/25 12:58,3956,11.94,11.94,21.74
9/15/25 12:59,3957,11.94,11.94,21.75
9/15/25 13:00,3958,11.94,11.94,21.75
9/15/25 13:01,3959,11.94,11.94,21.76
9/15/25 13:02,3960,11.94,11.94,21.76
9/15/25 13:03,3961,11.94,11.94,21.77
9/15/25 13:04,3962,11.94,11.94,21.77
9/15/25 13:05,3963,11.94,11.94,21.78
9/15/25 13:06,3964,11.94,11.94,21.78
9/15/25 13:07,3965,11.94,11.94,21.79
9/15/25 13:09,3966,11.94,11.94,21.8
9/15/25 13:10,3967,11.94,11.94,21.8
9/15/25 13:11,3968,11.94,11.94,21.8
9/15/25 13:12,3969,11.94,11.94,21.81
9/15/25 13:13,3970,11.94,11.94,21.81
9/15/25 13:14,3971,11.94,11.94,21.82
9/15/25 13:15,3972,11.94,11.94,21.82
9/15/25 13:16,3973,11.94,11.94,21.83
9/15/25 13:17,3974,11.94,11.94,21.83
9/15/25 13:18,3975,11.94,11.94,21.84
9/15/25 13:20,3976,11.94,11.94,21.84
9/15/25 13:21,3977,11.94,11.94,21.84
9/15/25 13:22,3978,11.94,11.94,21.85
9/15/25 13:23,3979,11.96,11.96,21.85
9/15/25 13:24,3980,11.93,11.93,21.85
9/15/25 13:25,3981,11.94,11.94,21.85
9/15/25 13:26,3982,11.93,11.93,21.86
9/15/25 13:27,3983,11.93,11.93,21.86
9/15/25 13:28,3984,11.93,11.93,21.86
9/15/25 13:29,3985,11.93,11.93,21.87
9/15/25 13:31,3986,11.93,11.93,21.87
9/15/25 13:32,3987,11.94,11.94,21.87
9/15/25 13:33,3988,11.94,11.94,21.88
9/15/25 13:34,3989,11.93,11.93,21.88
9/15/25 13:35,3990,11.93,11.93,21.88
9/15/25 13:36,3991,11.94,11.94,21.89
9/15/25 13:37,3992,11.93,11.93,21.89
9/15/25 13:38,3993,11.94,11.94,21.9
9/15/25 13:39,3994,11.93,11.93,21.9
9/15/25 13:40,3995,11.93,11.93,21.9
9/15/25 13:42,3996,11.93,11.93,21.91
9/15/25 13:43,3997,11.94,11.94,21.91
9/15/25 13:44,3998,11.95,11.95,21.91
9/15/25 13:45,3999,11.94,11.94,21.92
9/15/25 13:46,4000,11.93,11.93,21.92
9/15/25 13:47,4001,11.93,11.93,21.93
9/15/25 13:48,4002,11.93,11.93,21.93
9/15/25 13:49,4003,11.93,11.93,21.94
9/15/25 13:50,4004,11.93,11.93,21.94
9/15/25 13:51,4005,11.93,11.93,21.95
9/15/25 13:53,4006,11.94,11.94,21.95
9/15/25 13:54,4007,11.93,11.93,21.96
9/15/25 13:55,4008,11.94,11.94,21.96
9/15/25 13:56,4009,11.94,11.94,21.97
9/15/25 13:57,4010,11.93,11.93,21.97
9/15/25 13:58,4011,11.94,11.94,21.97
9/15/25 13:59,4012,11.93,11.93,21.98
9/15/25 14:00,4013,11.93,11.93,21.98
9/15/25 14:01,4014,11.93,11.93,21.99
9/15/25 14:02,4015,11.93,11.93,21.99
9/15/25 14:04,4016,11.93,11.93,21.99
9/15/25 14:05,4017,11.95,11.95,22
9/15/25 14:06,4018,11.93,11.93,22
9/15/25 14:07,4019,11.93,11.93,22
9/15/25 14:08,4020,11.93,11.93,22.01
9/15/25 14:09,4021,11.93,11.93,22.01
9/15/25 14:10,4022,11.93,11.93,22.01
9/15/25 14:11,4023,11.93,11.93,22.02
9/15/25 14:12,4024,11.93,11.93,22.02
9/15/25 14:13,4025,11.93,11.93,22.02
9/15/25 14:15,4026,11.93,11.93,22.02
9/15/25 14:16,4027,11.93,11.93,22.02
9/15/25 14:17,4028,11.93,11.93,22.03
9/15/25 14:18,4029,11.93,11.93,22.03
9/15/25 14:19,4030,11.93,11.93,22.03
9/15/25 14:20,4031,11.93,11.93,22.03
9/15/25 14:21,4032,11.93,11.93,22.03
9/15/25 14:22,4033,11.93,11.93,22.03
9/15/25 14:23,4034,11.94,11.94,22.03
9/15/25 14:24,4035,11.93,11.93,22.03
9/15/25 14:26,4036,11.93,11.93,22.02
9/15/25 14:27,4037,11.95,11.95,22.02
9/15/25 14:28,4038,11.93,11.93,22.02
9/15/25 14:29,4039,11.93,11.93,22.02
9/15/25 14:30,4040,11.93,11.93,22.02
9/15/25 14:31,4041,11.93,11.93,22.02
9/15/25 14:32,4042,11.93,11.93,22.02
9/15/25 14:33,4043,11.93,11.93,22.02
9/15/25 14:34,4044,11.93,11.93,22.01
9/15/25 14:35,4045,11.93,11.93,22.01
9/15/25 14:37,4046,11.93,11.93,22.01
9/15/25 14:38,4047,11.93,11.93,22.01
9/15/25 14:39,4048,11.93,11.93,22.01
9/15/25 14:40,4049,11.93,11.93,22.01
9/15/25 14:41,4050,11.93,11.93,22.01
9/15/25 14:42,4051,11.93,11.93,22
9/15/25 14:43,4052,11.93,11.93,22
9/15/25 14:44,4053,11.93,11.93,22
9/15/25 14:45,4054,11.93,11.93,22
9/15/25 14:46,4055,11.92,11.92,21.99
9/15/25 14:48,4056,11.95,11.95,21.99
9/15/25 14:49,4057,11.92,11.92,21.99
9/15/25 14:50,4058,11.93,11.93,21.99
9/15/25 14:51,4059,11.92,11.92,21.99
9/15/25 14:52,4060,11.92,11.92,21.99
9/15/25 14:53,4061,11.92,11.92,21.98
9/15/25 14:54,4062,11.92,11.92,21.98
9/15/25 14:55,4063,11.92,11.92,21.98
9/15/25 14:56,4064,11.92,11.92,21.98
9/15/25 14:57,4065,11.92,11.92,21.98
9/15/25 14:59,4066,11.92,11.92,21.98
9/15/25 15:00,4067,11.92,11.92,21.97
9/15/25 15:01,4068,11.92,11.92,21.97
9/15/25 15:02,4069,11.92,11.92,21.97
9/15/25 15:03,4070,11.93,11.93,21.96
9/15/25 15:04,4071,11.93,11.93,21.96
9/15/25 15:05,4072,11.92,11.92,21.96
9/15/25 15:06,4073,11.93,11.93,21.96
9/15/25 15:07,4074,11.92,11.92,21.96
9/15/25 15:08,4075,11.95,11.95,21.96
9/15/25 15:10,4076,11.92,11.92,21.96
9/15/25 15:11,4077,11.92,11.92,21.96
9/15/25 15:12,4078,11.92,11.92,21.96
9/15/25 15:13,4079,11.92,11.92,21.96
9/15/25 15:14,4080,11.92,11.92,21.95
9/15/25 15:15,4081,11.92,11.92,21.95
9/15/25 15:16,4082,11.92,11.92,21.95
9/15/25 15:17,4083,11.92,11.92,21.94
9/15/25 15:18,4084,11.92,11.92,21.94
9/15/25 15:19,4085,11.92,11.92,21.94
9/15/25 15:21,4086,11.92,11.92,21.93
9/15/25 15:22,4087,11.92,11.92,21.93
9/15/25 15:23,4088,11.92,11.92,21.92
9/15/25 15:24,4089,11.92,11.92,21.92
9/15/25 15:25,4090,11.92,11.92,21.91
9/15/25 15:26,4091,11.92,11.92,21.91
9/15/25 15:27,4092,11.93,11.93,21.91
9/15/25 15:28,4093,11.92,11.92,21.91
9/15/25 15:29,4094,11.92,11.92,21.9
9/15/25 15:30,4095,11.94,11.94,21.9
9/15/25 15:32,4096,11.92,11.92,21.9
9/15/25 15:33,4097,11.92,11.92,21.89
9/15/25 15:34,4098,11.92,11.92,21.89
9/15/25 15:35,4099,11.92,11.92,21.89
9/15/25 15:36,4100,11.92,11.92,21.88
9/15/25 15:37,4101,11.92,11.92,21.88
9/15/25 15:38,4102,11.92,11.92,21.88
9/15/25 15:39,4103,11.92,11.92,21.87
9/15/25 15:40,4104,11.92,11.92,21.87
9/15/25 15:41,4105,11.92,11.92,21.87
9/15/25 15:43,4106,11.92,11.92,21.87
9/15/25 15:44,4107,11.92,11.92,21.87
9/15/25 15:45,4108,11.92,11.92,21.86
9/15/25 15:46,4109,11.92,11.92,21.86
9/15/25 15:47,4110,11.92,11.92,21.86
9/15/25 15:48,4111,11.92,11.92,21.86
9/15/25 15:49,4112,11.92,11.92,21.86
9/15/25 15:50,4113,11.93,11.93,21.85
9/15/25 15:51,4114,11.94,11.94,21.85
9/15/25 15:52,4115,11.96,11.96,21.85
9/15/25 15:54,4116,11.94,11.94,21.85
9/15/25 15:55,4117,11.93,11.93,21.85
9/15/25 15:56,4118,11.91,11.91,21.84
9/15/25 15:57,4119,11.91,11.91,21.84
9/15/25 15:58,4120,11.92,11.92,21.83
9/15/25 15:59,4121,11.92,11.92,21.83
9/15/25 16:00,4122,11.92,11.92,21.83
9/15/25 16:01,4123,11.92,11.92,21.83
9/15/25 16:02,4124,11.91,11.91,21.83
9/15/25 16:03,4125,11.91,11.91,21.83
9/15/25 16:05,4126,11.91,11.91,21.83
9/15/25 16:06,4127,11.91,11.91,21.83
9/15/25 16:07,4128,11.91,11.91,21.83
9/15/25 16:08,4129,11.91,11.91,21.82
9/15/25 16:09,4130,11.91,11.91,21.82
9/15/25 16:10,4131,11.92,11.92,21.82
9/15/25 16:11,4132,11.91,11.91,21.82
9/15/25 16:12,4133,11.93,11.93,21.82
9/15/25 16:13,4134,11.91,11.91,21.81
9/15/25 16:14,4135,11.91,11.91,21.81
9/15/25 16:16,4136,11.91,11.91,21.81
9/15/25 16:17,4137,11.91,11.91,21.81
9/15/25 16:18,4138,11.91,11.91,21.81
9/15/25 16:19,4139,11.92,11.92,21.81
9/15/25 16:20,4140,11.91,11.91,21.81
9/15/25 16:21,4141,11.91,11.91,21.81
9/15/25 16:22,4142,11.91,11.91,21.8
9/15/25 16:23,4143,11.91,11.91,21.8
9/15/25 16:24,4144,11.91,11.91,21.8
9/15/25 16:25,4145,11.91,11.91,21.79
9/15/25 16:27,4146,11.91,11.91,21.79
9/15/25 16:28,4147,11.91,11.91,21.79
9/15/25 16:29,4148,11.92,11.92,21.79
9/15/25 16:30,4149,11.91,11.91,21.79
9/15/25 16:31,4150,11.91,11.91,21.78
9/15/25 16:32,4151,11.92,11.92,21.78
9/15/25 16:33,4152,11.91,11.91,21.78
9/15/25 16:34,4153,11.93,11.93,21.78
9/15/25 16:35,4154,11.91,11.91,21.78
9/15/25 16:36,4155,11.91,11.91,21.78
9/15/25 16:38,4156,11.91,11.91,21.78
9/15/25 16:39,4157,11.91,11.91,21.78
9/15/25 16:40,4158,11.91,11.91,21.78
9/15/25 16:41,4159,11.91,11.91,21.78
9/15/25 16:42,4160,11.91,11.91,21.78
9/15/25 16:43,4161,11.91,11.91,21.77
9/15/25 16:44,4162,11.91,11.91,21.77
9/15/25 16:45,4163,11.91,11.91,21.77
9/15/25 16:46,4164,11.91,11.91,21.78
9/15/25 16:47,4165,11.91,11.91,21.77
9/15/25 16:49,4166,11.91,11.91,21.77
9/15/25 16:50,4167,11.91,11.91,21.77
9/15/25 16:51,4168,11.91,11.91,21.77
9/15/25 16:52,4169,11.91,11.91,21.77
9/15/25 16:53,4170,11.91,11.91,21.77
9/15/25 16:54,4171,11.91,11.91,21.77
9/15/25 16:55,4172,11.93,11.93,21.77
9/15/25 16:56,4173,11.9,11.9,21.77
9/15/25 16:57,4174,11.9,11.9,21.77
9/15/25 16:58,4175,11.91,11.91,21.77
9/15/25 17:00,4176,11.91,11.91,21.77
9/15/25 17:01,4177,11.91,11.91,21.77
9/15/25 17:02,4178,11.91,11.91,21.77
9/15/25 17:03,4179,11.91,11.91,21.77
9/15/25 17:04,4180,11.9,11.9,21.77
9/15/25 17:05,4181,11.92,11.92,21.77
9/15/25 17:06,4182,11.9,11.9,21.76
9/15/25 17:07,4183,11.9,11.9,21.76
9/15/25 17:08,4184,11.91,11.91,21.76
9/15/25 17:09,4185,11.9,11.9,21.76
9/15/25 17:11,4186,11.9,11.9,21.76
9/15/25 17:12,4187,11.91,11.91,21.76
9/15/25 17:13,4188,11.9,11.9,21.76
9/15/25 17:14,4189,11.9,11.9,21.76
9/15/25 17:15,4190,11.9,11.9,21.76
9/15/25 17:16,4191,11.93,11.93,21.76
9/15/25 17:17,4192,11.9,11.9,21.76
9/15/25 17:18,4193,11.9,11.9,21.76
9/15/25 17:19,4194,11.9,11.9,21.76
9/15/25 17:20,4195,11.9,11.9,21.76
9/15/25 17:22,4196,11.9,11.9,21.76
9/15/25 17:23,4197,11.91,11.91,21.76
9/15/25 17:24,4198,11.9,11.9,21.76
9/15/25 17:25,4199,11.91,11.91,21.76
9/15/25 17:26,4200,11.92,11.92,21.76
9/15/25 17:27,4201,11.9,11.9,21.76
9/15/25 17:28,4202,11.9,11.9,21.75
9/15/25 17:29,4203,11.9,11.9,21.75
9/15/25 17:30,4204,11.9,11.9,21.75
9/15/25 17:31,4205,11.9,11.9,21.75
9/15/25 17:33,4206,11.9,11.9,21.75
9/15/25 17:34,4207,11.9,11.9,21.75
9/15/25 17:35,4208,11.9,11.9,21.75
9/15/25 17:36,4209,11.9,11.9,21.75
9/15/25 17:37,4210,11.9,11.9,21.75
9/15/25 17:38,4211,11.9,11.9,21.75
9/15/25 17:39,4212,11.9,11.9,21.74
9/15/25 17:40,4213,11.9,11.9,21.74
9/15/25 17:41,4214,11.9,11.9,21.74
9/15/25 17:42,4215,11.9,11.9,21.74
9/15/25 17:44,4216,11.9,11.9,21.73
9/15/25 17:45,4217,11.9,11.9,21.73
9/15/25 17:46,4218,11.9,11.9,21.73
9/15/25 17:47,4219,11.9,11.9,21.72
9/15/25 17:48,4220,11.9,11.9,21.72
9/15/25 17:49,4221,11.9,11.9,21.72
9/15/25 17:50,4222,11.9,11.9,21.72
9/15/25 17:51,4223,11.9,11.9,21.72
9/15/25 17:52,4224,11.9,11.9,21.72
9/15/25 17:53,4225,11.9,11.9,21.72
9/15/25 17:55,4226,11.9,11.9,21.71
9/15/25 17:56,4227,11.9,11.9,21.71
9/15/25 17:57,4228,11.9,11.9,21.71
9/15/25 17:58,4229,11.9,11.9,21.71
9/15/25 17:59,4230,11.92,11.92,21.72
9/15/25 18:00,4231,11.9,11.9,21.71
9/15/25 18:01,4232,11.9,11.9,21.71
9/15/25 18:02,4233,11.9,11.9,21.71
9/15/25 18:03,4234,11.89,11.89,21.71
9/15/25 18:04,4235,11.9,11.9,21.71
9/15/25 18:06,4236,11.9,11.9,21.71
9/15/25 18:07,4237,11.9,11.9,21.71
9/15/25 18:08,4238,11.9,11.9,21.71
9/15/25 18:09,4239,11.9,11.9,21.71
9/15/25 18:10,4240,11.9,11.9,21.71
9/15/25 18:11,4241,11.9,11.9,21.71
9/15/25 18:12,4242,11.9,11.9,21.71
9/15/25 18:13,4243,11.9,11.9,21.71
9/15/25 18:14,4244,11.91,11.91,21.71
9/15/25 18:15,4245,11.89,11.89,21.71
9/15/25 18:17,4246,11.89,11.89,21.71
9/15/25 18:18,4247,11.9,11.9,21.72
9/15/25 18:19,4248,11.9,11.9,21.72
9/15/25 18:20,4249,11.92,11.92,21.72
9/15/25 18:21,4250,11.89,11.89,21.72
9/15/25 18:22,4251,11.9,11.9,21.72
9/15/25 18:23,4252,11.89,11.89,21.72
9/15/25 18:24,4253,11.9,11.9,21.72
9/15/25 18:25,4254,11.9,11.9,21.72
9/15/25 18:26,4255,11.89,11.89,21.72
9/15/25 18:28,4256,11.89,11.89,21.72
9/15/25 18:29,4257,11.9,11.9,21.72
9/15/25 18:30,4258,11.94,11.94,21.72
9/15/25 18:31,4259,11.89,11.89,21.72
9/15/25 18:32,4260,11.89,11.89,21.72
9/15/25 18:33,4261,11.89,11.89,21.72
9/15/25 18:34,4262,11.89,11.89,21.72
9/15/25 18:35,4263,11.89,11.89,21.72
9/15/25 18:36,4264,11.9,11.9,21.72
9/15/25 18:37,4265,11.89,11.89,21.72
9/15/25 18:39,4266,11.89,11.89,21.72
9/15/25 18:40,4267,11.89,11.89,21.72
9/15/25 18:41,4268,11.89,11.89,21.72
9/15/25 18:42,4269,11.89,11.89,21.72
9/15/25 18:43,4270,11.89,11.89,21.72
9/15/25 18:44,4271,11.89,11.89,21.72
9/15/25 18:45,4272,11.89,11.89,21.72
9/15/25 18:46,4273,11.89,11.89,21.72
9/15/25 18:47,4274,11.89,11.89,21.72
9/15/25 18:48,4275,11.89,11.89,21.72
9/15/25 18:50,4276,11.9,11.9,21.72
9/15/25 18:51,4277,11.89,11.89,21.72
9/15/25 18:52,4278,11.89,11.89,21.71
9/15/25 18:53,4279,11.89,11.89,21.71
9/15/25 18:54,4280,11.89,11.89,21.71
9/15/25 18:55,4281,11.89,11.89,21.71
9/15/25 18:56,4282,11.89,11.89,21.71
9/15/25 18:57,4283,11.89,11.89,21.7
9/15/25 18:58,4284,11.89,11.89,21.7
9/15/25 18:59,4285,11.89,11.89,21.7
9/15/25 19:01,4286,11.89,11.89,21.7
9/15/25 19:02,4287,11.89,11.89,21.7
9/15/25 19:03,4288,11.91,11.91,21.7
9/15/25 19:04,4289,11.89,11.89,21.7
9/15/25 19:05,4290,11.89,11.89,21.7
9/15/25 19:06,4291,11.89,11.89,21.7
9/15/25 19:07,4292,11.89,11.89,21.69
9/15/25 19:08,4293,11.89,11.89,21.69
9/15/25 19:09,4294,11.89,11.89,21.69
9/15/25 19:10,4295,11.89,11.89,21.69
9/15/25 19:12,4296,11.89,11.89,21.69
9/15/25 19:13,4297,11.89,11.89,21.69
9/15/25 19:14,4298,11.89,11.89,21.7
9/15/25 19:15,4299,11.89,11.89,21.7
9/15/25 19:16,4300,11.88,11.88,21.7
9/15/25 19:17,4301,11.89,11.89,21.7
9/15/25 19:18,4302,11.89,11.89,21.7
9/15/25 19:19,4303,11.88,11.88,21.7
9/15/25 19:20,4304,11.89,11.89,21.7
9/15/25 19:21,4305,11.89,11.89,21.7
9/15/25 19:23,4306,11.89,11.89,21.7
9/15/25 19:24,4307,11.91,11.91,21.7
9/15/25 19:25,4308,11.88,11.88,21.7
9/15/25 19:26,4309,11.89,11.89,21.7
9/15/25 19:27,4310,11.89,11.89,21.7
9/15/25 19:28,4311,11.89,11.89,21.69
9/15/25 19:29,4312,11.88,11.88,21.69
9/15/25 19:30,4313,11.88,11.88,21.69
9/15/25 19:31,4314,11.88,11.88,21.7
9/15/25 19:32,4315,11.88,11.88,21.7
9/15/25 19:34,4316,11.88,11.88,21.7
9/15/25 19:35,4317,11.88,11.88,21.7
9/15/25 19:36,4318,11.88,11.88,21.7
9/15/25 19:37,4319,11.88,11.88,21.7
9/15/25 19:38,4320,11.88,11.88,21.7
9/15/25 19:39,4321,11.88,11.88,21.69
9/15/25 19:40,4322,11.89,11.89,21.69
9/15/25 19:41,4323,11.89,11.89,21.69
9/15/25 19:42,4324,11.88,11.88,21.69
9/15/25 19:43,4325,11.88,11.88,21.69
9/15/25 19:45,4326,11.9,11.9,21.69
9/15/25 19:46,4327,11.88,11.88,21.69
9/15/25 19:47,4328,12,12,21.69
9/15/25 19:48,4329,11.88,11.88,21.69
9/15/25 19:49,4330,11.91,11.91,21.69
9/15/25 19:50,4331,11.88,11.88,21.69
9/15/25 19:51,4332,11.88,11.88,21.69
9/15/25 19:52,4333,11.88,11.88,21.69
9/15/25 19:53,4334,11.88,11.88,21.69
9/15/25 19:54,4335,11.88,11.88,21.69
9/15/25 19:56,4336,11.88,11.88,21.69
9/15/25 19:57,4337,11.88,11.88,21.69
9/15/25 19:58,4338,11.88,11.88,21.69
9/15/25 19:59,4339,11.88,11.88,21.69
9/15/25 20:00,4340,11.88,11.88,21.69
9/15/25 20:01,4341,11.88,11.88,21.69
9/15/25 20:02,4342,11.88,11.88,21.69
9/15/25 20:03,4343,11.88,11.88,21.69
9/15/25 20:04,4344,11.88,11.88,21.69
9/15/25 20:05,4345,11.88,11.88,21.69
9/15/25 20:07,4346,11.9,11.9,21.69
9/15/25 20:08,4347,11.88,11.88,21.69
9/15/25 20:09,4348,11.88,11.88,21.69
9/15/25 20:10,4349,11.88,11.88,21.68
9/15/25 20:11,4350,11.88,11.88,21.68
9/15/25 20:12,4351,11.88,11.88,21.68
9/15/25 20:13,4352,11.88,11.88,21.68
9/15/25 20:14,4353,11.88,11.88,21.68
9/15/25 20:15,4354,11.88,11.88,21.68
9/15/25 20:16,4355,11.88,11.88,21.68
9/15/25 20:18,4356,11.88,11.88,21.68
9/15/25 20:19,4357,11.88,11.88,21.67
9/15/25 20:20,4358,11.88,11.88,21.67
9/15/25 20:21,4359,11.88,11.88,21.67
9/15/25 20:22,4360,11.88,11.88,21.67
9/15/25 20:23,4361,11.88,11.88,21.67
9/15/25 20:24,4362,11.88,11.88,21.67
9/15/25 20:25,4363,11.88,11.88,21.67
9/15/25 20:26,4364,11.87,11.87,21.67
9/15/25 20:27,4365,11.9,11.9,21.67
9/15/25 20:29,4366,11.88,11.88,21.67
9/15/25 20:30,4367,11.88,11.88,21.67
9/15/25 20:31,4368,11.87,11.87,21.67
9/15/25 20:32,4369,11.88,11.88,21.66
9/15/25 20:33,4370,11.87,11.87,21.66
9/15/25 20:34,4371,11.88,11.88,21.66
9/15/25 20:35,4372,11.88,11.88,21.66
9/15/25 20:36,4373,11.88,11.88,21.66
9/15/25 20:37,4374,11.91,11.91,21.66
9/15/25 20:38,4375,11.87,11.87,21.66
9/15/25 20:40,4376,11.87,11.87,21.66
9/15/25 20:41,4377,11.87,11.87,21.66
9/15/25 20:42,4378,11.87,11.87,21.66
9/15/25 20:43,4379,11.88,11.88,21.66
9/15/25 20:44,4380,11.88,11.88,21.66
9/15/25 20:45,4381,11.87,11.87,21.66
9/15/25 20:46,4382,11.87,11.87,21.66
9/15/25 20:47,4383,11.87,11.87,21.66
9/15/25 20:48,4384,11.9,11.9,21.66
9/15/25 20:49,4385,11.87,11.87,21.66
9/15/25 20:51,4386,11.87,11.87,21.66
9/15/25 20:52,4387,11.87,11.87,21.66
9/15/25 20:53,4388,11.87,11.87,21.65
9/15/25 20:54,4389,11.87,11.87,21.65
9/15/25 20:55,4390,11.87,11.87,21.65
9/15/25 20:56,4391,11.87,11.87,21.65
9/15/25 20:57,4392,11.87,11.87,21.65
9/15/25 20:58,4393,11.87,11.87,21.65
9/15/25 20:59,4394,11.88,11.88,21.65
9/15/25 21:00,4395,11.87,11.87,21.65
9/15/25 21:02,4396,11.87,11.87,21.65
9/15/25 21:03,4397,11.87,11.87,21.65
9/15/25 21:04,4398,11.87,11.87,21.65
9/15/25 21:05,4399,11.87,11.87,21.65
9/15/25 21:06,4400,11.87,11.87,21.65
9/15/25 21:07,4401,11.87,11.87,21.65
9/15/25 21:08,4402,11.87,11.87,21.65
9/15/25 21:09,4403,11.87,11.87,21.65
9/15/25 21:10,4404,11.89,11.89,21.65
9/15/25 21:11,4405,11.88,11.88,21.65
9/15/25 21:13,4406,11.87,11.87,21.65
9/15/25 21:14,4407,11.87,11.87,21.64
9/15/25 21:15,4408,11.87,11.87,21.64
9/15/25 21:16,4409,11.87,11.87,21.65
9/15/25 21:17,4410,11.87,11.87,21.65
9/15/25 21:18,4411,11.87,11.87,21.65
9/15/25 21:19,4412,11.87,11.87,21.65
9/15/25 21:20,4413,11.87,11.87,21.65
9/15/25 21:21,4414,11.87,11.87,21.65
9/15/25 21:22,4415,11.87,11.87,21.65
9/15/25 21:24,4416,11.87,11.87,21.65
9/15/25 21:25,4417,11.87,11.87,21.65
9/15/25 21:26,4418,11.87,11.87,21.65
9/15/25 21:27,4419,11.87,11.87,21.65
9/15/25 21:28,4420,11.87,11.87,21.65
9/15/25 21:29,4421,11.87,11.87,21.65
9/15/25 21:30,4422,11.87,11.87,21.65
9/15/25 21:31,4423,11.89,11.89,21.65
9/15/25 21:32,4424,11.86,11.86,21.65
9/15/25 21:33,4425,11.86,11.86,21.65
9/15/25 21:35,4426,11.87,11.87,21.65
9/15/25 21:36,4427,11.87,11.87,21.65
9/15/25 21:37,4428,11.87,11.87,21.65
9/15/25 21:38,4429,11.87,11.87,21.65
9/15/25 21:39,4430,11.87,11.87,21.65
9/15/25 21:40,4431,11.87,11.87,21.65
9/15/25 21:41,4432,11.86,11.86,21.64
9/15/25 21:42,4433,11.86,11.86,21.64
9/15/25 21:43,4434,11.86,11.86,21.64
9/15/25 21:44,4435,11.87,11.87,21.64
9/15/25 21:46,4436,11.87,11.87,21.64
9/15/25 21:47,4437,11.86,11.86,21.64
9/15/25 21:48,4438,11.87,11.87,21.64
9/15/25 21:49,4439,11.86,11.86,21.64
9/15/25 21:50,4440,11.86,11.86,21.65
9/15/25 21:51,4441,11.86,11.86,21.65
9/15/25 21:52,4442,11.89,11.89,21.65
9/15/25 21:53,4443,11.86,11.86,21.65
9/15/25 21:54,4444,11.86,11.86,21.65
9/15/25 21:55,4445,11.86,11.86,21.65
9/15/25 21:57,4446,11.87,11.87,21.65
9/15/25 21:58,4447,11.86,11.86,21.65
9/15/25 21:59,4448,11.86,11.86,21.65
9/15/25 22:00,4449,11.86,11.86,21.65
9/15/25 22:01,4450,11.86,11.86,21.65
9/15/25 22:02,4451,11.89,11.89,21.65
9/15/25 22:03,4452,11.86,11.86,21.65
9/15/25 22:04,4453,11.86,11.86,21.65
9/15/25 22:05,4454,11.86,11.86,21.65
9/15/25 22:06,4455,11.86,11.86,21.65
9/15/25 22:08,4456,11.86,11.86,21.65
9/15/25 22:09,4457,11.86,11.86,21.65
9/15/25 22:10,4458,11.86,11.86,21.65
9/15/25 22:11,4459,11.86,11.86,21.64
9/15/25 22:12,4460,11.86,11.86,21.64
9/15/25 22:13,4461,11.86,11.86,21.64
9/15/25 22:14,4462,11.86,11.86,21.63
9/15/25 22:15,4463,11.86,11.86,21.63
9/15/25 22:16,4464,11.86,11.86,21.63
9/15/25 22:17,4465,11.86,11.86,21.63
9/15/25 22:19,4466,11.86,11.86,21.63
9/15/25 22:20,4467,11.86,11.86,21.62
9/15/25 22:21,4468,11.86,11.86,21.62
9/15/25 22:22,4469,11.86,11.86,21.62
9/15/25 22:23,4470,11.86,11.86,21.62
9/15/25 22:24,4471,11.86,11.86,21.61
9/15/25 22:25,4472,11.86,11.86,21.61
9/15/25 22:26,4473,11.86,11.86,21.61
9/15/25 22:27,4474,11.86,11.86,21.6
9/15/25 22:28,4475,11.86,11.86,21.6
9/15/25 22:30,4476,11.86,11.86,21.6
9/15/25 22:31,4477,11.86,11.86,21.59
9/15/25 22:32,4478,11.86,11.86,21.59
9/15/25 22:33,4479,11.86,11.86,21.59
9/15/25 22:34,4480,11.86,11.86,21.58
9/15/25 22:35,4481,11.88,11.88,21.58
9/15/25 22:36,4482,11.86,11.86,21.57
9/15/25 22:37,4483,11.86,11.86,21.57
9/15/25 22:38,4484,11.85,11.85,21.57
9/15/25 22:39,4485,11.86,11.86,21.56
9/15/25 22:41,4486,11.86,11.86,21.56
9/15/25 22:42,4487,11.86,11.86,21.55
9/15/25 22:43,4488,11.86,11.86,21.55
9/15/25 22:44,4489,11.85,11.85,21.55
9/15/25 22:45,4490,11.85,11.85,21.55
9/15/25 22:46,4491,11.86,11.86,21.55
9/15/25 22:47,4492,11.86,11.86,21.54
9/15/25 22:48,4493,11.85,11.85,21.54
9/15/25 22:49,4494,11.86,11.86,21.54
9/15/25 22:50,4495,11.85,11.85,21.54
9/15/25 22:52,4496,11.85,11.85,21.53
9/15/25 22:53,4497,11.85,11.85,21.53
9/15/25 22:54,4498,11.86,11.86,21.53
9/15/25 22:55,4499,11.85,11.85,21.53
9/15/25 22:56,4500,11.87,11.87,21.52
9/15/25 22:57,4501,11.86,11.86,21.52
9/15/25 22:58,4502,11.85,11.85,21.52
9/15/25 22:59,4503,11.85,11.85,21.52
9/15/25 23:00,4504,11.87,11.87,21.52
9/15/25 23:01,4505,11.85,11.85,21.52
9/15/25 23:03,4506,11.85,11.85,21.52
9/15/25 23:04,4507,11.85,11.85,21.52
9/15/25 23:05,4508,11.85,11.85,21.52
9/15/25 23:06,4509,11.91,11.91,21.52
9/15/25 23:07,4510,11.85,11.85,21.52
9/15/25 23:08,4511,11.85,11.85,21.52
9/15/25 23:09,4512,11.85,11.85,21.52
9/15/25 23:10,4513,11.85,11.85,21.52
9/15/25 23:11,4514,11.85,11.85,21.52
9/15/25 23:12,4515,11.85,11.85,21.51
9/15/25 23:14,4516,11.85,11.85,21.51
9/15/25 23:15,4517,11.85,11.85,21.51
9/15/25 23:16,4518,11.85,11.85,21.51
9/15/25 23:17,4519,11.85,11.85,21.51
9/15/25 23:18,4520,11.85,11.85,21.51
9/15/25 23:19,4521,11.85,11.85,21.51
9/15/25 23:20,4522,11.85,11.85,21.51
9/15/25 23:21,4523,11.85,11.85,21.51
9/15/25 23:22,4524,11.85,11.85,21.51
9/15/25 23:23,4525,11.85,11.85,21.51
9/15/25 23:25,4526,11.85,11.85,21.51
9/15/25 23:26,4527,11.85,11.85,21.51
9/15/25 23:27,4528,11.85,11.85,21.51
9/15/25 23:28,4529,11.88,11.88,21.51
9/15/25 23:29,4530,11.85,11.85,21.51
9/15/25 23:30,4531,11.85,11.85,21.51
9/15/25 23:31,4532,11.85,11.85,21.51
9/15/25 23:32,4533,11.85,11.85,21.51
9/15/25 23:33,4534,11.87,11.87,21.51
9/15/25 23:34,4535,11.85,11.85,21.51
9/15/25 23:36,4536,11.85,11.85,21.51
9/15/25 23:37,4537,11.85,11.85,21.51
9/15/25 23:38,4538,11.85,11.85,21.51
9/15/25 23:39,4539,11.87,11.87,21.51
9/15/25 23:40,4540,11.84,11.84,21.51
9/15/25 23:41,4541,11.86,11.86,21.51
9/15/25 23:42,4542,11.93,11.93,21.51
9/15/25 23:43,4543,11.89,11.89,21.51
9/15/25 23:44,4544,11.84,11.84,21.51
9/15/25 23:45,4545,11.85,11.85,21.51
9/15/25 23:47,4546,11.84,11.84,21.51
9/15/25 23:48,4547,11.84,11.84,21.51
9/15/25 23:49,4548,11.85,11.85,21.51
9/15/25 23:50,4549,11.85,11.85,21.51
9/15/25 23:51,4550,11.84,11.84,21.51
9/15/25 23:52,4551,11.85,11.85,21.51
9/15/25 23:53,4552,11.84,11.84,21.51
9/15/25 23:54,4553,11.84,11.84,21.51
9/15/25 23:55,4554,11.85,11.85,21.51
9/15/25 23:56,4555,11.84,11.84,21.51
9/15/25 23:58,4556,11.84,11.84,21.51
9/15/25 23:59,4557,11.84,11.84,21.51
9/16/25 0:00,4558,11.87,11.87,21.51
9/16/25 0:01,4559,11.84,11.84,21.51
9/16/25 0:02,4560,11.85,11.85,21.51
9/16/25 0:03,4561,11.84,11.84,21.51
9/16/25 0:04,4562,11.84,11.84,21.51
9/16/25 0:05,4563,11.85,11.85,21.51
9/16/25 0:06,4564,11.84,11.84,21.51
9/16/25 0:07,4565,11.84,11.84,21.51
9/16/25 0:09,4566,11.84,11.84,21.51
9/16/25 0:10,4567,11.84,11.84,21.51
9/16/25 0:11,4568,11.84,11.84,21.51
9/16/25 0:12,4569,11.84,11.84,21.51
9/16/25 0:13,4570,11.84,11.84,21.51
9/16/25 0:14,4571,11.85,11.85,21.51
9/16/25 0:15,4572,11.84,11.84,21.51
9/16/25 0:16,4573,11.84,11.84,21.51
9/16/25 0:17,4574,11.84,11.84,21.51
9/16/25 0:18,4575,11.84,11.84,21.51
9/16/25 0:20,4576,11.84,11.84,21.51
9/16/25 0:21,4577,11.86,11.86,21.51
9/16/25 0:22,4578,11.84,11.84,21.51
9/16/25 0:23,4579,11.84,11.84,21.5
9/16/25 0:24,4580,11.84,11.84,21.5
9/16/25 0:25,4581,11.85,11.85,21.5
9/16/25 0:26,4582,11.84,11.84,21.5
9/16/25 0:27,4583,11.84,11.84,21.5
9/16/25 0:28,4584,11.84,11.84,21.5
9/16/25 0:29,4585,11.85,11.85,21.5
9/16/25 0:31,4586,11.84,11.84,21.5
9/16/25 0:32,4587,11.84,11.84,21.5
9/16/25 0:33,4588,11.84,11.84,21.5
9/16/25 0:34,4589,11.84,11.84,21.5
9/16/25 0:35,4590,11.84,11.84,21.5
9/16/25 0:36,4591,11.85,11.85,21.5
9/16/25 0:37,4592,11.84,11.84,21.5
9/16/25 0:38,4593,11.84,11.84,21.5
9/16/25 0:39,4594,11.84,11.84,21.5
9/16/25 0:40,4595,11.84,11.84,21.5
9/16/25 0:42,4596,11.84,11.84,21.51
9/16/25 0:43,4597,11.86,11.86,21.51
9/16/25 0:44,4598,11.84,11.84,21.51
9/16/25 0:45,4599,11.84,11.84,21.51
9/16/25 0:46,4600,11.84,11.84,21.5
9/16/25 0:47,4601,11.84,11.84,21.5
9/16/25 0:48,4602,11.84,11.84,21.5
9/16/25 0:49,4603,11.84,11.84,21.51
9/16/25 0:50,4604,11.84,11.84,21.51
9/16/25 0:51,4605,11.83,11.83,21.51
9/16/25 0:53,4606,11.84,11.84,21.51
9/16/25 0:54,4607,11.84,11.84,21.51
9/16/25 0:55,4608,11.84,11.84,21.51
9/16/25 0:56,4609,11.83,11.83,21.51
9/16/25 0:57,4610,11.83,11.83,21.51
9/16/25 0:58,4611,11.84,11.84,21.51
9/16/25 0:59,4612,11.84,11.84,21.51
9/16/25 1:00,4613,11.84,11.84,21.51
9/16/25 1:01,4614,11.83,11.83,21.51
9/16/25 1:02,4615,11.84,11.84,21.51
9/16/25 1:04,4616,11.86,11.86,21.51
9/16/25 1:05,4617,11.83,11.83,21.51
9/16/25 1:06,4618,11.83,11.83,21.5
9/16/25 1:07,4619,11.83,11.83,21.5
9/16/25 1:08,4620,11.84,11.84,21.5
9/16/25 1:09,4621,11.84,11.84,21.5
9/16/25 1:10,4622,11.83,11.83,21.5
9/16/25 1:11,4623,11.84,11.84,21.5
9/16/25 1:12,4624,11.83,11.83,21.5
9/16/25 1:13,4625,11.87,11.87,21.5
9/16/25 1:15,4626,11.83,11.83,21.5
9/16/25 1:16,4627,11.83,11.83,21.5
9/16/25 1:17,4628,11.83,11.83,21.5
9/16/25 1:18,4629,11.83,11.83,21.5
9/16/25 1:19,4630,11.83,11.83,21.5
9/16/25 1:20,4631,11.83,11.83,21.5
9/16/25 1:21,4632,11.83,11.83,21.5
9/16/25 1:22,4633,11.83,11.83,21.5
9/16/25 1:23,4634,11.83,11.83,21.51
9/16/25 1:24,4635,11.85,11.85,21.51
9/16/25 1:26,4636,11.83,11.83,21.51
9/16/25 1:27,4637,11.83,11.83,21.51
9/16/25 1:28,4638,11.83,11.83,21.51
9/16/25 1:29,4639,11.83,11.83,21.51
9/16/25 1:30,4640,11.83,11.83,21.51
9/16/25 1:31,4641,11.83,11.83,21.51
9/16/25 1:32,4642,11.83,11.83,21.51
9/16/25 1:33,4643,11.83,11.83,21.51
9/16/25 1:34,4644,11.83,11.83,21.51
9/16/25 1:35,4645,11.83,11.83,21.51
9/16/25 1:37,4646,11.83,11.83,21.51
9/16/25 1:38,4647,11.83,11.83,21.51
9/16/25 1:39,4648,11.83,11.83,21.51
9/16/25 1:40,4649,11.83,11.83,21.51
9/16/25 1:41,4650,11.83,11.83,21.51
9/16/25 1:42,4651,11.83,11.83,21.51
9/16/25 1:43,4652,11.83,11.83,21.51
9/16/25 1:44,4653,11.83,11.83,21.51
9/16/25 1:45,4654,11.83,11.83,21.51
9/16/25 1:46,4655,11.85,11.85,21.51
9/16/25 1:48,4656,11.83,11.83,21.51
9/16/25 1:49,4657,11.83,11.83,21.51
9/16/25 1:50,4658,11.83,11.83,21.51
9/16/25 1:51,4659,11.83,11.83,21.52
9/16/25 1:52,4660,11.83,11.83,21.52
9/16/25 1:53,4661,11.83,11.83,21.52
9/16/25 1:54,4662,11.83,11.83,21.52
9/16/25 1:55,4663,11.83,11.83,21.52
9/16/25 1:56,4664,11.83,11.83,21.52
9/16/25 1:57,4665,11.83,11.83,21.52
9/16/25 1:59,4666,11.83,11.83,21.52
9/16/25 2:00,4667,11.83,11.83,21.52
9/16/25 2:01,4668,11.83,11.83,21.52
9/16/25 2:02,4669,11.83,11.83,21.52
9/16/25 2:03,4670,11.83,11.83,21.52
9/16/25 2:04,4671,11.83,11.83,21.52
9/16/25 2:05,4672,11.83,11.83,21.52
9/16/25 2:06,4673,11.82,11.82,21.52
9/16/25 2:07,4674,11.85,11.85,21.52
9/16/25 2:08,4675,11.83,11.83,21.53
9/16/25 2:10,4676,11.83,11.83,21.53
9/16/25 2:11,4677,11.83,11.83,21.53
9/16/25 2:12,4678,11.82,11.82,21.53
9/16/25 2:13,4679,11.82,11.82,21.53
9/16/25 2:14,4680,11.82,11.82,21.53
9/16/25 2:15,4681,11.83,11.83,21.53
9/16/25 2:16,4682,11.82,11.82,21.52
9/16/25 2:17,4683,11.83,11.83,21.52
9/16/25 2:18,4684,11.82,11.82,21.53
9/16/25 2:19,4685,11.82,11.82,21.53
9/16/25 2:21,4686,11.82,11.82,21.53
9/16/25 2:22,4687,11.83,11.83,21.53
9/16/25 2:23,4688,11.82,11.82,21.53
9/16/25 2:24,4689,11.82,11.82,21.53
9/16/25 2:25,4690,11.82,11.82,21.53
9/16/25 2:26,4691,11.82,11.82,21.53
9/16/25 2:27,4692,11.82,11.82,21.53
9/16/25 2:28,4693,11.85,11.85,21.53
9/16/25 2:29,4694,11.82,11.82,21.53
9/16/25 2:30,4695,11.82,11.82,21.53
9/16/25 2:32,4696,11.82,11.82,21.53
9/16/25 2:33,4697,11.82,11.82,21.53
9/16/25 2:34,4698,11.82,11.82,21.53
9/16/25 2:35,4699,11.82,11.82,21.53
9/16/25 2:36,4700,11.82,11.82,21.53
9/16/25 2:37,4701,11.82,11.82,21.53
9/16/25 2:38,4702,11.87,11.87,21.53
9/16/25 2:39,4703,11.82,11.82,21.53
9/16/25 2:40,4704,11.82,11.82,21.53
9/16/25 2:41,4705,11.82,11.82,21.53
9/16/25 2:43,4706,11.82,11.82,21.53
9/16/25 2:44,4707,11.82,11.82,21.53
9/16/25 2:45,4708,11.82,11.82,21.53
9/16/25 2:46,4709,11.83,11.83,21.53
9/16/25 2:47,4710,11.82,11.82,21.53
9/16/25 2:48,4711,11.83,11.83,21.53
9/16/25 2:49,4712,11.82,11.82,21.53
9/16/25 2:50,4713,11.82,11.82,21.53
9/16/25 2:51,4714,11.82,11.82,21.53
9/16/25 2:52,4715,11.82,11.82,21.53
9/16/25 2:54,4716,11.82,11.82,21.54
9/16/25 2:55,4717,11.82,11.82,21.54
9/16/25 2:56,4718,11.82,11.82,21.54
9/16/25 2:57,4719,11.82,11.82,21.54
9/16/25 2:58,4720,11.82,11.82,21.54
9/16/25 2:59,4721,11.83,11.83,21.54
9/16/25 3:00,4722,11.82,11.82,21.54
9/16/25 3:01,4723,11.82,11.82,21.54
9/16/25 3:02,4724,11.82,11.82,21.54
9/16/25 3:03,4725,11.82,11.82,21.54
9/16/25 3:05,4726,11.82,11.82,21.54
9/16/25 3:06,4727,11.82,11.82,21.54
9/16/25 3:07,4728,11.82,11.82,21.54
9/16/25 3:08,4729,11.82,11.82,21.54
9/16/25 3:09,4730,11.82,11.82,21.54
9/16/25 3:10,4731,11.82,11.82,21.54
9/16/25 3:11,4732,11.84,11.84,21.54
9/16/25 3:12,4733,11.82,11.82,21.54
9/16/25 3:13,4734,11.81,11.81,21.54
9/16/25 3:14,4735,11.82,11.82,21.54
9/16/25 3:16,4736,11.82,11.82,21.54
9/16/25 3:17,4737,11.81,11.81,21.54
9/16/25 3:18,4738,11.81,11.81,21.54
9/16/25 3:19,4739,11.81,11.81,21.54
9/16/25 3:20,4740,11.82,11.82,21.54
9/16/25 3:21,4741,11.82,11.82,21.54
9/16/25 3:22,4742,11.82,11.82,21.54
9/16/25 3:23,4743,11.81,11.81,21.54
9/16/25 3:24,4744,11.81,11.81,21.54
9/16/25 3:25,4745,11.84,11.84,21.55
9/16/25 3:27,4746,11.81,11.81,21.55
9/16/25 3:28,4747,11.82,11.82,21.55
9/16/25 3:29,4748,11.83,11.83,21.55
9/16/25 3:30,4749,11.82,11.82,21.55
9/16/25 3:31,4750,11.81,11.81,21.55
9/16/25 3:32,4751,11.84,11.84,21.55
9/16/25 3:33,4752,11.81,11.81,21.54
9/16/25 3:34,4753,11.82,11.82,21.54
9/16/25 3:35,4754,11.84,11.84,21.54
9/16/25 3:36,4755,11.84,11.84,21.54
9/16/25 3:38,4756,11.81,11.81,21.54
9/16/25 3:39,4757,11.81,11.81,21.55
9/16/25 3:40,4758,11.81,11.81,21.55
9/16/25 3:41,4759,11.81,11.81,21.55
9/16/25 3:42,4760,11.85,11.85,21.55
9/16/25 3:43,4761,11.81,11.81,21.55
9/16/25 3:44,4762,11.81,11.81,21.55
9/16/25 3:45,4763,11.81,11.81,21.55
9/16/25 3:46,4764,11.82,11.82,21.55
9/16/25 3:47,4765,11.81,11.81,21.55
9/16/25 3:49,4766,11.81,11.81,21.55
9/16/25 3:50,4767,11.81,11.81,21.55
9/16/25 3:51,4768,11.81,11.81,21.55
9/16/25 3:52,4769,11.81,11.81,21.55
9/16/25 3:53,4770,11.81,11.81,21.55
9/16/25 3:54,4771,11.81,11.81,21.55
9/16/25 3:55,4772,11.81,11.81,21.56
9/16/25 3:56,4773,11.81,11.81,21.56
9/16/25 3:57,4774,11.81,11.81,21.56
9/16/25 3:58,4775,11.81,11.81,21.55
9/16/25 4:00,4776,11.81,11.81,21.55
9/16/25 4:01,4777,11.81,11.81,21.55
9/16/25 4:02,4778,11.83,11.83,21.55
9/16/25 4:03,4779,11.81,11.81,21.55
9/16/25 4:04,4780,11.81,11.81,21.55
9/16/25 4:05,4781,11.81,11.81,21.55
9/16/25 4:06,4782,11.81,11.81,21.55
9/16/25 4:07,4783,11.81,11.81,21.55
9/16/25 4:08,4784,11.81,11.81,21.55
9/16/25 4:09,4785,11.81,11.81,21.55
9/16/25 4:11,4786,11.81,11.81,21.55
9/16/25 4:12,4787,11.81,11.81,21.55
9/16/25 4:13,4788,11.81,11.81,21.55
9/16/25 4:14,4789,11.81,11.81,21.55
9/16/25 4:15,4790,11.83,11.83,21.55
9/16/25 4:16,4791,11.81,11.81,21.55
9/16/25 4:17,4792,11.81,11.81,21.55
9/16/25 4:18,4793,11.8,11.8,21.55
9/16/25 4:19,4794,11.81,11.81,21.55
9/16/25 4:20,4795,11.8,11.8,21.55
9/16/25 4:22,4796,11.8,11.8,21.55
9/16/25 4:23,4797,11.8,11.8,21.55
9/16/25 4:24,4798,11.8,11.8,21.55
9/16/25 4:25,4799,11.8,11.8,21.55
9/16/25 4:26,4800,11.8,11.8,21.55
9/16/25 4:27,4801,11.82,11.82,21.55
9/16/25 4:28,4802,11.8,11.8,21.55
9/16/25 4:29,4803,11.81,11.81,21.55
9/16/25 4:30,4804,11.8,11.8,21.55
9/16/25 4:31,4805,11.8,11.8,21.55
9/16/25 4:33,4806,11.8,11.8,21.55
9/16/25 4:34,4807,11.8,11.8,21.55
9/16/25 4:35,4808,11.8,11.8,21.55
9/16/25 4:36,4809,11.83,11.83,21.55
9/16/25 4:37,4810,11.8,11.8,21.55
9/16/25 4:38,4811,11.8,11.8,21.55
9/16/25 4:39,4812,11.8,11.8,21.55
9/16/25 4:40,4813,11.8,11.8,21.55
9/16/25 4:41,4814,11.8,11.8,21.54
9/16/25 4:42,4815,11.8,11.8,21.54
9/16/25 4:44,4816,11.8,11.8,21.55
9/16/25 4:45,4817,11.81,11.81,21.55
9/16/25 4:46,4818,11.8,11.8,21.55
9/16/25 4:47,4819,11.8,11.8,21.55
9/16/25 4:48,4820,11.8,11.8,21.55
9/16/25 4:49,4821,11.81,11.81,21.55
9/16/25 4:50,4822,11.8,11.8,21.55
9/16/25 4:51,4823,11.8,11.8,21.55
9/16/25 4:52,4824,11.8,11.8,21.55
9/16/25 4:53,4825,11.81,11.81,21.55
9/16/25 4:55,4826,11.8,11.8,21.55
9/16/25 4:56,4827,11.8,11.8,21.55
9/16/25 4:57,4828,11.83,11.83,21.55
9/16/25 4:58,4829,11.8,11.8,21.56
9/16/25 4:59,4830,11.8,11.8,21.56
9/16/25 5:00,4831,11.8,11.8,21.56
9/16/25 5:01,4832,11.8,11.8,21.56
9/16/25 5:02,4833,11.8,11.8,21.56
9/16/25 5:03,4834,11.8,11.8,21.56
9/16/25 5:04,4835,11.8,11.8,21.56
9/16/25 5:06,4836,11.8,11.8,21.56
9/16/25 5:07,4837,11.8,11.8,21.56
9/16/25 5:08,4838,11.8,11.8,21.56
9/16/25 5:09,4839,11.8,11.8,21.56
9/16/25 5:10,4840,11.8,11.8,21.56
9/16/25 5:11,4841,11.8,11.8,21.56
9/16/25 5:12,4842,11.8,11.8,21.56
9/16/25 5:13,4843,11.8,11.8,21.56
9/16/25 5:14,4844,11.8,11.8,21.57
9/16/25 5:15,4845,11.8,11.8,21.57
9/16/25 5:17,4846,11.8,11.8,21.57
9/16/25 5:18,4847,11.8,11.8,21.57
9/16/25 5:19,4848,11.82,11.82,21.57
9/16/25 5:20,4849,11.8,11.8,21.57
9/16/25 5:21,4850,11.8,11.8,21.57
9/16/25 5:22,4851,11.8,11.8,21.57
9/16/25 5:23,4852,11.8,11.8,21.58
9/16/25 5:24,4853,11.8,11.8,21.58
9/16/25 5:25,4854,11.8,11.8,21.58
9/16/25 5:26,4855,11.8,11.8,21.58
9/16/25 5:28,4856,11.79,11.79,21.58
9/16/25 5:29,4857,11.79,11.79,21.59
9/16/25 5:30,4858,11.8,11.8,21.59
9/16/25 5:31,4859,11.8,11.8,21.59
9/16/25 5:32,4860,11.8,11.8,21.59
9/16/25 5:33,4861,11.8,11.8,21.59
9/16/25 5:34,4862,11.79,11.79,21.59
9/16/25 5:35,4863,11.8,11.8,21.59
9/16/25 5:36,4864,11.8,11.8,21.59
9/16/25 5:37,4865,11.79,11.79,21.59
9/16/25 5:39,4866,11.8,11.8,21.59
9/16/25 5:40,4867,11.82,11.82,21.59
9/16/25 5:41,4868,11.8,11.8,21.6
9/16/25 5:42,4869,11.79,11.79,21.6
9/16/25 5:43,4870,11.79,11.79,21.6
9/16/25 5:44,4871,11.79,11.79,21.6
9/16/25 5:45,4872,11.79,11.79,21.6
9/16/25 5:46,4873,11.79,11.79,21.6
9/16/25 5:47,4874,11.79,11.79,21.6
9/16/25 5:48,4875,11.79,11.79,21.6
9/16/25 5:50,4876,11.8,11.8,21.6
9/16/25 5:51,4877,11.79,11.79,21.6
9/16/25 5:52,4878,11.79,11.79,21.6
9/16/25 5:53,4879,11.79,11.79,21.6
9/16/25 5:54,4880,11.79,11.79,21.6
9/16/25 5:55,4881,11.79,11.79,21.61
9/16/25 5:56,4882,11.79,11.79,21.61
9/16/25 5:57,4883,11.79,11.79,21.61
9/16/25 5:58,4884,11.79,11.79,21.61
9/16/25 5:59,4885,11.79,11.79,21.6
9/16/25 6:01,4886,11.81,11.81,21.6
9/16/25 6:02,4887,11.79,11.79,21.61
9/16/25 6:03,4888,11.79,11.79,21.61
9/16/25 6:04,4889,11.79,11.79,21.61
9/16/25 6:05,4890,11.79,11.79,21.62
9/16/25 6:06,4891,11.79,11.79,21.62
9/16/25 6:07,4892,11.79,11.79,21.62
9/16/25 6:08,4893,11.79,11.79,21.62
9/16/25 6:09,4894,11.79,11.79,21.63
9/16/25 6:10,4895,11.79,11.79,21.63
9/16/25 6:12,4896,11.79,11.79,21.63
9/16/25 6:13,4897,11.79,11.79,21.63
9/16/25 6:14,4898,11.79,11.79,21.63
9/16/25 6:15,4899,11.79,11.79,21.63
9/16/25 6:16,4900,11.79,11.79,21.63
9/16/25 6:17,4901,11.8,11.8,21.64
9/16/25 6:18,4902,11.79,11.79,21.64
9/16/25 6:19,4903,11.79,11.79,21.64
9/16/25 6:20,4904,11.79,11.79,21.64
9/16/25 6:21,4905,11.79,11.79,21.65
9/16/25 6:23,4906,11.81,11.81,21.65
9/16/25 6:24,4907,11.79,11.79,21.65
9/16/25 6:25,4908,11.79,11.79,21.65
9/16/25 6:26,4909,11.79,11.79,21.65
9/16/25 6:27,4910,11.79,11.79,21.66
9/16/25 6:28,4911,11.79,11.79,21.66
9/16/25 6:29,4912,11.79,11.79,21.66
9/16/25 6:30,4913,11.79,11.79,21.66
9/16/25 6:31,4914,11.79,11.79,21.67
9/16/25 6:32,4915,11.79,11.79,21.67
9/16/25 6:34,4916,11.79,11.79,21.67
9/16/25 6:35,4917,11.78,11.78,21.68
9/16/25 6:36,4918,11.78,11.78,21.68
9/16/25 6:37,4919,11.78,11.78,21.68
9/16/25 6:38,4920,11.79,11.79,21.68
9/16/25 6:39,4921,11.79,11.79,21.68
9/16/25 6:40,4922,11.8,11.8,21.68
9/16/25 6:41,4923,11.78,11.78,21.68
9/16/25 6:42,4924,11.79,11.79,21.68
9/16/25 6:43,4925,11.81,11.81,21.68
9/16/25 6:45,4926,11.79,11.79,21.68
9/16/25 6:46,4927,11.78,11.78,21.68
9/16/25 6:47,4928,11.79,11.79,21.68
9/16/25 6:48,4929,11.78,11.78,21.68
9/16/25 6:49,4930,11.78,11.78,21.68
9/16/25 6:50,4931,11.79,11.79,21.68
9/16/25 6:51,4932,11.78,11.78,21.68
9/16/25 6:52,4933,11.78,11.78,21.68
9/16/25 6:53,4934,11.79,11.79,21.69
9/16/25 6:54,4935,11.78,11.78,21.69
9/16/25 6:56,4936,11.78,11.78,21.68
9/16/25 6:57,4937,11.78,11.78,21.69
9/16/25 6:58,4938,11.78,11.78,21.69
9/16/25 6:59,4939,11.78,11.78,21.69
9/16/25 7:00,4940,11.78,11.78,21.69
9/16/25 7:01,4941,11.78,11.78,21.69
9/16/25 7:02,4942,11.78,11.78,21.69
9/16/25 7:03,4943,11.78,11.78,21.69
9/16/25 7:04,4944,11.8,11.8,21.69
9/16/25 7:05,4945,11.78,11.78,21.69
9/16/25 7:07,4946,11.78,11.78,21.69
9/16/25 7:08,4947,11.78,11.78,21.69
9/16/25 7:09,4948,11.78,11.78,21.69
9/16/25 7:10,4949,11.78,11.78,21.69
9/16/25 7:11,4950,11.78,11.78,21.69
9/16/25 7:12,4951,11.78,11.78,21.68
9/16/25 7:13,4952,11.78,11.78,21.69
9/16/25 7:14,4953,11.8,11.8,21.69
9/16/25 7:15,4954,11.79,11.79,21.69
9/16/25 7:16,4955,11.78,11.78,21.69
9/16/25 7:18,4956,11.78,11.78,21.69
9/16/25 7:19,4957,11.78,11.78,21.69
9/16/25 7:20,4958,11.78,11.78,21.69
9/16/25 7:21,4959,11.78,11.78,21.69
9/16/25 7:22,4960,11.78,11.78,21.69
9/16/25 7:23,4961,11.8,11.8,21.69
9/16/25 7:24,4962,11.78,11.78,21.69
9/16/25 7:25,4963,11.78,11.78,21.69
9/16/25 7:26,4964,11.9,11.9,21.69
9/16/25 7:27,4965,11.85,11.85,21.69
9/16/25 7:29,4966,11.81,11.81,21.68
9/16/25 7:30,4967,11.8,11.8,21.68
9/16/25 7:31,4968,11.78,11.78,21.68
9/16/25 7:32,4969,11.76,11.76,21.68
9/16/25 7:33,4970,11.77,11.77,21.68
9/16/25 7:34,4971,11.78,11.78,21.68
9/16/25 7:35,4972,11.78,11.78,21.67
9/16/25 7:36,4973,11.78,11.78,21.67
9/16/25 7:37,4974,11.78,11.78,21.67
9/16/25 7:38,4975,11.78,11.78,21.67
9/16/25 7:40,4976,11.78,11.78,21.67
9/16/25 7:41,4977,11.78,11.78,21.67
9/16/25 7:42,4978,11.78,11.78,21.67
9/16/25 7:43,4979,11.78,11.78,21.67
9/16/25 7:44,4980,11.78,11.78,21.67
9/16/25 7:45,4981,11.78,11.78,21.66
9/16/25 7:46,4982,11.78,11.78,21.66
9/16/25 7:47,4983,11.8,11.8,21.66
9/16/25 7:48,4984,11.77,11.77,21.66
9/16/25 7:49,4985,11.77,11.77,21.66
9/16/25 7:51,4986,11.77,11.77,21.66
9/16/25 7:52,4987,11.77,11.77,21.66
9/16/25 7:53,4988,11.77,11.77,21.66
9/16/25 7:54,4989,11.77,11.77,21.66
9/16/25 7:55,4990,11.77,11.77,21.66
9/16/25 7:56,4991,11.77,11.77,21.66
9/16/25 7:57,4992,11.78,11.78,21.66
9/16/25 7:58,4993,11.78,11.78,21.66
9/16/25 7:59,4994,11.77,11.77,21.66
9/16/25 8:00,4995,11.77,11.77,21.66
9/16/25 8:02,4996,11.77,11.77,21.66
9/16/25 8:03,4997,11.77,11.77,21.66
9/16/25 8:04,4998,11.77,11.77,21.66
9/16/25 8:05,4999,11.77,11.77,21.66
9/16/25 8:06,5000,11.78,11.78,21.66
9/16/25 8:07,5001,11.77,11.77,21.66
9/16/25 8:08,5002,11.8,11.8,21.66
9/16/25 8:09,5003,11.77,11.77,21.66
9/16/25 8:10,5004,11.77,11.77,21.66
9/16/25 8:11,5005,11.77,11.77,21.66
9/16/25 8:13,5006,11.77,11.77,21.66
9/16/25 8:14,5007,11.78,11.78,21.66
9/16/25 8:15,5008,11.77,11.77,21.66
9/16/25 8:16,5009,11.77,11.77,21.66
9/16/25 8:17,5010,11.77,11.77,21.66
9/16/25 8:18,5011,11.81,11.81,21.66
9/16/25 8:19,5012,11.77,11.77,21.66
9/16/25 8:20,5013,11.77,11.77,21.66
9/16/25 8:21,5014,11.77,11.77,21.66
9/16/25 8:22,5015,11.77,11.77,21.66
9/16/25 8:24,5016,11.77,11.77,21.66
9/16/25 8:25,5017,11.77,11.77,21.66
9/16/25 8:26,5018,11.77,11.77,21.66
9/16/25 8:27,5019,11.77,11.77,21.66
9/16/25 8:28,5020,11.77,11.77,21.66
9/16/25 8:29,5021,11.77,11.77,21.66
9/16/25 8:30,5022,11.77,11.77,21.66
9/16/25 8:31,5023,11.77,11.77,21.65
9/16/25 8:32,5024,11.77,11.77,21.65
9/16/25 8:33,5025,11.77,11.77,21.66
9/16/25 8:35,5026,11.77,11.77,21.66
9/16/25 8:36,5027,11.77,11.77,21.66
9/16/25 8:37,5028,11.77,11.77,21.66
9/16/25 8:38,5029,11.77,11.77,21.65
9/16/25 8:39,5030,11.77,11.77,21.65
9/16/25 8:40,5031,11.77,11.77,21.65
9/16/25 8:41,5032,11.77,11.77,21.65
9/16/25 8:42,5033,11.77,11.77,21.65
9/16/25 8:43,5034,11.77,11.77,21.65
9/16/25 8:44,5035,11.77,11.77,21.65
9/16/25 8:46,5036,11.77,11.77,21.65
9/16/25 8:47,5037,11.77,11.77,21.65
9/16/25 8:48,5038,11.77,11.77,21.65
9/16/25 8:49,5039,11.77,11.77,21.65
9/16/25 8:50,5040,11.77,11.77,21.65
9/16/25 8:51,5041,11.79,11.79,21.65
9/16/25 8:52,5042,11.76,11.76,21.64
9/16/25 8:53,5043,11.77,11.77,21.64
9/16/25 8:54,5044,11.76,11.76,21.64
9/16/25 8:55,5045,11.76,11.76,21.64
9/16/25 8:57,5046,11.76,11.76,21.64
9/16/25 8:58,5047,11.76,11.76,21.64
9/16/25 8:59,5048,11.76,11.76,21.64
9/16/25 9:00,5049,11.77,11.77,21.64
9/16/25 9:01,5050,11.76,11.76,21.64
9/16/25 9:02,5051,11.77,11.77,21.64
9/16/25 9:03,5052,11.76,11.76,21.64
9/16/25 9:04,5053,11.76,11.76,21.64
9/16/25 9:05,5054,11.76,11.76,21.64
9/16/25 9:06,5055,11.76,11.76,21.64
9/16/25 9:08,5056,11.76,11.76,21.64
9/16/25 9:09,5057,11.77,11.77,21.65
9/16/25 9:10,5058,11.76,11.76,21.65
9/16/25 9:11,5059,11.76,11.76,21.65
9/16/25 9:12,5060,11.78,11.78,21.65
9/16/25 9:13,5061,11.76,11.76,21.65
9/16/25 9:14,5062,11.76,11.76,21.65
9/16/25 9:15,5063,11.76,11.76,21.65
9/16/25 9:16,5064,11.76,11.76,21.65
9/16/25 9:17,5065,11.76,11.76,21.65
9/16/25 9:19,5066,11.76,11.76,21.66
9/16/25 9:20,5067,11.76,11.76,21.66
9/16/25 9:21,5068,11.77,11.77,21.66
9/16/25 9:22,5069,11.76,11.76,21.66
9/16/25 9:23,5070,11.76,11.76,21.66
9/16/25 9:24,5071,11.76,11.76,21.66
9/16/25 9:25,5072,11.76,11.76,21.66
9/16/25 9:26,5073,11.76,11.76,21.65
9/16/25 9:27,5074,11.76,11.76,21.65
9/16/25 9:28,5075,11.76,11.76,21.65
9/16/25 9:30,5076,11.76,11.76,21.65
9/16/25 9:31,5077,11.76,11.76,21.65
9/16/25 9:32,5078,11.76,11.76,21.65
9/16/25 9:33,5079,11.78,11.78,21.65
9/16/25 9:34,5080,11.76,11.76,21.65
9/16/25 9:35,5081,11.76,11.76,21.65
9/16/25 9:36,5082,11.76,11.76,21.65
9/16/25 9:37,5083,11.76,11.76,21.66
9/16/25 9:38,5084,11.76,11.76,21.66
9/16/25 9:39,5085,11.76,11.76,21.66
9/16/25 9:41,5086,11.76,11.76,21.66
9/16/25 9:42,5087,11.76,11.76,21.66
9/16/25 9:43,5088,11.76,11.76,21.66
9/16/25 9:44,5089,11.76,11.76,21.66
9/16/25 9:45,5090,11.76,11.76,21.66
9/16/25 9:46,5091,11.76,11.76,21.66
9/16/25 9:47,5092,11.76,11.76,21.66
9/16/25 9:48,5093,11.76,11.76,21.66
9/16/25 9:49,5094,11.76,11.76,21.66
9/16/25 9:50,5095,11.76,11.76,21.66
9/16/25 9:52,5096,11.76,11.76,21.66
9/16/25 9:53,5097,11.76,11.76,21.66
9/16/25 9:54,5098,11.76,11.76,21.66
9/16/25 9:55,5099,11.78,11.78,21.66
9/16/25 9:56,5100,11.75,11.75,21.66
9/16/25 9:57,5101,11.76,11.76,21.67
9/16/25 9:58,5102,11.76,11.76,21.67
9/16/25 9:59,5103,11.75,11.75,21.67
9/16/25 10:00,5104,11.76,11.76,21.67
9/16/25 10:01,5105,11.76,11.76,21.66
9/16/25 10:03,5106,11.76,11.76,21.66
9/16/25 10:04,5107,11.75,11.75,21.66
9/16/25 10:05,5108,11.76,11.76,21.67
9/16/25 10:06,5109,11.75,11.75,21.67
9/16/25 10:07,5110,11.75,11.75,21.67
9/16/25 10:08,5111,11.76,11.76,21.67
9/16/25 10:09,5112,11.76,11.76,21.68
9/16/25 10:10,5113,11.75,11.75,21.68
9/16/25 10:11,5114,11.75,11.75,21.68
9/16/25 10:12,5115,11.75,11.75,21.67
9/16/25 10:14,5116,11.75,11.75,21.67
9/16/25 10:15,5117,11.75,11.75,21.67
9/16/25 10:16,5118,11.78,11.78,21.67
9/16/25 10:17,5119,11.75,11.75,21.67
9/16/25 10:18,5120,11.75,11.75,21.67
9/16/25 10:19,5121,11.75,11.75,21.67
9/16/25 10:20,5122,11.75,11.75,21.67
9/16/25 10:21,5123,11.75,11.75,21.67
9/16/25 10:22,5124,11.75,11.75,21.67
9/16/25 10:23,5125,11.75,11.75,21.67
9/16/25 10:25,5126,11.75,11.75,21.67
9/16/25 10:26,5127,11.76,11.76,21.67
9/16/25 10:27,5128,11.75,11.75,21.67
9/16/25 10:28,5129,11.75,11.75,21.66
9/16/25 10:29,5130,11.75,11.75,21.66
9/16/25 10:30,5131,11.75,11.75,21.66
9/16/25 10:31,5132,11.75,11.75,21.66
9/16/25 10:32,5133,11.75,11.75,21.66
9/16/25 10:33,5134,11.75,11.75,21.66
9/16/25 10:34,5135,11.75,11.75,21.66
9/16/25 10:36,5136,11.75,11.75,21.66
9/16/25 10:37,5137,11.77,11.77,21.66
9/16/25 10:38,5138,11.75,11.75,21.66
9/16/25 10:39,5139,11.75,11.75,21.66
9/16/25 10:40,5140,11.75,11.75,21.66
9/16/25 10:41,5141,11.76,11.76,21.65
9/16/25 10:42,5142,11.76,11.76,21.65
9/16/25 10:43,5143,11.75,11.75,21.65
9/16/25 10:44,5144,11.75,11.75,21.65
9/16/25 10:45,5145,11.75,11.75,21.65
9/16/25 10:47,5146,11.75,11.75,21.65
9/16/25 10:48,5147,11.75,11.75,21.65
9/16/25 10:49,5148,11.75,11.75,21.65
9/16/25 10:50,5149,11.75,11.75,21.65
9/16/25 10:51,5150,11.75,11.75,21.65
9/16/25 10:52,5151,11.75,11.75,21.65
9/16/25 10:53,5152,11.75,11.75,21.65
9/16/25 10:54,5153,11.75,11.75,21.65
9/16/25 10:55,5154,11.75,11.75,21.65
9/16/25 10:56,5155,11.75,11.75,21.65
9/16/25 10:58,5156,11.75,11.75,21.64
9/16/25 10:59,5157,11.77,11.77,21.64
9/16/25 11:00,5158,11.76,11.76,21.64
9/16/25 11:01,5159,11.74,11.74,21.64
9/16/25 11:02,5160,11.75,11.75,21.64
9/16/25 11:03,5161,11.75,11.75,21.64
9/16/25 11:04,5162,11.75,11.75,21.64
9/16/25 11:05,5163,11.75,11.75,21.64
9/16/25 11:06,5164,11.76,11.76,21.64
9/16/25 11:07,5165,11.74,11.74,21.64
9/16/25 11:09,5166,11.74,11.74,21.64
9/16/25 11:10,5167,11.75,11.75,21.64
9/16/25 11:11,5168,11.74,11.74,21.64
9/16/25 11:12,5169,11.75,11.75,21.64
9/16/25 11:13,5170,11.74,11.74,21.64
9/16/25 11:14,5171,11.75,11.75,21.64
9/16/25 11:15,5172,11.74,11.74,21.64
9/16/25 11:16,5173,11.74,11.74,21.64
9/16/25 11:17,5174,11.76,11.76,21.64
9/16/25 11:18,5175,11.74,11.74,21.64
9/16/25 11:20,5176,11.77,11.77,21.64
9/16/25 11:21,5177,11.83,11.83,21.64
9/16/25 11:22,5178,11.79,11.79,21.64
9/16/25 11:23,5179,11.77,11.77,21.64
9/16/25 11:24,5180,11.77,11.77,21.64
9/16/25 11:25,5181,11.74,11.74,21.65
9/16/25 11:26,5182,11.74,11.74,21.65
9/16/25 11:27,5183,11.74,11.74,21.65
9/16/25 11:28,5184,11.74,11.74,21.65
9/16/25 11:29,5185,11.75,11.75,21.65
9/16/25 11:31,5186,11.74,11.74,21.65
9/16/25 11:32,5187,11.74,11.74,21.65
9/16/25 11:33,5188,11.74,11.74,21.65
9/16/25 11:34,5189,11.74,11.74,21.65
9/16/25 11:35,5190,11.74,11.74,21.65
9/16/25 11:36,5191,11.74,11.74,21.65
9/16/25 11:37,5192,11.74,11.74,21.65
9/16/25 11:38,5193,11.74,11.74,21.64
9/16/25 11:39,5194,11.74,11.74,21.65
9/16/25 11:40,5195,11.76,11.76,21.65
9/16/25 11:42,5196,11.74,11.74,21.65
9/16/25 11:43,5197,11.75,11.75,21.65
9/16/25 11:44,5198,11.75,11.75,21.65
9/16/25 11:45,5199,11.74,11.74,21.65
9/16/25 11:46,5200,11.74,11.74,21.65
9/16/25 11:47,5201,11.74,11.74,21.65
9/16/25 11:48,5202,11.74,11.74,21.66
9/16/25 11:49,5203,11.74,11.74,21.66
9/16/25 11:50,5204,11.74,11.74,21.66
9/16/25 11:51,5205,11.74,11.74,21.66
9/16/25 11:53,5206,11.74,11.74,21.66
9/16/25 11:54,5207,11.74,11.74,21.67
9/16/25 11:55,5208,11.74,11.74,21.67
9/16/25 11:56,5209,11.74,11.74,21.67
9/16/25 11:57,5210,11.74,11.74,21.67
9/16/25 11:58,5211,11.74,11.74,21.68
9/16/25 11:59,5212,11.74,11.74,21.68
9/16/25 12:00,5213,11.74,11.74,21.68
9/16/25 12:01,5214,11.74,11.74,21.69
9/16/25 12:02,5215,11.73,11.73,21.69
9/16/25 12:04,5216,11.73,11.73,21.7
9/16/25 12:05,5217,11.74,11.74,21.7
9/16/25 12:06,5218,11.74,11.74,21.71
9/16/25 12:07,5219,11.74,11.74,21.71
9/16/25 12:08,5220,11.74,11.74,21.72
9/16/25 12:09,5221,11.74,11.74,21.72
9/16/25 12:10,5222,11.73,11.73,21.73
9/16/25 12:11,5223,11.74,11.74,21.73
9/16/25 12:12,5224,11.74,11.74,21.74
9/16/25 12:13,5225,11.74,11.74,21.74
9/16/25 12:15,5226,11.73,11.73,21.75
9/16/25 12:16,5227,11.73,11.73,21.76
9/16/25 12:17,5228,11.74,11.74,21.77
9/16/25 12:18,5229,11.73,11.73,21.78
9/16/25 12:19,5230,11.73,11.73,21.78
9/16/25 12:20,5231,11.74,11.74,21.79
9/16/25 12:21,5232,11.73,11.73,21.8
9/16/25 12:22,5233,11.74,11.74,21.8
9/16/25 12:23,5234,11.75,11.75,21.8
9/16/25 12:24,5235,11.73,11.73,21.81
9/16/25 12:26,5236,11.73,11.73,21.81
9/16/25 12:27,5237,11.74,11.74,21.82
9/16/25 12:28,5238,11.74,11.74,21.82
9/16/25 12:29,5239,11.73,11.73,21.82
9/16/25 12:30,5240,11.73,11.73,21.82
9/16/25 12:31,5241,11.74,11.74,21.82
9/16/25 12:32,5242,11.73,11.73,21.82
9/16/25 12:33,5243,11.73,11.73,21.82
9/16/25 12:34,5244,11.73,11.73,21.82
9/16/25 12:35,5245,11.73,11.73,21.82
9/16/25 12:37,5246,11.73,11.73,21.82
9/16/25 12:38,5247,11.74,11.74,21.82
9/16/25 12:39,5248,11.73,11.73,21.83
9/16/25 12:40,5249,11.73,11.73,21.83
9/16/25 12:41,5250,11.73,11.73,21.83
9/16/25 12:42,5251,11.74,11.74,21.83
9/16/25 12:43,5252,11.73,11.73,21.84
9/16/25 12:44,5253,11.75,11.75,21.84
9/16/25 12:45,5254,11.73,11.73,21.84
9/16/25 12:46,5255,11.73,11.73,21.84
9/16/25 12:48,5256,11.73,11.73,21.85
9/16/25 12:49,5257,11.73,11.73,21.85
9/16/25 12:50,5258,11.73,11.73,21.85
9/16/25 12:51,5259,11.73,11.73,21.85
9/16/25 12:52,5260,11.73,11.73,21.85
9/16/25 12:53,5261,11.73,11.73,21.86
9/16/25 12:54,5262,11.76,11.76,21.86
9/16/25 12:55,5263,11.73,11.73,21.86
9/16/25 12:56,5264,11.73,11.73,21.86
9/16/25 12:57,5265,11.73,11.73,21.86
9/16/25 12:59,5266,11.73,11.73,21.86
9/16/25 13:00,5267,11.74,11.74,21.87
9/16/25 13:01,5268,11.73,11.73,21.87
9/16/25 13:02,5269,11.73,11.73,21.87
9/16/25 13:03,5270,11.73,11.73,21.87
9/16/25 13:04,5271,11.73,11.73,21.87
9/16/25 13:05,5272,11.73,11.73,21.87
9/16/25 13:06,5273,11.73,11.73,21.87
9/16/25 13:07,5274,11.72,11.72,21.87
9/16/25 13:08,5275,11.73,11.73,21.87
9/16/25 13:10,5276,11.73,11.73,21.87
9/16/25 13:11,5277,11.73,11.73,21.88
9/16/25 13:12,5278,11.73,11.73,21.88
9/16/25 13:13,5279,11.73,11.73,21.88
9/16/25 13:14,5280,11.73,11.73,21.88
9/16/25 13:15,5281,11.73,11.73,21.88
9/16/25 13:16,5282,11.73,11.73,21.88
9/16/25 13:17,5283,11.73,11.73,21.88
9/16/25 13:18,5284,11.73,11.73,21.88
9/16/25 13:19,5285,11.73,11.73,21.88
9/16/25 13:21,5286,11.77,11.77,21.88
9/16/25 13:22,5287,11.74,11.74,21.88
9/16/25 13:23,5288,11.72,11.72,21.88
9/16/25 13:24,5289,11.72,11.72,21.88
9/16/25 13:25,5290,11.72,11.72,21.89
9/16/25 13:26,5291,11.73,11.73,21.89
9/16/25 13:27,5292,11.75,11.75,21.89
9/16/25 13:28,5293,11.72,11.72,21.89
9/16/25 13:29,5294,11.72,11.72,21.89
9/16/25 13:30,5295,11.72,11.72,21.89
9/16/25 13:32,5296,11.73,11.73,21.89
9/16/25 13:33,5297,11.73,11.73,21.89
9/16/25 13:34,5298,11.73,11.73,21.89
9/16/25 13:35,5299,11.72,11.72,21.89
9/16/25 13:36,5300,11.73,11.73,21.89
9/16/25 13:37,5301,11.72,11.72,21.89
9/16/25 13:38,5302,11.72,11.72,21.9
9/16/25 13:39,5303,11.72,11.72,21.9
9/16/25 13:40,5304,11.72,11.72,21.9
9/16/25 13:41,5305,11.73,11.73,21.91
9/16/25 13:43,5306,11.72,11.72,21.91
9/16/25 13:44,5307,11.72,11.72,21.91
9/16/25 13:45,5308,11.72,11.72,21.91
9/16/25 13:46,5309,11.72,11.72,21.91
9/16/25 13:47,5310,11.72,11.72,21.92
9/16/25 13:48,5311,11.75,11.75,21.92
9/16/25 13:49,5312,11.72,11.72,21.92
9/16/25 13:50,5313,11.73,11.73,21.92
9/16/25 13:51,5314,11.72,11.72,21.92
9/16/25 13:52,5315,11.72,11.72,21.92
9/16/25 13:54,5316,11.72,11.72,21.92
9/16/25 13:55,5317,11.72,11.72,21.92
9/16/25 13:56,5318,11.72,11.72,21.92
9/16/25 13:57,5319,11.72,11.72,21.92
9/16/25 13:58,5320,11.74,11.74,21.91
9/16/25 13:59,5321,11.72,11.72,21.91
9/16/25 14:00,5322,11.72,11.72,21.91
9/16/25 14:01,5323,11.72,11.72,21.92
9/16/25 14:02,5324,11.72,11.72,21.92
9/16/25 14:03,5325,11.72,11.72,21.92
9/16/25 14:05,5326,11.72,11.72,21.92
9/16/25 14:06,5327,11.72,11.72,21.92
9/16/25 14:07,5328,11.72,11.72,21.92
9/16/25 14:08,5329,11.72,11.72,21.92
9/16/25 14:09,5330,11.72,11.72,21.92
9/16/25 14:10,5331,11.72,11.72,21.92
9/16/25 14:11,5332,11.72,11.72,21.92
9/16/25 14:12,5333,11.73,11.73,21.92
9/16/25 14:13,5334,11.72,11.72,21.92
9/16/25 14:14,5335,11.72,11.72,21.92
9/16/25 14:16,5336,11.72,11.72,21.92
9/16/25 14:17,5337,11.72,11.72,21.92
9/16/25 14:18,5338,11.72,11.72,21.93
9/16/25 14:19,5339,11.72,11.72,21.93
9/16/25 14:20,5340,11.72,11.72,21.94
9/16/25 14:21,5341,11.72,11.72,21.94
9/16/25 14:22,5342,11.72,11.72,21.95
9/16/25 14:23,5343,11.72,11.72,21.96
9/16/25 14:24,5344,11.72,11.72,21.96
9/16/25 14:25,5345,11.72,11.72,21.97
9/16/25 14:27,5346,11.72,11.72,21.97
9/16/25 14:28,5347,11.72,11.72,21.98
9/16/25 14:29,5348,11.72,11.72,21.98
9/16/25 14:30,5349,11.72,11.72,21.99
9/16/25 14:31,5350,11.74,11.74,22
9/16/25 14:32,5351,11.72,11.72,22.01
9/16/25 14:33,5352,11.71,11.71,22.01
9/16/25 14:34,5353,11.71,11.71,22.02
9/16/25 14:35,5354,11.71,11.71,22.02
9/16/25 14:36,5355,11.72,11.72,22.02
9/16/25 14:38,5356,11.71,11.71,22.03
9/16/25 14:39,5357,11.72,11.72,22.04
9/16/25 14:40,5358,11.71,11.71,22.04
9/16/25 14:41,5359,11.72,11.72,22.05
9/16/25 14:42,5360,11.72,11.72,22.06
9/16/25 14:43,5361,11.75,11.75,22.06
9/16/25 14:44,5362,11.71,11.71,22.07
9/16/25 14:45,5363,11.72,11.72,22.07
9/16/25 14:46,5364,11.71,11.71,22.08
9/16/25 14:47,5365,11.71,11.71,22.09
9/16/25 14:49,5366,11.73,11.73,22.09
9/16/25 14:50,5367,11.71,11.71,22.1
9/16/25 14:51,5368,11.72,11.72,22.1
9/16/25 14:52,5369,11.73,11.73,22.11
9/16/25 14:53,5370,11.71,11.71,22.11
9/16/25 14:54,5371,11.71,11.71,22.11
9/16/25 14:55,5372,11.71,11.71,22.12
9/16/25 14:56,5373,11.71,11.71,22.12
9/16/25 14:57,5374,11.72,11.72,22.12
9/16/25 14:58,5375,11.71,11.71,22.13
9/16/25 15:00,5376,11.71,11.71,22.13
9/16/25 15:01,5377,11.71,11.71,22.14
9/16/25 15:02,5378,11.75,11.75,22.14
9/16/25 15:03,5379,11.71,11.71,22.14
9/16/25 15:04,5380,11.71,11.71,22.14
9/16/25 15:05,5381,11.71,11.71,22.15
9/16/25 15:06,5382,11.71,11.71,22.15
9/16/25 15:07,5383,11.71,11.71,22.15
9/16/25 15:08,5384,11.71,11.71,22.15
9/16/25 15:09,5385,11.71,11.71,22.15
9/16/25 15:11,5386,11.71,11.71,22.15
9/16/25 15:12,5387,11.71,11.71,22.15
9/16/25 15:13,5388,11.71,11.71,22.15
9/16/25 15:14,5389,11.71,11.71,22.14
9/16/25 15:15,5390,11.71,11.71,22.14
9/16/25 15:16,5391,11.71,11.71,22.14
9/16/25 15:17,5392,11.71,11.71,22.13
9/16/25 15:18,5393,11.71,11.71,22.13
9/16/25 15:19,5394,11.73,11.73,22.13
9/16/25 15:20,5395,11.76,11.76,22.12
9/16/25 15:22,5396,11.71,11.71,22.12
9/16/25 15:23,5397,11.74,11.74,22.12
9/16/25 15:24,5398,11.71,11.71,22.11
9/16/25 15:25,5399,11.7,11.7,22.11
9/16/25 15:26,5400,11.71,11.71,22.1
9/16/25 15:27,5401,11.71,11.71,22.1
9/16/25 15:28,5402,11.71,11.71,22.1
9/16/25 15:29,5403,11.71,11.71,22.1
9/16/25 15:30,5404,11.71,11.71,22.09
9/16/25 15:31,5405,11.71,11.71,22.09
9/16/25 15:33,5406,11.71,11.71,22.09
9/16/25 15:34,5407,11.71,11.71,22.08
9/16/25 15:35,5408,11.73,11.73,22.08
9/16/25 15:36,5409,11.7,11.7,22.07
9/16/25 15:37,5410,11.71,11.71,22.07
9/16/25 15:38,5411,11.71,11.71,22.07
9/16/25 15:39,5412,11.7,11.7,22.06
9/16/25 15:40,5413,11.71,11.71,22.06
9/16/25 15:41,5414,11.7,11.7,22.06
9/16/25 15:42,5415,11.7,11.7,22.06
9/16/25 15:44,5416,11.7,11.7,22.06
9/16/25 15:45,5417,11.71,11.71,22.05
9/16/25 15:46,5418,11.71,11.71,22.05
9/16/25 15:47,5419,11.71,11.71,22.04
9/16/25 15:48,5420,11.7,11.7,22.04
9/16/25 15:49,5421,11.7,11.7,22.04
9/16/25 15:50,5422,11.7,11.7,22.03
9/16/25 15:51,5423,11.7,11.7,22.03
9/16/25 15:52,5424,11.7,11.7,22.02
9/16/25 15:53,5425,11.7,11.7,22.02
9/16/25 15:55,5426,11.7,11.7,22.02
9/16/25 15:56,5427,11.73,11.73,22.01
9/16/25 15:57,5428,11.7,11.7,22.01
9/16/25 15:58,5429,11.7,11.7,22
9/16/25 15:59,5430,11.7,11.7,22
9/16/25 16:00,5431,11.7,11.7,21.99
9/16/25 16:01,5432,11.7,11.7,21.99
9/16/25 16:02,5433,11.7,11.7,21.98
9/16/25 16:03,5434,11.7,11.7,21.98
9/16/25 16:04,5435,11.7,11.7,21.98
9/16/25 16:06,5436,11.7,11.7,21.97
9/16/25 16:07,5437,11.71,11.71,21.97
9/16/25 16:08,5438,11.7,11.7,21.96
9/16/25 16:09,5439,11.71,11.71,21.96
9/16/25 16:10,5440,11.7,11.7,21.96
9/16/25 16:11,5441,11.7,11.7,21.96
9/16/25 16:12,5442,11.7,11.7,21.95
9/16/25 16:13,5443,11.7,11.7,21.95
9/16/25 16:14,5444,11.7,11.7,21.95
9/16/25 16:15,5445,11.7,11.7,21.95
9/16/25 16:17,5446,11.72,11.72,21.94
9/16/25 16:18,5447,11.7,11.7,21.94
9/16/25 16:19,5448,11.7,11.7,21.94
9/16/25 16:20,5449,11.7,11.7,21.94
9/16/25 16:21,5450,11.7,11.7,21.94
9/16/25 16:22,5451,11.7,11.7,21.94
9/16/25 16:23,5452,11.7,11.7,21.94
9/16/25 16:24,5453,11.7,11.7,21.93
9/16/25 16:25,5454,11.7,11.7,21.93
9/16/25 16:26,5455,11.7,11.7,21.93
9/16/25 16:28,5456,11.7,11.7,21.93
9/16/25 16:29,5457,11.7,11.7,21.92
9/16/25 16:30,5458,11.7,11.7,21.92
9/16/25 16:31,5459,11.7,11.7,21.92
9/16/25 16:32,5460,11.7,11.7,21.92
9/16/25 16:33,5461,11.7,11.7,21.91
9/16/25 16:34,5462,11.7,11.7,21.91
9/16/25 16:35,5463,11.7,11.7,21.91
9/16/25 16:36,5464,11.69,11.69,21.91
9/16/25 16:37,5465,11.7,11.7,21.91
9/16/25 16:39,5466,11.72,11.72,21.9
9/16/25 16:40,5467,11.69,11.69,21.9
9/16/25 16:41,5468,11.7,11.7,21.9
9/16/25 16:42,5469,11.69,11.69,21.9
9/16/25 16:43,5470,11.69,11.69,21.9
9/16/25 16:44,5471,11.7,11.7,21.9
9/16/25 16:45,5472,11.69,11.69,21.89
9/16/25 16:46,5473,11.69,11.69,21.89
9/16/25 16:47,5474,11.69,11.69,21.89
9/16/25 16:48,5475,11.69,11.69,21.88
9/16/25 16:50,5476,11.69,11.69,21.88
9/16/25 16:51,5477,11.7,11.7,21.88
9/16/25 16:52,5478,11.69,11.69,21.88
9/16/25 16:53,5479,11.69,11.69,21.88
9/16/25 16:54,5480,11.69,11.69,21.88
9/16/25 16:55,5481,11.69,11.69,21.88
9/16/25 16:56,5482,11.7,11.7,21.88
9/16/25 16:57,5483,11.69,11.69,21.87
9/16/25 16:58,5484,11.69,11.69,21.87
9/16/25 16:59,5485,11.71,11.71,21.87
9/16/25 17:01,5486,11.69,11.69,21.87
9/16/25 17:02,5487,11.69,11.69,21.87
9/16/25 17:03,5488,11.69,11.69,21.87
9/16/25 17:04,5489,11.69,11.69,21.87
9/16/25 17:05,5490,11.69,11.69,21.87
9/16/25 17:06,5491,11.69,11.69,21.87
9/16/25 17:07,5492,11.69,11.69,21.86
9/16/25 17:08,5493,11.69,11.69,21.86
9/16/25 17:09,5494,11.73,11.73,21.86
9/16/25 17:10,5495,11.69,11.69,21.86
9/16/25 17:12,5496,11.69,11.69,21.86
9/16/25 17:13,5497,11.69,11.69,21.85
9/16/25 17:14,5498,11.69,11.69,21.85
9/16/25 17:15,5499,11.7,11.7,21.85
9/16/25 17:16,5500,11.69,11.69,21.85
9/16/25 17:17,5501,11.69,11.69,21.85
9/16/25 17:18,5502,11.69,11.69,21.85
9/16/25 17:19,5503,11.69,11.69,21.85
9/16/25 17:20,5504,11.71,11.71,21.85
9/16/25 17:21,5505,11.69,11.69,21.85
9/16/25 17:23,5506,11.69,11.69,21.85
9/16/25 17:24,5507,11.7,11.7,21.85
9/16/25 17:25,5508,11.69,11.69,21.85
9/16/25 17:26,5509,11.69,11.69,21.85
9/16/25 17:27,5510,11.69,11.69,21.85
9/16/25 17:28,5511,11.69,11.69,21.85
9/16/25 17:29,5512,11.69,11.69,21.85
9/16/25 17:30,5513,11.69,11.69,21.85
9/16/25 17:31,5514,11.69,11.69,21.85
9/16/25 17:32,5515,11.69,11.69,21.85
9/16/25 17:34,5516,11.69,11.69,21.85
9/16/25 17:35,5517,11.69,11.69,21.85
9/16/25 17:36,5518,11.69,11.69,21.85
9/16/25 17:37,5519,11.69,11.69,21.84
9/16/25 17:38,5520,11.69,11.69,21.84
9/16/25 17:39,5521,11.69,11.69,21.84
9/16/25 17:40,5522,11.69,11.69,21.84
9/16/25 17:41,5523,11.69,11.69,21.84
9/16/25 17:42,5524,11.71,11.71,21.83
9/16/25 17:43,5525,11.69,11.69,21.83
9/16/25 17:45,5526,11.69,11.69,21.83
9/16/25 17:46,5527,11.69,11.69,21.84
9/16/25 17:47,5528,11.69,11.69,21.84
9/16/25 17:48,5529,11.68,11.68,21.84
9/16/25 17:49,5530,11.68,11.68,21.84
9/16/25 17:50,5531,11.69,11.69,21.84
9/16/25 17:51,5532,11.69,11.69,21.84
9/16/25 17:52,5533,11.68,11.68,21.84
9/16/25 17:53,5534,11.69,11.69,21.83
9/16/25 17:54,5535,11.68,11.68,21.83
9/16/25 17:56,5536,11.68,11.68,21.83
9/16/25 17:57,5537,11.68,11.68,21.83
9/16/25 17:58,5538,11.69,11.69,21.83
9/16/25 17:59,5539,11.68,11.68,21.83
9/16/25 18:00,5540,11.68,11.68,21.83
9/16/25 18:01,5541,11.68,11.68,21.83
9/16/25 18:02,5542,11.68,11.68,21.83
9/16/25 18:03,5543,11.7,11.7,21.83
9/16/25 18:04,5544,11.68,11.68,21.83
9/16/25 18:05,5545,11.68,11.68,21.83
9/16/25 18:07,5546,11.68,11.68,21.83
9/16/25 18:08,5547,11.68,11.68,21.83
9/16/25 18:09,5548,11.68,11.68,21.83
9/16/25 18:10,5549,11.68,11.68,21.83
9/16/25 18:11,5550,11.68,11.68,21.83
9/16/25 18:12,5551,11.69,11.69,21.83
9/16/25 18:13,5552,11.68,11.68,21.83
9/16/25 18:14,5553,11.68,11.68,21.84
9/16/25 18:15,5554,11.68,11.68,21.84
9/16/25 18:16,5555,11.69,11.69,21.84
9/16/25 18:18,5556,11.68,11.68,21.83
9/16/25 18:19,5557,11.68,11.68,21.83
9/16/25 18:20,5558,11.68,11.68,21.83
9/16/25 18:21,5559,11.68,11.68,21.83
9/16/25 18:22,5560,11.68,11.68,21.83
9/16/25 18:23,5561,11.68,11.68,21.83
9/16/25 18:24,5562,11.7,11.7,21.83
9/16/25 18:25,5563,11.68,11.68,21.82
9/16/25 18:26,5564,11.68,11.68,21.82
9/16/25 18:27,5565,11.68,11.68,21.82
9/16/25 18:29,5566,11.68,11.68,21.83
9/16/25 18:30,5567,11.68,11.68,21.82
9/16/25 18:31,5568,11.68,11.68,21.82
9/16/25 18:32,5569,11.68,11.68,21.82
9/16/25 18:33,5570,11.68,11.68,21.82
9/16/25 18:34,5571,11.7,11.7,21.82
9/16/25 18:35,5572,11.68,11.68,21.82
9/16/25 18:36,5573,11.68,11.68,21.82
9/16/25 18:37,5574,11.68,11.68,21.82
9/16/25 18:38,5575,11.68,11.68,21.82
9/16/25 18:40,5576,11.68,11.68,21.82
9/16/25 18:41,5577,11.68,11.68,21.82
9/16/25 18:42,5578,11.68,11.68,21.81
9/16/25 18:43,5579,11.68,11.68,21.81
9/16/25 18:44,5580,11.68,11.68,21.81
9/16/25 18:45,5581,11.68,11.68,21.81
9/16/25 18:46,5582,11.69,11.69,21.81
9/16/25 18:47,5583,11.67,11.67,21.81
9/16/25 18:48,5584,11.67,11.67,21.82
9/16/25 18:49,5585,11.67,11.67,21.82
9/16/25 18:51,5586,11.67,11.67,21.82
9/16/25 18:52,5587,11.67,11.67,21.82
9/16/25 18:53,5588,11.67,11.67,21.81
9/16/25 18:54,5589,11.67,11.67,21.81
9/16/25 18:55,5590,11.68,11.68,21.81
9/16/25 18:56,5591,11.68,11.68,21.81
9/16/25 18:57,5592,11.67,11.67,21.81
9/16/25 18:58,5593,11.67,11.67,21.81
9/16/25 18:59,5594,11.67,11.67,21.81
9/16/25 19:00,5595,11.67,11.67,21.8
9/16/25 19:02,5596,11.67,11.67,21.8
9/16/25 19:03,5597,11.68,11.68,21.8
9/16/25 19:04,5598,11.67,11.67,21.8
9/16/25 19:05,5599,11.67,11.67,21.8
9/16/25 19:06,5600,11.67,11.67,21.8
9/16/25 19:07,5601,11.69,11.69,21.8
9/16/25 19:08,5602,11.67,11.67,21.8
9/16/25 19:09,5603,11.67,11.67,21.8
9/16/25 19:10,5604,11.68,11.68,21.8
9/16/25 19:11,5605,11.67,11.67,21.8
9/16/25 19:13,5606,11.68,11.68,21.8
9/16/25 19:14,5607,11.67,11.67,21.8
9/16/25 19:15,5608,11.72,11.72,21.8
9/16/25 19:16,5609,11.69,11.69,21.8
9/16/25 19:17,5610,11.73,11.73,21.8
9/16/25 19:18,5611,11.67,11.67,21.8
9/16/25 19:19,5612,11.74,11.74,21.8
9/16/25 19:20,5613,11.69,11.69,21.79
9/16/25 19:21,5614,11.7,11.7,21.79
9/16/25 19:22,5615,11.67,11.67,21.79
9/16/25 19:24,5616,11.66,11.66,21.79
9/16/25 19:25,5617,11.67,11.67,21.79
9/16/25 19:26,5618,11.67,11.67,21.79
9/16/25 19:27,5619,11.67,11.67,21.79
9/16/25 19:28,5620,11.69,11.69,21.79
9/16/25 19:29,5621,11.67,11.67,21.79
9/16/25 19:30,5622,11.67,11.67,21.79
9/16/25 19:31,5623,11.67,11.67,21.79
9/16/25 19:32,5624,11.67,11.67,21.79
9/16/25 19:33,5625,11.67,11.67,21.79
9/16/25 19:35,5626,11.67,11.67,21.79
9/16/25 19:36,5627,11.67,11.67,21.79
9/16/25 19:37,5628,11.67,11.67,21.79
9/16/25 19:38,5629,11.69,11.69,21.79
9/16/25 19:39,5630,11.67,11.67,21.79
9/16/25 19:40,5631,11.67,11.67,21.79
9/16/25 19:41,5632,11.66,11.66,21.78
9/16/25 19:42,5633,11.67,11.67,21.78
9/16/25 19:43,5634,11.67,11.67,21.78
9/16/25 19:44,5635,11.67,11.67,21.78
9/16/25 19:46,5636,11.67,11.67,21.78
9/16/25 19:47,5637,11.67,11.67,21.78
9/16/25 19:48,5638,11.67,11.67,21.78
9/16/25 19:49,5639,11.67,11.67,21.78
9/16/25 19:50,5640,11.66,11.66,21.78
9/16/25 19:51,5641,11.67,11.67,21.78
9/16/25 19:52,5642,11.66,11.66,21.78
9/16/25 19:53,5643,11.67,11.67,21.78
9/16/25 19:54,5644,11.66,11.66,21.78
9/16/25 19:55,5645,11.66,11.66,21.78
9/16/25 19:57,5646,11.66,11.66,21.78
9/16/25 19:58,5647,11.66,11.66,21.78
9/16/25 19:59,5648,11.66,11.66,21.78
9/16/25 20:00,5649,11.66,11.66,21.78
9/16/25 20:01,5650,11.66,11.66,21.78
9/16/25 20:02,5651,11.67,11.67,21.78
9/16/25 20:03,5652,11.66,11.66,21.78
9/16/25 20:04,5653,11.66,11.66,21.78
9/16/25 20:05,5654,11.66,11.66,21.78
9/16/25 20:06,5655,11.66,11.66,21.78
9/16/25 20:08,5656,11.66,11.66,21.78
9/16/25 20:09,5657,11.67,11.67,21.78
9/16/25 20:10,5658,11.66,11.66,21.78
9/16/25 20:11,5659,11.68,11.68,21.78
9/16/25 20:12,5660,11.66,11.66,21.77
9/16/25 20:13,5661,11.67,11.67,21.77
9/16/25 20:14,5662,11.66,11.66,21.77
9/16/25 20:15,5663,11.66,11.66,21.77
9/16/25 20:16,5664,11.66,11.66,21.77
9/16/25 20:17,5665,11.66,11.66,21.77
9/16/25 20:19,5666,11.66,11.66,21.77
9/16/25 20:20,5667,11.66,11.66,21.77
9/16/25 20:21,5668,11.66,11.66,21.77
9/16/25 20:22,5669,11.66,11.66,21.76
9/16/25 20:23,5670,11.66,11.66,21.76
9/16/25 20:24,5671,11.66,11.66,21.76
9/16/25 20:25,5672,11.66,11.66,21.77
9/16/25 20:26,5673,11.66,11.66,21.77
9/16/25 20:27,5674,11.66,11.66,21.77
9/16/25 20:28,5675,11.66,11.66,21.77
9/16/25 20:30,5676,11.66,11.66,21.77
9/16/25 20:31,5677,11.66,11.66,21.77
9/16/25 20:32,5678,11.68,11.68,21.77
9/16/25 20:33,5679,11.66,11.66,21.77
9/16/25 20:34,5680,11.66,11.66,21.77
9/16/25 20:35,5681,11.66,11.66,21.77
9/16/25 20:36,5682,11.66,11.66,21.77
9/16/25 20:37,5683,11.66,11.66,21.77
9/16/25 20:38,5684,11.66,11.66,21.77
9/16/25 20:39,5685,11.66,11.66,21.77
9/16/25 20:41,5686,11.66,11.66,21.76
9/16/25 20:42,5687,11.66,11.66,21.76
9/16/25 20:43,5688,11.66,11.66,21.76
9/16/25 20:44,5689,11.66,11.66,21.76
9/16/25 20:45,5690,11.66,11.66,21.76
9/16/25 20:46,5691,11.66,11.66,21.76
9/16/25 20:47,5692,11.66,11.66,21.76
9/16/25 20:48,5693,11.66,11.66,21.76
9/16/25 20:49,5694,11.66,11.66,21.76
9/16/25 20:50,5695,11.66,11.66,21.76
9/16/25 20:52,5696,11.66,11.66,21.76
9/16/25 20:53,5697,11.68,11.68,21.76
9/16/25 20:54,5698,11.65,11.65,21.76
9/16/25 20:55,5699,11.66,11.66,21.76
9/16/25 20:56,5700,11.66,11.66,21.76
9/16/25 20:57,5701,11.66,11.66,21.76
9/16/25 20:58,5702,11.65,11.65,21.76
9/16/25 20:59,5703,11.66,11.66,21.75
9/16/25 21:00,5704,11.66,11.66,21.75
9/16/25 21:01,5705,11.65,11.65,21.75
9/16/25 21:03,5706,11.66,11.66,21.75
9/16/25 21:04,5707,11.65,11.65,21.75
9/16/25 21:05,5708,11.65,11.65,21.75
9/16/25 21:06,5709,11.66,11.66,21.75
9/16/25 21:07,5710,11.65,11.65,21.75
9/16/25 21:08,5711,11.66,11.66,21.75
9/16/25 21:09,5712,11.65,11.65,21.75
9/16/25 21:10,5713,11.65,11.65,21.75
9/16/25 21:11,5714,11.65,11.65,21.75
9/16/25 21:12,5715,11.65,11.65,21.75
9/16/25 21:14,5716,11.65,11.65,21.75
9/16/25 21:15,5717,11.67,11.67,21.75
9/16/25 21:16,5718,11.66,11.66,21.75
9/16/25 21:17,5719,11.65,11.65,21.75
9/16/25 21:18,5720,11.65,11.65,21.75
9/16/25 21:19,5721,11.65,11.65,21.75
9/16/25 21:20,5722,11.65,11.65,21.75
9/16/25 21:21,5723,11.65,11.65,21.74
9/16/25 21:22,5724,11.65,11.65,21.74
9/16/25 21:23,5725,11.65,11.65,21.74
9/16/25 21:25,5726,11.65,11.65,21.74
9/16/25 21:26,5727,11.65,11.65,21.74
9/16/25 21:27,5728,11.66,11.66,21.74
9/16/25 21:28,5729,11.65,11.65,21.73
9/16/25 21:29,5730,11.65,11.65,21.73
9/16/25 21:30,5731,11.65,11.65,21.73
9/16/25 21:31,5732,11.65,11.65,21.73
9/16/25 21:32,5733,11.65,11.65,21.73
9/16/25 21:33,5734,11.65,11.65,21.73
9/16/25 21:34,5735,11.65,11.65,21.73
9/16/25 21:36,5736,11.67,11.67,21.72
9/16/25 21:37,5737,11.65,11.65,21.72
9/16/25 21:38,5738,11.65,11.65,21.72
9/16/25 21:39,5739,11.65,11.65,21.72
9/16/25 21:40,5740,11.65,11.65,21.72
9/16/25 21:41,5741,11.66,11.66,21.72
9/16/25 21:42,5742,11.65,11.65,21.72
9/16/25 21:43,5743,11.65,11.65,21.72
9/16/25 21:44,5744,11.65,11.65,21.72
9/16/25 21:45,5745,11.66,11.66,21.72
9/16/25 21:47,5746,11.65,11.65,21.72
9/16/25 21:48,5747,11.65,11.65,21.72
9/16/25 21:49,5748,11.65,11.65,21.72
9/16/25 21:50,5749,11.65,11.65,21.72
9/16/25 21:51,5750,11.65,11.65,21.72
9/16/25 21:52,5751,11.65,11.65,21.71
9/16/25 21:53,5752,11.64,11.64,21.71
9/16/25 21:54,5753,11.65,11.65,21.71
9/16/25 21:55,5754,11.64,11.64,21.71
9/16/25 21:56,5755,11.67,11.67,21.71
9/16/25 21:58,5756,11.64,11.64,21.71
9/16/25 21:59,5757,11.65,11.65,21.71
9/16/25 22:00,5758,11.65,11.65,21.71
9/16/25 22:01,5759,11.64,11.64,21.71
9/16/25 22:02,5760,11.64,11.64,21.71
9/16/25 22:03,5761,11.64,11.64,21.72
9/16/25 22:04,5762,11.65,11.65,21.71
9/16/25 22:05,5763,11.65,11.65,21.71
9/16/25 22:06,5764,11.64,11.64,21.72
9/16/25 22:07,5765,11.65,11.65,21.72
9/16/25 22:09,5766,11.64,11.64,21.72
9/16/25 22:10,5767,11.64,11.64,21.71
9/16/25 22:11,5768,11.66,11.66,21.71
9/16/25 22:12,5769,11.64,11.64,21.71
9/16/25 22:13,5770,11.64,11.64,21.71
9/16/25 22:14,5771,11.64,11.64,21.71
9/16/25 22:15,5772,11.65,11.65,21.7
9/16/25 22:16,5773,11.64,11.64,21.7
9/16/25 22:17,5774,11.64,11.64,21.7
9/16/25 22:18,5775,11.66,11.66,21.69
9/16/25 22:20,5776,11.64,11.64,21.69
9/16/25 22:21,5777,11.64,11.64,21.69
9/16/25 22:22,5778,11.64,11.64,21.68
9/16/25 22:23,5779,11.64,11.64,21.68
9/16/25 22:24,5780,11.64,11.64,21.68
9/16/25 22:25,5781,11.64,11.64,21.67
9/16/25 22:26,5782,11.64,11.64,21.67
9/16/25 22:27,5783,11.64,11.64,21.67
9/16/25 22:28,5784,11.64,11.64,21.66
9/16/25 22:29,5785,11.64,11.64,21.66
9/16/25 22:31,5786,11.64,11.64,21.66
9/16/25 22:32,5787,11.64,11.64,21.65
9/16/25 22:33,5788,11.64,11.64,21.65
9/16/25 22:34,5789,11.65,11.65,21.65
9/16/25 22:35,5790,11.64,11.64,21.64
9/16/25 22:36,5791,11.64,11.64,21.64
9/16/25 22:37,5792,11.64,11.64,21.64
9/16/25 22:38,5793,11.64,11.64,21.63
9/16/25 22:39,5794,11.66,11.66,21.63
9/16/25 22:40,5795,11.64,11.64,21.62
9/16/25 22:42,5796,11.64,11.64,21.62
9/16/25 22:43,5797,11.64,11.64,21.62
9/16/25 22:44,5798,11.64,11.64,21.61
9/16/25 22:45,5799,11.64,11.64,21.61
9/16/25 22:46,5800,11.63,11.63,21.61
9/16/25 22:47,5801,11.64,11.64,21.61
9/16/25 22:48,5802,11.64,11.64,21.6
9/16/25 22:49,5803,11.64,11.64,21.6
9/16/25 22:50,5804,11.64,11.64,21.6
9/16/25 22:51,5805,11.64,11.64,21.6
9/16/25 22:53,5806,11.64,11.64,21.6
9/16/25 22:54,5807,11.64,11.64,21.59
9/16/25 22:55,5808,11.63,11.63,21.59
9/16/25 22:56,5809,11.64,11.64,21.59
9/16/25 22:57,5810,11.64,11.64,21.59
9/16/25 22:58,5811,11.64,11.64,21.59
9/16/25 22:59,5812,11.63,11.63,21.59
9/16/25 23:00,5813,11.66,11.66,21.59
9/16/25 23:01,5814,11.63,11.63,21.59
9/16/25 23:02,5815,11.63,11.63,21.58
9/16/25 23:04,5816,11.63,11.63,21.58
9/16/25 23:05,5817,11.63,11.63,21.58
9/16/25 23:06,5818,11.63,11.63,21.58
9/16/25 23:07,5819,11.63,11.63,21.58
9/16/25 23:08,5820,11.63,11.63,21.58
9/16/25 23:09,5821,11.64,11.64,21.58
9/16/25 23:10,5822,11.65,11.65,21.58
9/16/25 23:11,5823,11.7,11.7,21.58
9/16/25 23:12,5824,11.71,11.71,21.58
9/16/25 23:13,5825,11.63,11.63,21.58
9/16/25 23:15,5826,11.77,11.77,21.58
9/16/25 23:16,5827,11.68,11.68,21.58
9/16/25 23:17,5828,11.66,11.66,21.58
9/16/25 23:18,5829,11.63,11.63,21.58
9/16/25 23:19,5830,11.63,11.63,21.58
9/16/25 23:20,5831,11.63,11.63,21.58
9/16/25 23:21,5832,11.63,11.63,21.58
9/16/25 23:22,5833,11.63,11.63,21.58
9/16/25 23:23,5834,11.64,11.64,21.58
9/16/25 23:24,5835,11.63,11.63,21.58
9/16/25 23:26,5836,11.63,11.63,21.57
9/16/25 23:27,5837,11.63,11.63,21.57
9/16/25 23:28,5838,11.63,11.63,21.57
9/16/25 23:29,5839,11.64,11.64,21.57
9/16/25 23:30,5840,11.63,11.63,21.57
9/16/25 23:31,5841,11.63,11.63,21.57
9/16/25 23:32,5842,11.63,11.63,21.56
9/16/25 23:33,5843,11.63,11.63,21.56
9/16/25 23:34,5844,11.63,11.63,21.56
9/16/25 23:35,5845,11.63,11.63,21.56
9/16/25 23:37,5846,11.63,11.63,21.56
9/16/25 23:38,5847,11.63,11.63,21.56
9/16/25 23:39,5848,11.63,11.63,21.56
9/16/25 23:40,5849,11.63,11.63,21.56
9/16/25 23:41,5850,11.63,11.63,21.56
9/16/25 23:42,5851,11.63,11.63,21.56
9/16/25 23:43,5852,11.65,11.65,21.56
9/16/25 23:44,5853,11.63,11.63,21.56
9/16/25 23:45,5854,11.63,11.63,21.56
9/16/25 23:46,5855,11.63,11.63,21.56
9/16/25 23:48,5856,11.63,11.63,21.55
9/16/25 23:49,5857,11.63,11.63,21.55
9/16/25 23:50,5858,11.63,11.63,21.55
9/16/25 23:51,5859,11.63,11.63,21.56
9/16/25 23:52,5860,11.63,11.63,21.56
9/16/25 23:53,5861,11.63,11.63,21.56
9/16/25 23:54,5862,11.62,11.62,21.56
9/16/25 23:55,5863,11.62,11.62,21.56
9/16/25 23:56,5864,11.62,11.62,21.56
9/16/25 23:57,5865,11.63,11.63,21.56
9/16/25 23:59,5866,11.63,11.63,21.56
9/17/25 0:00,5867,11.63,11.63,21.56
9/17/25 0:01,5868,11.62,11.62,21.57
9/17/25 0:02,5869,11.62,11.62,21.57
9/17/25 0:03,5870,11.63,11.63,21.57
9/17/25 0:04,5871,11.65,11.65,21.57
9/17/25 0:05,5872,11.62,11.62,21.57
9/17/25 0:06,5873,11.62,11.62,21.57
9/17/25 0:07,5874,11.62,11.62,21.57
9/17/25 0:08,5875,11.62,11.62,21.57
9/17/25 0:10,5876,11.62,11.62,21.57
9/17/25 0:11,5877,11.62,11.62,21.57
9/17/25 0:12,5878,11.62,11.62,21.57
9/17/25 0:13,5879,11.62,11.62,21.57
9/17/25 0:14,5880,11.65,11.65,21.57
9/17/25 0:15,5881,11.62,11.62,21.57
9/17/25 0:16,5882,11.62,11.62,21.57
9/17/25 0:17,5883,11.62,11.62,21.57
9/17/25 0:18,5884,11.62,11.62,21.57
9/17/25 0:19,5885,11.62,11.62,21.57
9/17/25 0:21,5886,11.62,11.62,21.57
9/17/25 0:22,5887,11.62,11.62,21.56
9/17/25 0:23,5888,11.62,11.62,21.56
9/17/25 0:24,5889,11.62,11.62,21.56
9/17/25 0:25,5890,11.62,11.62,21.56
9/17/25 0:26,5891,11.62,11.62,21.56
9/17/25 0:27,5892,11.62,11.62,21.56
9/17/25 0:28,5893,11.62,11.62,21.56
9/17/25 0:29,5894,11.62,11.62,21.56
9/17/25 0:30,5895,11.62,11.62,21.56
9/17/25 0:32,5896,11.62,11.62,21.56
9/17/25 0:33,5897,11.62,11.62,21.56
9/17/25 0:34,5898,11.62,11.62,21.56
9/17/25 0:35,5899,11.62,11.62,21.56
9/17/25 0:36,5900,11.62,11.62,21.56
9/17/25 0:37,5901,11.62,11.62,21.56
9/17/25 0:38,5902,11.62,11.62,21.56
9/17/25 0:39,5903,11.62,11.62,21.56
9/17/25 0:40,5904,11.62,11.62,21.56
9/17/25 0:41,5905,11.62,11.62,21.56
9/17/25 0:43,5906,11.62,11.62,21.56
9/17/25 0:44,5907,11.62,11.62,21.56
9/17/25 0:45,5908,11.62,11.62,21.56
9/17/25 0:46,5909,11.62,11.62,21.56
9/17/25 0:47,5910,11.64,11.64,21.56
9/17/25 0:48,5911,11.62,11.62,21.56
9/17/25 0:49,5912,11.62,11.62,21.56
9/17/25 0:50,5913,11.62,11.62,21.56
9/17/25 0:51,5914,11.62,11.62,21.56
9/17/25 0:52,5915,11.62,11.62,21.56
9/17/25 0:54,5916,11.62,11.62,21.56
9/17/25 0:55,5917,11.62,11.62,21.56
9/17/25 0:56,5918,11.62,11.62,21.56
9/17/25 0:57,5919,11.62,11.62,21.56
9/17/25 0:58,5920,11.61,11.61,21.56
9/17/25 0:59,5921,11.62,11.62,21.56
9/17/25 1:00,5922,11.62,11.62,21.56
9/17/25 1:01,5923,11.62,11.62,21.55
9/17/25 1:02,5924,11.61,11.61,21.55
9/17/25 1:03,5925,11.61,11.61,21.55
9/17/25 1:05,5926,11.61,11.61,21.55
9/17/25 1:06,5927,11.61,11.61,21.55
9/17/25 1:07,5928,11.62,11.62,21.55
9/17/25 1:08,5929,11.64,11.64,21.55
9/17/25 1:09,5930,11.61,11.61,21.55
9/17/25 1:10,5931,11.61,11.61,21.55
9/17/25 1:11,5932,11.61,11.61,21.54
9/17/25 1:12,5933,11.61,11.61,21.54
9/17/25 1:13,5934,11.62,11.62,21.54
9/17/25 1:14,5935,11.61,11.61,21.54
9/17/25 1:16,5936,11.61,11.61,21.54
9/17/25 1:17,5937,11.61,11.61,21.54
9/17/25 1:18,5938,11.61,11.61,21.54
9/17/25 1:19,5939,11.61,11.61,21.54
9/17/25 1:20,5940,11.61,11.61,21.54
9/17/25 1:21,5941,11.61,11.61,21.54
9/17/25 1:22,5942,11.61,11.61,21.54
9/17/25 1:23,5943,11.61,11.61,21.54
9/17/25 1:24,5944,11.61,11.61,21.54
9/17/25 1:25,5945,11.61,11.61,21.54
9/17/25 1:27,5946,11.61,11.61,21.54
9/17/25 1:28,5947,11.61,11.61,21.54
9/17/25 1:29,5948,11.63,11.63,21.54
9/17/25 1:30,5949,11.61,11.61,21.54
9/17/25 1:31,5950,11.61,11.61,21.54
9/17/25 1:32,5951,11.61,11.61,21.54
9/17/25 1:33,5952,11.61,11.61,21.55
9/17/25 1:34,5953,11.61,11.61,21.55
9/17/25 1:35,5954,11.61,11.61,21.55
9/17/25 1:36,5955,11.61,11.61,21.55
9/17/25 1:38,5956,11.61,11.61,21.55
9/17/25 1:39,5957,11.61,11.61,21.55
9/17/25 1:40,5958,11.61,11.61,21.54
9/17/25 1:41,5959,11.61,11.61,21.54
9/17/25 1:42,5960,11.61,11.61,21.54
9/17/25 1:43,5961,11.61,11.61,21.54
9/17/25 1:44,5962,11.61,11.61,21.54
9/17/25 1:45,5963,11.61,11.61,21.54
9/17/25 1:46,5964,11.61,11.61,21.54
9/17/25 1:47,5965,11.61,11.61,21.54
9/17/25 1:49,5966,11.61,11.61,21.54
9/17/25 1:50,5967,11.61,11.61,21.54
9/17/25 1:51,5968,11.63,11.63,21.54
9/17/25 1:52,5969,11.61,11.61,21.54
9/17/25 1:53,5970,11.6,11.6,21.54
9/17/25 1:54,5971,11.61,11.61,21.54
9/17/25 1:55,5972,11.6,11.6,21.54
9/17/25 1:56,5973,11.6,11.6,21.54
9/17/25 1:57,5974,11.61,11.61,21.54
9/17/25 1:58,5975,11.6,11.6,21.54
9/17/25 2:00,5976,11.6,11.6,21.54
9/17/25 2:01,5977,11.61,11.61,21.54
9/17/25 2:02,5978,11.6,11.6,21.54
9/17/25 2:03,5979,11.6,11.6,21.54
9/17/25 2:04,5980,11.6,11.6,21.54
9/17/25 2:05,5981,11.61,11.61,21.54
9/17/25 2:06,5982,11.6,11.6,21.54
9/17/25 2:07,5983,11.6,11.6,21.54
9/17/25 2:08,5984,11.6,11.6,21.54
9/17/25 2:09,5985,11.6,11.6,21.54
9/17/25 2:11,5986,11.61,11.61,21.54
9/17/25 2:12,5987,11.63,11.63,21.54
9/17/25 2:13,5988,11.6,11.6,21.54
9/17/25 2:14,5989,11.6,11.6,21.54
9/17/25 2:15,5990,11.6,11.6,21.54
9/17/25 2:16,5991,11.6,11.6,21.54
9/17/25 2:17,5992,11.6,11.6,21.54
9/17/25 2:18,5993,11.6,11.6,21.54
9/17/25 2:19,5994,11.6,11.6,21.54
9/17/25 2:20,5995,11.6,11.6,21.54
9/17/25 2:22,5996,11.61,11.61,21.54
9/17/25 2:23,5997,11.61,11.61,21.54
9/17/25 2:24,5998,11.6,11.6,21.54
9/17/25 2:25,5999,11.6,11.6,21.54
9/17/25 2:26,6000,11.6,11.6,21.54
9/17/25 2:27,6001,11.61,11.61,21.54
9/17/25 2:28,6002,11.6,11.6,21.54
9/17/25 2:29,6003,11.6,11.6,21.54
9/17/25 2:30,6004,11.6,11.6,21.54
9/17/25 2:31,6005,11.6,11.6,21.54
9/17/25 2:33,6006,11.62,11.62,21.54
9/17/25 2:34,6007,11.6,11.6,21.54
9/17/25 2:35,6008,11.6,11.6,21.54
9/17/25 2:36,6009,11.6,11.6,21.54
9/17/25 2:37,6010,11.6,11.6,21.54
9/17/25 2:38,6011,11.6,11.6,21.54
9/17/25 2:39,6012,11.6,11.6,21.54
9/17/25 2:40,6013,11.6,11.6,21.54
9/17/25 2:41,6014,11.6,11.6,21.54
9/17/25 2:42,6015,11.6,11.6,21.54
9/17/25 2:44,6016,11.6,11.6,21.54
9/17/25 2:45,6017,11.6,11.6,21.54
9/17/25 2:46,6018,11.6,11.6,21.54
9/17/25 2:47,6019,11.6,11.6,21.54
9/17/25 2:48,6020,11.6,11.6,21.54
9/17/25 2:49,6021,11.6,11.6,21.54
9/17/25 2:50,6022,11.6,11.6,21.54
9/17/25 2:51,6023,11.6,11.6,21.54
9/17/25 2:52,6024,11.6,11.6,21.54
9/17/25 2:53,6025,11.6,11.6,21.54
9/17/25 2:55,6026,11.62,11.62,21.54
9/17/25 2:56,6027,11.6,11.6,21.54
9/17/25 2:57,6028,11.6,11.6,21.54
9/17/25 2:58,6029,11.59,11.59,21.54
9/17/25 2:59,6030,11.59,11.59,21.54
9/17/25 3:00,6031,11.6,11.6,21.54
9/17/25 3:01,6032,11.6,11.6,21.54
9/17/25 3:02,6033,11.6,11.6,21.54
9/17/25 3:03,6034,11.6,11.6,21.54
9/17/25 3:04,6035,11.59,11.59,21.54
9/17/25 3:06,6036,11.59,11.59,21.55
9/17/25 3:07,6037,11.67,11.67,21.55
9/17/25 3:08,6038,11.64,11.64,21.55
9/17/25 3:09,6039,11.59,11.59,21.55
9/17/25 3:10,6040,11.66,11.66,21.55
9/17/25 3:11,6041,11.59,11.59,21.55
9/17/25 3:12,6042,11.59,11.59,21.55
9/17/25 3:13,6043,11.59,11.59,21.55
9/17/25 3:14,6044,11.59,11.59,21.55
9/17/25 3:15,6045,11.61,11.61,21.54
9/17/25 3:17,6046,11.59,11.59,21.54
9/17/25 3:18,6047,11.59,11.59,21.54
9/17/25 3:19,6048,11.59,11.59,21.54
9/17/25 3:20,6049,11.59,11.59,21.54
9/17/25 3:21,6050,11.6,11.6,21.54
9/17/25 3:22,6051,11.59,11.59,21.54
9/17/25 3:23,6052,11.59,11.59,21.54
9/17/25 3:24,6053,11.59,11.59,21.54
9/17/25 3:25,6054,11.59,11.59,21.54
9/17/25 3:26,6055,11.59,11.59,21.54
9/17/25 3:28,6056,11.59,11.59,21.54
9/17/25 3:29,6057,11.59,11.59,21.54
9/17/25 3:30,6058,11.59,11.59,21.54
9/17/25 3:31,6059,11.59,11.59,21.54
9/17/25 3:32,6060,11.59,11.59,21.54
9/17/25 3:33,6061,11.59,11.59,21.55
9/17/25 3:34,6062,11.59,11.59,21.55
9/17/25 3:35,6063,11.59,11.59,21.55
9/17/25 3:36,6064,11.61,11.61,21.55
9/17/25 3:37,6065,11.59,11.59,21.55
9/17/25 3:39,6066,11.59,11.59,21.55
9/17/25 3:40,6067,11.59,11.59,21.55
9/17/25 3:41,6068,11.6,11.6,21.55
9/17/25 3:42,6069,11.59,11.59,21.55
9/17/25 3:43,6070,11.59,11.59,21.55
9/17/25 3:44,6071,11.59,11.59,21.55
9/17/25 3:45,6072,11.59,11.59,21.55
9/17/25 3:46,6073,11.63,11.63,21.55
9/17/25 3:47,6074,11.59,11.59,21.55
9/17/25 3:48,6075,11.59,11.59,21.55
9/17/25 3:50,6076,11.59,11.59,21.55
9/17/25 3:51,6077,11.59,11.59,21.55
9/17/25 3:52,6078,11.59,11.59,21.55
9/17/25 3:53,6079,11.59,11.59,21.55
9/17/25 3:54,6080,11.59,11.59,21.55
9/17/25 3:55,6081,11.59,11.59,21.55
9/17/25 3:56,6082,11.59,11.59,21.55
9/17/25 3:57,6083,11.59,11.59,21.55
9/17/25 3:58,6084,11.58,11.58,21.55
9/17/25 3:59,6085,11.58,11.58,21.55
9/17/25 4:01,6086,11.59,11.59,21.55
9/17/25 4:02,6087,11.58,11.58,21.55
9/17/25 4:03,6088,11.58,11.58,21.55
9/17/25 4:04,6089,11.6,11.6,21.55
9/17/25 4:05,6090,11.59,11.59,21.55
9/17/25 4:06,6091,11.59,11.59,21.55
9/17/25 4:07,6092,11.58,11.58,21.55
9/17/25 4:08,6093,11.58,11.58,21.55
9/17/25 4:09,6094,11.58,11.58,21.55
9/17/25 4:10,6095,11.59,11.59,21.55
9/17/25 4:12,6096,11.58,11.58,21.55
9/17/25 4:13,6097,11.58,11.58,21.55
9/17/25 4:14,6098,11.58,11.58,21.55
9/17/25 4:15,6099,11.58,11.58,21.55
9/17/25 4:16,6100,11.58,11.58,21.55
9/17/25 4:17,6101,11.59,11.59,21.55
9/17/25 4:18,6102,11.59,11.59,21.55
9/17/25 4:19,6103,11.6,11.6,21.56
9/17/25 4:20,6104,11.58,11.58,21.56
9/17/25 4:21,6105,11.58,11.58,21.56
9/17/25 4:23,6106,11.58,11.58,21.56
9/17/25 4:24,6107,11.58,11.58,21.56
9/17/25 4:25,6108,11.58,11.58,21.56
9/17/25 4:26,6109,11.58,11.58,21.56
9/17/25 4:27,6110,11.58,11.58,21.56
9/17/25 4:28,6111,11.58,11.58,21.56
9/17/25 4:29,6112,11.58,11.58,21.56
9/17/25 4:30,6113,11.58,11.58,21.56
9/17/25 4:31,6114,11.58,11.58,21.56
9/17/25 4:32,6115,11.58,11.58,21.56
9/17/25 4:34,6116,11.58,11.58,21.56
9/17/25 4:35,6117,11.58,11.58,21.56
9/17/25 4:36,6118,11.58,11.58,21.56
9/17/25 4:37,6119,11.58,11.58,21.56
9/17/25 4:38,6120,11.58,11.58,21.56
9/17/25 4:39,6121,11.58,11.58,21.56
9/17/25 4:40,6122,11.6,11.6,21.56
9/17/25 4:41,6123,11.58,11.58,21.56
9/17/25 4:42,6124,11.58,11.58,21.56
9/17/25 4:43,6125,11.58,11.58,21.56
9/17/25 4:45,6126,11.58,11.58,21.56
9/17/25 4:46,6127,11.58,11.58,21.56
9/17/25 4:47,6128,11.58,11.58,21.56
9/17/25 4:48,6129,11.58,11.58,21.56
9/17/25 4:49,6130,11.58,11.58,21.56
9/17/25 4:50,6131,11.61,11.61,21.57
9/17/25 4:51,6132,11.58,11.58,21.57
9/17/25 4:52,6133,11.58,11.58,21.57
9/17/25 4:53,6134,11.58,11.58,21.57
9/17/25 4:54,6135,11.57,11.57,21.57
9/17/25 4:56,6136,11.58,11.58,21.57
9/17/25 4:57,6137,11.58,11.58,21.57
9/17/25 4:58,6138,11.58,11.58,21.57
9/17/25 4:59,6139,11.58,11.58,21.57
9/17/25 5:00,6140,11.58,11.58,21.57
9/17/25 5:01,6141,11.58,11.58,21.57
9/17/25 5:02,6142,11.57,11.57,21.57
9/17/25 5:03,6143,11.57,11.57,21.57
9/17/25 5:04,6144,11.57,11.57,21.57
9/17/25 5:05,6145,11.58,11.58,21.57
9/17/25 5:07,6146,11.57,11.57,21.57
9/17/25 5:08,6147,11.57,11.57,21.57
9/17/25 5:09,6148,11.58,11.58,21.57
9/17/25 5:10,6149,11.57,11.57,21.57
9/17/25 5:11,6150,11.57,11.57,21.57
9/17/25 5:12,6151,11.57,11.57,21.57
9/17/25 5:13,6152,11.57,11.57,21.57
9/17/25 5:14,6153,11.57,11.57,21.57
9/17/25 5:15,6154,11.58,11.58,21.58
9/17/25 5:16,6155,11.57,11.57,21.58
9/17/25 5:18,6156,11.57,11.57,21.58
9/17/25 5:19,6157,11.57,11.57,21.58
9/17/25 5:20,6158,11.57,11.57,21.58
9/17/25 5:21,6159,11.57,11.57,21.59
9/17/25 5:22,6160,11.57,11.57,21.59
9/17/25 5:23,6161,11.6,11.6,21.59
9/17/25 5:24,6162,11.58,11.58,21.59
9/17/25 5:25,6163,11.57,11.57,21.59
9/17/25 5:26,6164,11.57,11.57,21.6
9/17/25 5:27,6165,11.57,11.57,21.6
9/17/25 5:29,6166,11.57,11.57,21.6
9/17/25 5:30,6167,11.57,11.57,21.6
9/17/25 5:31,6168,11.57,11.57,21.6
9/17/25 5:32,6169,11.57,11.57,21.61
9/17/25 5:33,6170,11.57,11.57,21.61
9/17/25 5:34,6171,11.57,11.57,21.62
9/17/25 5:35,6172,11.57,11.57,21.62
9/17/25 5:36,6173,11.57,11.57,21.62
9/17/25 5:37,6174,11.57,11.57,21.62
9/17/25 5:38,6175,11.57,11.57,21.62
9/17/25 5:40,6176,11.57,11.57,21.62
9/17/25 5:41,6177,11.57,11.57,21.62
9/17/25 5:42,6178,11.57,11.57,21.62
9/17/25 5:43,6179,11.57,11.57,21.62
9/17/25 5:44,6180,11.59,11.59,21.62
9/17/25 5:45,6181,11.57,11.57,21.62
9/17/25 5:46,6182,11.57,11.57,21.62
9/17/25 5:47,6183,11.57,11.57,21.62
9/17/25 5:48,6184,11.57,11.57,21.62
9/17/25 5:49,6185,11.57,11.57,21.62
9/17/25 5:51,6186,11.57,11.57,21.62
9/17/25 5:52,6187,11.57,11.57,21.62
9/17/25 5:53,6188,11.57,11.57,21.62
9/17/25 5:54,6189,11.56,11.56,21.62
9/17/25 5:55,6190,11.57,11.57,21.62
9/17/25 5:56,6191,11.57,11.57,21.62
9/17/25 5:57,6192,11.57,11.57,21.62
9/17/25 5:58,6193,11.57,11.57,21.62
9/17/25 5:59,6194,11.57,11.57,21.62
9/17/25 6:00,6195,11.57,11.57,21.62
9/17/25 6:02,6196,11.56,11.56,21.62
9/17/25 6:03,6197,11.57,11.57,21.63
9/17/25 6:04,6198,11.57,11.57,21.63
9/17/25 6:05,6199,11.59,11.59,21.63
9/17/25 6:06,6200,11.56,11.56,21.64
9/17/25 6:07,6201,11.56,11.56,21.64
9/17/25 6:08,6202,11.56,11.56,21.64
9/17/25 6:09,6203,11.56,11.56,21.65
9/17/25 6:10,6204,11.56,11.56,21.65
9/17/25 6:11,6205,11.57,11.57,21.65
9/17/25 6:13,6206,11.56,11.56,21.65
9/17/25 6:14,6207,11.56,11.56,21.65
9/17/25 6:15,6208,11.57,11.57,21.66
9/17/25 6:16,6209,11.56,11.56,21.66
9/17/25 6:17,6210,11.56,11.56,21.66
9/17/25 6:18,6211,11.57,11.57,21.66
9/17/25 6:19,6212,11.56,11.56,21.66
9/17/25 6:20,6213,11.56,11.56,21.67
9/17/25 6:21,6214,11.56,11.56,21.67
9/17/25 6:22,6215,11.56,11.56,21.67
9/17/25 6:24,6216,11.56,11.56,21.67
9/17/25 6:25,6217,11.56,11.56,21.67
9/17/25 6:26,6218,11.56,11.56,21.68
9/17/25 6:27,6219,11.58,11.58,21.68
9/17/25 6:28,6220,11.56,11.56,21.68
9/17/25 6:29,6221,11.56,11.56,21.68
9/17/25 6:30,6222,11.56,11.56,21.68
9/17/25 6:31,6223,11.56,11.56,21.69
9/17/25 6:32,6224,11.56,11.56,21.69
9/17/25 6:33,6225,11.56,11.56,21.69
9/17/25 6:35,6226,11.56,11.56,21.69
9/17/25 6:36,6227,11.56,11.56,21.69
9/17/25 6:37,6228,11.56,11.56,21.69
9/17/25 6:38,6229,11.56,11.56,21.69
9/17/25 6:39,6230,11.56,11.56,21.69
9/17/25 6:40,6231,11.56,11.56,21.69
9/17/25 6:41,6232,11.56,11.56,21.7
9/17/25 6:42,6233,11.57,11.57,21.7
9/17/25 6:43,6234,11.56,11.56,21.7
9/17/25 6:44,6235,11.56,11.56,21.7
9/17/25 6:46,6236,11.56,11.56,21.7
9/17/25 6:47,6237,11.56,11.56,21.71
9/17/25 6:48,6238,11.58,11.58,21.71
9/17/25 6:49,6239,11.56,11.56,21.71
9/17/25 6:50,6240,11.56,11.56,21.72
9/17/25 6:51,6241,11.57,11.57,21.72
9/17/25 6:52,6242,11.56,11.56,21.73
9/17/25 6:53,6243,11.56,11.56,21.73
9/17/25 6:54,6244,11.58,11.58,21.73
9/17/25 6:55,6245,11.56,11.56,21.73
9/17/25 6:57,6246,11.56,11.56,21.73
9/17/25 6:58,6247,11.56,11.56,21.73
9/17/25 6:59,6248,11.56,11.56,21.73
9/17/25 7:00,6249,11.57,11.57,21.73
9/17/25 7:01,6250,11.56,11.56,21.73
9/17/25 7:02,6251,11.62,11.62,21.73
9/17/25 7:03,6252,11.56,11.56,21.72
9/17/25 7:04,6253,11.56,11.56,21.72
9/17/25 7:05,6254,11.55,11.55,21.72
9/17/25 7:06,6255,11.55,11.55,21.72
9/17/25 7:08,6256,11.55,11.55,21.72
9/17/25 7:09,6257,11.58,11.58,21.72
9/17/25 7:10,6258,11.55,11.55,21.72
9/17/25 7:11,6259,11.57,11.57,21.72
9/17/25 7:12,6260,11.56,11.56,21.72
9/17/25 7:13,6261,11.55,11.55,21.72
9/17/25 7:14,6262,11.56,11.56,21.72
9/17/25 7:15,6263,11.55,11.55,21.72
9/17/25 7:16,6264,11.55,11.55,21.73
9/17/25 7:17,6265,11.55,11.55,21.73
9/17/25 7:19,6266,11.55,11.55,21.73
9/17/25 7:20,6267,11.55,11.55,21.73
9/17/25 7:21,6268,11.55,11.55,21.73
9/17/25 7:22,6269,11.55,11.55,21.73
9/17/25 7:23,6270,11.55,11.55,21.73
9/17/25 7:24,6271,11.55,11.55,21.73
9/17/25 7:25,6272,11.55,11.55,21.73
9/17/25 7:26,6273,11.57,11.57,21.73
9/17/25 7:27,6274,11.55,11.55,21.72
9/17/25 7:28,6275,11.55,11.55,21.72
9/17/25 7:30,6276,11.56,11.56,21.72
9/17/25 7:31,6277,11.57,11.57,21.72
9/17/25 7:32,6278,11.56,11.56,21.72
9/17/25 7:33,6279,11.55,11.55,21.72
9/17/25 7:34,6280,11.55,11.55,21.72
9/17/25 7:35,6281,11.56,11.56,21.73
9/17/25 7:36,6282,11.55,11.55,21.73
9/17/25 7:37,6283,11.55,11.55,21.73
9/17/25 7:38,6284,11.55,11.55,21.73
9/17/25 7:39,6285,11.55,11.55,21.73
9/17/25 7:41,6286,11.55,11.55,21.73
9/17/25 7:42,6287,11.55,11.55,21.73
9/17/25 7:43,6288,11.55,11.55,21.73
9/17/25 7:44,6289,11.55,11.55,21.73
9/17/25 7:45,6290,11.55,11.55,21.73
9/17/25 7:46,6291,11.55,11.55,21.73
9/17/25 7:47,6292,11.55,11.55,21.73
9/17/25 7:48,6293,11.55,11.55,21.73
9/17/25 7:49,6294,11.55,11.55,21.73
9/17/25 7:50,6295,11.55,11.55,21.73
9/17/25 7:52,6296,11.57,11.57,21.73
9/17/25 7:53,6297,11.55,11.55,21.73
9/17/25 7:54,6298,11.55,11.55,21.73
9/17/25 7:55,6299,11.55,11.55,21.73
9/17/25 7:56,6300,11.55,11.55,21.72
9/17/25 7:57,6301,11.55,11.55,21.72
9/17/25 7:58,6302,11.55,11.55,21.72
9/17/25 7:59,6303,11.55,11.55,21.72
9/17/25 8:00,6304,11.55,11.55,21.72
9/17/25 8:01,6305,11.55,11.55,21.72
9/17/25 8:03,6306,11.55,11.55,21.72
9/17/25 8:04,6307,11.55,11.55,21.72
9/17/25 8:05,6308,11.55,11.55,21.72
9/17/25 8:06,6309,11.55,11.55,21.72
9/17/25 8:07,6310,11.54,11.54,21.72
9/17/25 8:08,6311,11.55,11.55,21.72
9/17/25 8:09,6312,11.54,11.54,21.72
9/17/25 8:10,6313,11.54,11.54,21.72
9/17/25 8:11,6314,11.55,11.55,21.72
9/17/25 8:12,6315,11.57,11.57,21.72
9/17/25 8:14,6316,11.54,11.54,21.72
9/17/25 8:15,6317,11.54,11.54,21.72
9/17/25 8:16,6318,11.54,11.54,21.72
9/17/25 8:17,6319,11.55,11.55,21.72
9/17/25 8:18,6320,11.54,11.54,21.72
9/17/25 8:19,6321,11.55,11.55,21.72
9/17/25 8:20,6322,11.54,11.54,21.72
9/17/25 8:21,6323,11.55,11.55,21.72
9/17/25 8:22,6324,11.54,11.54,21.72
9/17/25 8:23,6325,11.54,11.54,21.72
9/17/25 8:25,6326,11.54,11.54,21.73
9/17/25 8:26,6327,11.54,11.54,21.73
9/17/25 8:27,6328,11.55,11.55,21.73
9/17/25 8:28,6329,11.54,11.54,21.73
9/17/25 8:29,6330,11.54,11.54,21.73
9/17/25 8:30,6331,11.55,11.55,21.73
9/17/25 8:31,6332,11.54,11.54,21.72
9/17/25 8:32,6333,11.54,11.54,21.72
9/17/25 8:33,6334,11.54,11.54,21.72
9/17/25 8:34,6335,11.54,11.54,21.72
9/17/25 8:36,6336,11.54,11.54,21.72
9/17/25 8:37,6337,11.54,11.54,21.72
9/17/25 8:38,6338,11.54,11.54,21.72
9/17/25 8:39,6339,11.54,11.54,21.72
9/17/25 8:40,6340,11.54,11.54,21.72
9/17/25 8:41,6341,11.54,11.54,21.72
9/17/25 8:42,6342,11.54,11.54,21.72
9/17/25 8:43,6343,11.54,11.54,21.72
9/17/25 8:44,6344,11.54,11.54,21.72
9/17/25 8:45,6345,11.54,11.54,21.72
9/17/25 8:47,6346,11.54,11.54,21.72
9/17/25 8:48,6347,11.54,11.54,21.72
9/17/25 8:49,6348,11.54,11.54,21.71
9/17/25 8:50,6349,11.54,11.54,21.71
9/17/25 8:51,6350,11.54,11.54,21.71
9/17/25 8:52,6351,11.54,11.54,21.71
9/17/25 8:53,6352,11.54,11.54,21.71
9/17/25 8:54,6353,11.54,11.54,21.71
9/17/25 8:55,6354,11.56,11.56,21.71
9/17/25 8:56,6355,11.54,11.54,21.71
9/17/25 8:58,6356,11.54,11.54,21.71
9/17/25 8:59,6357,11.54,11.54,21.71
9/17/25 9:00,6358,11.54,11.54,21.71
9/17/25 9:01,6359,11.53,11.53,21.71
9/17/25 9:02,6360,11.54,11.54,21.72
9/17/25 9:03,6361,11.54,11.54,21.72
9/17/25 9:04,6362,11.54,11.54,21.72
9/17/25 9:05,6363,11.53,11.53,21.72
9/17/25 9:06,6364,11.53,11.53,21.72
9/17/25 9:07,6365,11.53,11.53,21.72
9/17/25 9:09,6366,11.54,11.54,21.72
9/17/25 9:10,6367,11.54,11.54,21.72
9/17/25 9:11,6368,11.54,11.54,21.72
9/17/25 9:12,6369,11.53,11.53,21.72
9/17/25 9:13,6370,11.53,11.53,21.72
9/17/25 9:14,6371,11.54,11.54,21.72
9/17/25 9:15,6372,11.53,11.53,21.72
9/17/25 9:16,6373,11.56,11.56,21.72
9/17/25 9:17,6374,11.53,11.53,21.72
9/17/25 9:18,6375,11.54,11.54,21.72
9/17/25 9:20,6376,11.53,11.53,21.72
9/17/25 9:21,6377,11.53,11.53,21.72
9/17/25 9:22,6378,11.53,11.53,21.72
9/17/25 9:23,6379,11.53,11.53,21.72
9/17/25 9:24,6380,11.53,11.53,21.71
9/17/25 9:25,6381,11.55,11.55,21.71
9/17/25 9:26,6382,11.56,11.56,21.71
9/17/25 9:27,6383,11.53,11.53,21.71
9/17/25 9:28,6384,11.53,11.53,21.71
9/17/25 9:29,6385,11.53,11.53,21.71
9/17/25 9:31,6386,11.53,11.53,21.71
9/17/25 9:32,6387,11.53,11.53,21.7
9/17/25 9:33,6388,11.53,11.53,21.7
9/17/25 9:34,6389,11.53,11.53,21.7
9/17/25 9:35,6390,11.53,11.53,21.7
9/17/25 9:36,6391,11.53,11.53,21.7
9/17/25 9:37,6392,11.53,11.53,21.7
9/17/25 9:38,6393,11.53,11.53,21.7
9/17/25 9:39,6394,11.53,11.53,21.71
9/17/25 9:40,6395,11.53,11.53,21.71
9/17/25 9:42,6396,11.53,11.53,21.71
9/17/25 9:43,6397,11.53,11.53,21.71
9/17/25 9:44,6398,11.53,11.53,21.71
9/17/25 9:45,6399,11.53,11.53,21.71
9/17/25 9:46,6400,11.53,11.53,21.71
9/17/25 9:47,6401,11.53,11.53,21.71
9/17/25 9:48,6402,11.53,11.53,21.71
9/17/25 9:49,6403,11.53,11.53,21.71
9/17/25 9:50,6404,11.53,11.53,21.71
9/17/25 9:51,6405,11.53,11.53,21.71
9/17/25 9:53,6406,11.53,11.53,21.71
9/17/25 9:54,6407,11.53,11.53,21.72
9/17/25 9:55,6408,11.53,11.53,21.72
9/17/25 9:56,6409,11.53,11.53,21.72
9/17/25 9:57,6410,11.53,11.53,21.72
9/17/25 9:58,6411,11.53,11.53,21.72
9/17/25 9:59,6412,11.55,11.55,21.71
9/17/25 10:00,6413,11.52,11.52,21.71
9/17/25 10:01,6414,11.53,11.53,21.71
9/17/25 10:02,6415,11.53,11.53,21.71
9/17/25 10:04,6416,11.53,11.53,21.71
9/17/25 10:05,6417,11.53,11.53,21.71
9/17/25 10:06,6418,11.53,11.53,21.71
9/17/25 10:07,6419,11.52,11.52,21.71
9/17/25 10:08,6420,11.53,11.53,21.71
9/17/25 10:09,6421,11.53,11.53,21.72
9/17/25 10:10,6422,11.52,11.52,21.72
9/17/25 10:11,6423,11.53,11.53,21.72
9/17/25 10:12,6424,11.52,11.52,21.72
9/17/25 10:13,6425,11.52,11.52,21.72
9/17/25 10:15,6426,11.52,11.52,21.72
9/17/25 10:16,6427,11.52,11.52,21.71
9/17/25 10:17,6428,11.52,11.52,21.71
9/17/25 10:18,6429,11.52,11.52,21.71
9/17/25 10:19,6430,11.52,11.52,21.71
9/17/25 10:20,6431,11.55,11.55,21.71
9/17/25 10:21,6432,11.52,11.52,21.71
9/17/25 10:22,6433,11.52,11.52,21.71
9/17/25 10:23,6434,11.52,11.52,21.71
9/17/25 10:24,6435,11.53,11.53,21.71
9/17/25 10:26,6436,11.52,11.52,21.71
9/17/25 10:27,6437,11.52,11.52,21.71
9/17/25 10:28,6438,11.52,11.52,21.71
9/17/25 10:29,6439,11.52,11.52,21.71
9/17/25 10:30,6440,11.52,11.52,21.71
9/17/25 10:31,6441,11.52,11.52,21.71
9/17/25 10:32,6442,11.52,11.52,21.71
9/17/25 10:33,6443,11.52,11.52,21.72
9/17/25 10:34,6444,11.52,11.52,21.72
9/17/25 10:35,6445,11.52,11.52,21.72
9/17/25 10:37,6446,11.52,11.52,21.72
9/17/25 10:38,6447,11.52,11.52,21.72
9/17/25 10:39,6448,11.52,11.52,21.73
9/17/25 10:40,6449,11.52,11.52,21.73
9/17/25 10:41,6450,11.54,11.54,21.73
9/17/25 10:42,6451,11.52,11.52,21.73
9/17/25 10:43,6452,11.52,11.52,21.73
9/17/25 10:44,6453,11.52,11.52,21.73
9/17/25 10:45,6454,11.53,11.53,21.74
9/17/25 10:46,6455,11.52,11.52,21.74
9/17/25 10:48,6456,11.52,11.52,21.74
9/17/25 10:49,6457,11.52,11.52,21.74
9/17/25 10:50,6458,11.52,11.52,21.74
9/17/25 10:51,6459,11.52,11.52,21.74
9/17/25 10:52,6460,11.53,11.53,21.74
9/17/25 10:53,6461,11.53,11.53,21.75
9/17/25 10:54,6462,11.52,11.52,21.75
9/17/25 10:55,6463,11.53,11.53,21.75
9/17/25 10:56,6464,11.52,11.52,21.75
9/17/25 10:57,6465,11.62,11.62,21.76
9/17/25 10:59,6466,11.55,11.55,21.76
9/17/25 11:00,6467,11.51,11.51,21.76
9/17/25 11:01,6468,11.51,11.51,21.76
9/17/25 11:02,6469,11.52,11.52,21.76
9/17/25 11:03,6470,11.54,11.54,21.76
9/17/25 11:04,6471,11.51,11.51,21.76
9/17/25 11:05,6472,11.52,11.52,21.76
9/17/25 11:06,6473,11.51,11.51,21.76
9/17/25 11:07,6474,11.51,11.51,21.76
9/17/25 11:08,6475,11.51,11.51,21.76
9/17/25 11:10,6476,11.51,11.51,21.76
9/17/25 11:11,6477,11.51,11.51,21.76
9/17/25 11:12,6478,11.51,11.51,21.76
9/17/25 11:13,6479,11.51,11.51,21.76
9/17/25 11:14,6480,11.51,11.51,21.76
9/17/25 11:15,6481,11.52,11.52,21.76
9/17/25 11:16,6482,11.52,11.52,21.76
9/17/25 11:17,6483,11.52,11.52,21.76
9/17/25 11:18,6484,11.51,11.51,21.76
9/17/25 11:19,6485,11.53,11.53,21.76
9/17/25 11:21,6486,11.52,11.52,21.76
9/17/25 11:22,6487,11.51,11.51,21.76
9/17/25 11:23,6488,11.51,11.51,21.75
9/17/25 11:24,6489,11.53,11.53,21.75
9/17/25 11:25,6490,11.51,11.51,21.75
9/17/25 11:26,6491,11.51,11.51,21.75
9/17/25 11:27,6492,11.51,11.51,21.75
9/17/25 11:28,6493,11.51,11.51,21.75
9/17/25 11:29,6494,11.51,11.51,21.74
9/17/25 11:30,6495,11.51,11.51,21.74
9/17/25 11:32,6496,11.51,11.51,21.74
9/17/25 11:33,6497,11.51,11.51,21.74
9/17/25 11:34,6498,11.52,11.52,21.74
9/17/25 11:35,6499,11.52,11.52,21.74
9/17/25 11:36,6500,11.51,11.51,21.75
9/17/25 11:37,6501,11.51,11.51,21.75
9/17/25 11:38,6502,11.51,11.51,21.75
9/17/25 11:39,6503,11.51,11.51,21.75
9/17/25 11:40,6504,11.51,11.51,21.75
9/17/25 11:41,6505,11.51,11.51,21.75
9/17/25 11:43,6506,11.51,11.51,21.75
9/17/25 11:44,6507,11.51,11.51,21.75
9/17/25 11:45,6508,11.53,11.53,21.75
9/17/25 11:46,6509,11.51,11.51,21.74
9/17/25 11:47,6510,11.51,11.51,21.74
9/17/25 11:48,6511,11.51,11.51,21.74
9/17/25 11:49,6512,11.51,11.51,21.74
9/17/25 11:50,6513,11.51,11.51,21.74
9/17/25 11:51,6514,11.51,11.51,21.74
9/17/25 11:52,6515,11.51,11.51,21.74
9/17/25 11:54,6516,11.51,11.51,21.74
9/17/25 11:55,6517,11.51,11.51,21.74
9/17/25 11:56,6518,11.51,11.51,21.74
9/17/25 11:57,6519,11.5,11.5,21.74
9/17/25 11:58,6520,11.51,11.51,21.74
9/17/25 11:59,6521,11.51,11.51,21.74
9/17/25 12:00,6522,11.5,11.5,21.74
9/17/25 12:01,6523,11.5,11.5,21.74
9/17/25 12:02,6524,11.51,11.51,21.74
9/17/25 12:03,6525,11.51,11.51,21.74
9/17/25 12:05,6526,11.51,11.51,21.74
9/17/25 12:06,6527,11.5,11.5,21.74
9/17/25 12:07,6528,11.53,11.53,21.74
9/17/25 12:08,6529,11.51,11.51,21.74
9/17/25 12:09,6530,11.5,11.5,21.74
9/17/25 12:10,6531,11.5,11.5,21.74
9/17/25 12:11,6532,11.51,11.51,21.74
9/17/25 12:12,6533,11.5,11.5,21.74
9/17/25 12:13,6534,11.5,11.5,21.74
9/17/25 12:14,6535,11.5,11.5,21.73
9/17/25 12:16,6536,11.5,11.5,21.73
9/17/25 12:17,6537,11.5,11.5,21.73
9/17/25 12:18,6538,11.5,11.5,21.73
9/17/25 12:19,6539,11.5,11.5,21.73
9/17/25 12:20,6540,11.5,11.5,21.73
9/17/25 12:21,6541,11.5,11.5,21.73
9/17/25 12:22,6542,11.5,11.5,21.73
9/17/25 12:23,6543,11.5,11.5,21.72
9/17/25 12:24,6544,11.51,11.51,21.72
9/17/25 12:25,6545,11.5,11.5,21.72
9/17/25 12:27,6546,11.5,11.5,21.72
9/17/25 12:28,6547,11.52,11.52,21.72
9/17/25 12:29,6548,11.5,11.5,21.72
9/17/25 12:30,6549,11.5,11.5,21.72
9/17/25 12:31,6550,11.5,11.5,21.72
9/17/25 12:32,6551,11.5,11.5,21.72
9/17/25 12:33,6552,11.5,11.5,21.72
9/17/25 12:34,6553,11.5,11.5,21.72
9/17/25 12:35,6554,11.5,11.5,21.72
9/17/25 12:36,6555,11.5,11.5,21.72
9/17/25 12:38,6556,11.5,11.5,21.72
9/17/25 12:39,6557,11.5,11.5,21.72
9/17/25 12:40,6558,11.5,11.5,21.72
9/17/25 12:41,6559,11.5,11.5,21.71
9/17/25 12:42,6560,11.5,11.5,21.71
9/17/25 12:43,6561,11.5,11.5,21.71
9/17/25 12:44,6562,11.5,11.5,21.71
9/17/25 12:45,6563,11.5,11.5,21.71
9/17/25 12:46,6564,11.5,11.5,21.71
9/17/25 12:47,6565,11.5,11.5,21.71
9/17/25 12:49,6566,11.52,11.52,21.71
9/17/25 12:50,6567,11.5,11.5,21.71
9/17/25 12:51,6568,11.5,11.5,21.71
9/17/25 12:52,6569,11.49,11.49,21.71
9/17/25 12:53,6570,11.5,11.5,21.71
9/17/25 12:54,6571,11.5,11.5,21.71
9/17/25 12:55,6572,11.51,11.51,21.71
9/17/25 12:56,6573,11.5,11.5,21.71
9/17/25 12:57,6574,11.5,11.5,21.71
9/17/25 12:58,6575,11.5,11.5,21.71
9/17/25 13:00,6576,11.49,11.49,21.71
9/17/25 13:01,6577,11.49,11.49,21.71
9/17/25 13:02,6578,11.5,11.5,21.71
9/17/25 13:03,6579,11.49,11.49,21.71
9/17/25 13:04,6580,11.49,11.49,21.72
9/17/25 13:05,6581,11.5,11.5,21.72
9/17/25 13:06,6582,11.5,11.5,21.72
9/17/25 13:07,6583,11.5,11.5,21.72
9/17/25 13:08,6584,11.49,11.49,21.73
9/17/25 13:09,6585,11.5,11.5,21.73
9/17/25 13:11,6586,11.49,11.49,21.73
9/17/25 13:12,6587,11.49,11.49,21.73
9/17/25 13:13,6588,11.49,11.49,21.73
9/17/25 13:14,6589,11.49,11.49,21.73
9/17/25 13:15,6590,11.49,11.49,21.73
9/17/25 13:16,6591,11.49,11.49,21.73
9/17/25 13:17,6592,11.49,11.49,21.73
9/17/25 13:18,6593,11.49,11.49,21.73
9/17/25 13:19,6594,11.49,11.49,21.73
9/17/25 13:20,6595,11.5,11.5,21.73
9/17/25 13:22,6596,11.5,11.5,21.73
9/17/25 13:23,6597,11.49,11.49,21.73
9/17/25 13:24,6598,11.49,11.49,21.74
9/17/25 13:25,6599,11.49,11.49,21.74
9/17/25 13:26,6600,11.49,11.49,21.74
9/17/25 13:27,6601,11.49,11.49,21.74
9/17/25 13:28,6602,11.49,11.49,21.74
9/17/25 13:29,6603,11.49,11.49,21.74
9/17/25 13:30,6604,11.49,11.49,21.73
9/17/25 13:31,6605,11.51,11.51,21.73
9/17/25 13:33,6606,11.49,11.49,21.73
9/17/25 13:34,6607,11.49,11.49,21.73
9/17/25 13:35,6608,11.49,11.49,21.73
9/17/25 13:36,6609,11.49,11.49,21.74
9/17/25 13:37,6610,11.49,11.49,21.74
9/17/25 13:38,6611,11.49,11.49,21.74
9/17/25 13:39,6612,11.49,11.49,21.74
9/17/25 13:40,6613,11.49,11.49,21.74
9/17/25 13:41,6614,11.49,11.49,21.74
9/17/25 13:42,6615,11.49,11.49,21.73
9/17/25 13:44,6616,11.49,11.49,21.73
9/17/25 13:45,6617,11.49,11.49,21.73
9/17/25 13:46,6618,11.49,11.49,21.73
9/17/25 13:47,6619,11.5,11.5,21.73
9/17/25 13:48,6620,11.49,11.49,21.73
9/17/25 13:49,6621,11.49,11.49,21.73
9/17/25 13:50,6622,11.49,11.49,21.73
9/17/25 13:51,6623,11.49,11.49,21.73
9/17/25 13:52,6624,11.51,11.51,21.73
9/17/25 13:53,6625,11.48,11.48,21.73
9/17/25 13:55,6626,11.48,11.48,21.74
9/17/25 13:56,6627,11.48,11.48,21.74
9/17/25 13:57,6628,11.48,11.48,21.74
9/17/25 13:58,6629,11.49,11.49,21.74
9/17/25 13:59,6630,11.49,11.49,21.74
9/17/25 14:00,6631,11.49,11.49,21.74
9/17/25 14:01,6632,11.48,11.48,21.74
9/17/25 14:02,6633,11.53,11.53,21.74
9/17/25 14:03,6634,11.48,11.48,21.74
9/17/25 14:04,6635,11.49,11.49,21.74
9/17/25 14:06,6636,11.48,11.48,21.74
9/17/25 14:07,6637,11.49,11.49,21.74
9/17/25 14:08,6638,11.48,11.48,21.74
9/17/25 14:09,6639,11.49,11.49,21.74
9/17/25 14:10,6640,11.48,11.48,21.74
9/17/25 14:11,6641,11.48,11.48,21.74
9/17/25 14:12,6642,11.48,11.48,21.74
9/17/25 14:13,6643,11.48,11.48,21.74
9/17/25 14:14,6644,11.48,11.48,21.74
9/17/25 14:15,6645,11.48,11.48,21.74
9/17/25 14:17,6646,11.48,11.48,21.74
9/17/25 14:18,6647,11.48,11.48,21.74
9/17/25 14:19,6648,11.49,11.49,21.74
9/17/25 14:20,6649,11.48,11.48,21.74
9/17/25 14:21,6650,11.48,11.48,21.74
9/17/25 14:22,6651,11.48,11.48,21.74
9/17/25 14:23,6652,11.48,11.48,21.75
9/17/25 14:24,6653,11.48,11.48,21.75
9/17/25 14:25,6654,11.48,11.48,21.75
9/17/25 14:26,6655,11.48,11.48,21.75
9/17/25 14:28,6656,11.48,11.48,21.75
9/17/25 14:29,6657,11.48,11.48,21.74
9/17/25 14:30,6658,11.48,11.48,21.74
9/17/25 14:31,6659,11.48,11.48,21.74
9/17/25 14:32,6660,11.48,11.48,21.74
9/17/25 14:33,6661,11.48,11.48,21.74
9/17/25 14:34,6662,11.48,11.48,21.74
9/17/25 14:35,6663,11.5,11.5,21.74
9/17/25 14:36,6664,11.48,11.48,21.74
9/17/25 14:37,6665,11.48,11.48,21.74
9/17/25 14:39,6666,11.48,11.48,21.74
9/17/25 14:40,6667,11.48,11.48,21.74
9/17/25 14:41,6668,11.48,11.48,21.74
9/17/25 14:42,6669,11.48,11.48,21.74
9/17/25 14:43,6670,11.48,11.48,21.74
9/17/25 14:44,6671,11.48,11.48,21.74
9/17/25 14:45,6672,11.47,11.47,21.74
9/17/25 14:46,6673,11.51,11.51,21.74
9/17/25 14:47,6674,11.48,11.48,21.74
9/17/25 14:48,6675,11.48,11.48,21.74
9/17/25 14:50,6676,11.5,11.5,21.74
9/17/25 14:51,6677,11.48,11.48,21.74
9/17/25 14:52,6678,11.55,11.55,21.74
9/17/25 14:53,6679,11.47,11.47,21.74
9/17/25 14:54,6680,11.53,11.53,21.74
9/17/25 14:55,6681,11.48,11.48,21.74
9/17/25 14:56,6682,11.49,11.49,21.74
9/17/25 14:57,6683,11.47,11.47,21.74
9/17/25 14:58,6684,11.48,11.48,21.74
9/17/25 14:59,6685,11.48,11.48,21.74
9/17/25 15:01,6686,11.47,11.47,21.74
9/17/25 15:02,6687,11.47,11.47,21.74
9/17/25 15:03,6688,11.48,11.48,21.74
9/17/25 15:04,6689,11.47,11.47,21.75
9/17/25 15:05,6690,11.48,11.48,21.75
9/17/25 15:06,6691,11.48,11.48,21.75
9/17/25 15:07,6692,11.47,11.47,21.75
9/17/25 15:08,6693,11.47,11.47,21.75
9/17/25 15:09,6694,11.47,11.47,21.75
9/17/25 15:10,6695,11.47,11.47,21.75
9/17/25 15:12,6696,11.47,11.47,21.75
9/17/25 15:13,6697,11.48,11.48,21.75
9/17/25 15:14,6698,11.47,11.47,21.75
9/17/25 15:15,6699,11.47,11.47,21.75
9/17/25 15:16,6700,11.47,11.47,21.75
9/17/25 15:17,6701,11.5,11.5,21.75
9/17/25 15:18,6702,11.47,11.47,21.75
9/17/25 15:19,6703,11.47,11.47,21.75
9/17/25 15:20,6704,11.47,11.47,21.75
9/17/25 15:21,6705,11.47,11.47,21.75
9/17/25 15:23,6706,11.47,11.47,21.75
9/17/25 15:24,6707,11.47,11.47,21.75
9/17/25 15:25,6708,11.47,11.47,21.75
9/17/25 15:26,6709,11.47,11.47,21.75
9/17/25 15:27,6710,11.47,11.47,21.75
9/17/25 15:28,6711,11.48,11.48,21.75
9/17/25 15:29,6712,11.47,11.47,21.75
9/17/25 15:30,6713,11.47,11.47,21.75
9/17/25 15:31,6714,11.47,11.47,21.75
9/17/25 15:32,6715,11.47,11.47,21.75
9/17/25 15:34,6716,11.47,11.47,21.75
9/17/25 15:35,6717,11.47,11.47,21.75
9/17/25 15:36,6718,11.47,11.47,21.75
9/17/25 15:37,6719,11.47,11.47,21.75
9/17/25 15:38,6720,11.47,11.47,21.75
9/17/25 15:39,6721,11.49,11.49,21.75
9/17/25 15:40,6722,11.47,11.47,21.75
9/17/25 15:41,6723,11.47,11.47,21.75
9/17/25 15:42,6724,11.47,11.47,21.75
9/17/25 15:43,6725,11.47,11.47,21.75
9/17/25 15:45,6726,11.47,11.47,21.75
9/17/25 15:46,6727,11.47,11.47,21.75
9/17/25 15:47,6728,11.47,11.47,21.74
9/17/25 15:48,6729,11.47,11.47,21.75
9/17/25 15:49,6730,11.47,11.47,21.75
9/17/25 15:50,6731,11.47,11.47,21.75
9/17/25 15:51,6732,11.47,11.47,21.75
9/17/25 15:52,6733,11.46,11.46,21.75
9/17/25 15:53,6734,11.46,11.46,21.75
9/17/25 15:54,6735,11.46,11.46,21.75
9/17/25 15:56,6736,11.47,11.47,21.76
9/17/25 15:57,6737,11.46,11.46,21.76
9/17/25 15:58,6738,11.46,11.46,21.76
9/17/25 15:59,6739,11.47,11.47,21.76
9/17/25 16:00,6740,11.49,11.49,21.76
9/17/25 16:01,6741,11.46,11.46,21.76
9/17/25 16:02,6742,11.46,11.46,21.76
9/17/25 16:03,6743,11.46,11.46,21.76
9/17/25 16:04,6744,11.47,11.47,21.76
9/17/25 16:05,6745,11.46,11.46,21.76
9/17/25 16:07,6746,11.46,11.46,21.76
9/17/25 16:08,6747,11.46,11.46,21.76
9/17/25 16:09,6748,11.47,11.47,21.76
9/17/25 16:10,6749,11.46,11.46,21.76
9/17/25 16:11,6750,11.46,11.46,21.76
9/17/25 16:12,6751,11.46,11.46,21.76
9/17/25 16:13,6752,11.46,11.46,21.76
9/17/25 16:14,6753,11.47,11.47,21.76
9/17/25 16:15,6754,11.46,11.46,21.76
9/17/25 16:16,6755,11.46,11.46,21.76
9/17/25 16:18,6756,11.46,11.46,21.76
9/17/25 16:19,6757,11.46,11.46,21.76
9/17/25 16:20,6758,11.46,11.46,21.76
9/17/25 16:21,6759,11.49,11.49,21.76
9/17/25 16:22,6760,11.46,11.46,21.76
9/17/25 16:23,6761,11.46,11.46,21.76
9/17/25 16:24,6762,11.46,11.46,21.75
9/17/25 16:25,6763,11.46,11.46,21.75
9/17/25 16:26,6764,11.46,11.46,21.75
9/17/25 16:27,6765,11.46,11.46,21.75
9/17/25 16:29,6766,11.46,11.46,21.75
9/17/25 16:30,6767,11.46,11.46,21.75
9/17/25 16:31,6768,11.45,11.45,21.75
9/17/25 16:32,6769,11.46,11.46,21.75
9/17/25 16:33,6770,11.46,11.46,21.75
9/17/25 16:34,6771,11.46,11.46,21.75
9/17/25 16:35,6772,11.46,11.46,21.75
9/17/25 16:36,6773,11.46,11.46,21.75
9/17/25 16:37,6774,11.46,11.46,21.75
9/17/25 16:38,6775,11.46,11.46,21.75
9/17/25 16:40,6776,11.46,11.46,21.75
9/17/25 16:41,6777,11.46,11.46,21.75
9/17/25 16:42,6778,11.46,11.46,21.75
9/17/25 16:43,6779,11.48,11.48,21.75
9/17/25 16:44,6780,11.47,11.47,21.75
9/17/25 16:45,6781,11.46,11.46,21.75
9/17/25 16:46,6782,11.45,11.45,21.75
9/17/25 16:47,6783,11.45,11.45,21.74
9/17/25 16:48,6784,11.45,11.45,21.74
9/17/25 16:49,6785,11.45,11.45,21.74
9/17/25 16:51,6786,11.45,11.45,21.74
9/17/25 16:52,6787,11.45,11.45,21.75
9/17/25 16:53,6788,11.45,11.45,21.75
9/17/25 16:54,6789,11.46,11.46,21.75
9/17/25 16:55,6790,11.46,11.46,21.75
9/17/25 16:56,6791,11.45,11.45,21.75
9/17/25 16:57,6792,11.45,11.45,21.75
9/17/25 16:58,6793,11.45,11.45,21.75
9/17/25 16:59,6794,11.46,11.46,21.75
9/17/25 17:00,6795,11.46,11.46,21.75
9/17/25 17:02,6796,11.46,11.46,21.75
9/17/25 17:03,6797,11.45,11.45,21.75
9/17/25 17:04,6798,11.47,11.47,21.75
9/17/25 17:05,6799,11.45,11.45,21.76
9/17/25 17:06,6800,11.45,11.45,21.76
9/17/25 17:07,6801,11.45,11.45,21.76
9/17/25 17:08,6802,11.45,11.45,21.76
9/17/25 17:09,6803,11.46,11.46,21.76
9/17/25 17:10,6804,11.45,11.45,21.76
9/17/25 17:11,6805,11.45,11.45,21.76
9/17/25 17:13,6806,11.45,11.45,21.76
9/17/25 17:14,6807,11.45,11.45,21.76
9/17/25 17:15,6808,11.45,11.45,21.76
9/17/25 17:16,6809,11.45,11.45,21.76
9/17/25 17:17,6810,11.45,11.45,21.76
9/17/25 17:18,6811,11.45,11.45,21.76
9/17/25 17:19,6812,11.45,11.45,21.76
9/17/25 17:20,6813,11.45,11.45,21.76
9/17/25 17:21,6814,11.45,11.45,21.76
9/17/25 17:22,6815,11.45,11.45,21.76
9/17/25 17:24,6816,11.45,11.45,21.76
9/17/25 17:25,6817,11.47,11.47,21.76
9/17/25 17:26,6818,11.44,11.44,21.76
9/17/25 17:27,6819,11.44,11.44,21.76
9/17/25 17:28,6820,11.45,11.45,21.76
9/17/25 17:29,6821,11.45,11.45,21.76
9/17/25 17:30,6822,11.45,11.45,21.76
9/17/25 17:31,6823,11.45,11.45,21.76
9/17/25 17:32,6824,11.45,11.45,21.76
9/17/25 17:33,6825,11.45,11.45,21.76
9/17/25 17:35,6826,11.47,11.47,21.77
9/17/25 17:36,6827,11.44,11.44,21.77
9/17/25 17:37,6828,11.45,11.45,21.77
9/17/25 17:38,6829,11.45,11.45,21.77
9/17/25 17:39,6830,11.44,11.44,21.77
9/17/25 17:40,6831,11.45,11.45,21.77
9/17/25 17:41,6832,11.45,11.45,21.77
9/17/25 17:42,6833,11.44,11.44,21.77
9/17/25 17:43,6834,11.44,11.44,21.77
9/17/25 17:44,6835,11.44,11.44,21.77
9/17/25 17:46,6836,11.44,11.44,21.77
9/17/25 17:47,6837,11.44,11.44,21.77
9/17/25 17:48,6838,11.46,11.46,21.77
9/17/25 17:49,6839,11.47,11.47,21.77
9/17/25 17:50,6840,11.44,11.44,21.76
9/17/25 17:51,6841,11.45,11.45,21.76
9/17/25 17:52,6842,11.44,11.44,21.76
9/17/25 17:53,6843,11.44,11.44,21.76
9/17/25 17:54,6844,11.44,11.44,21.76
9/17/25 17:55,6845,11.44,11.44,21.76
9/17/25 17:57,6846,11.44,11.44,21.76
9/17/25 17:58,6847,11.44,11.44,21.76
9/17/25 17:59,6848,11.45,11.45,21.76
9/17/25 18:00,6849,11.45,11.45,21.76
9/17/25 18:01,6850,11.45,11.45,21.76
9/17/25 18:02,6851,11.45,11.45,21.76
9/17/25 18:03,6852,11.45,11.45,21.76
9/17/25 18:04,6853,11.44,11.44,21.76
9/17/25 18:05,6854,11.44,11.44,21.76
9/17/25 18:06,6855,11.44,11.44,21.76
9/17/25 18:08,6856,11.46,11.46,21.76
9/17/25 18:09,6857,11.44,11.44,21.76
9/17/25 18:10,6858,11.44,11.44,21.76
9/17/25 18:11,6859,11.44,11.44,21.77
9/17/25 18:12,6860,11.44,11.44,21.77
9/17/25 18:13,6861,11.44,11.44,21.77
9/17/25 18:14,6862,11.44,11.44,21.77
9/17/25 18:15,6863,11.44,11.44,21.76
9/17/25 18:16,6864,11.44,11.44,21.76
9/17/25 18:17,6865,11.44,11.44,21.76
9/17/25 18:19,6866,11.44,11.44,21.76
9/17/25 18:20,6867,11.44,11.44,21.77
9/17/25 18:21,6868,11.45,11.45,21.77
9/17/25 18:22,6869,11.46,11.46,21.77
9/17/25 18:23,6870,11.44,11.44,21.77
9/17/25 18:24,6871,11.44,11.44,21.77
9/17/25 18:25,6872,11.44,11.44,21.77
9/17/25 18:26,6873,11.44,11.44,21.76
9/17/25 18:27,6874,11.44,11.44,21.76
9/17/25 18:28,6875,11.46,11.46,21.76
9/17/25 18:30,6876,11.44,11.44,21.76
9/17/25 18:31,6877,11.43,11.43,21.76
9/17/25 18:32,6878,11.43,11.43,21.76
9/17/25 18:33,6879,11.43,11.43,21.75
9/17/25 18:34,6880,11.43,11.43,21.75
9/17/25 18:35,6881,11.43,11.43,21.75
9/17/25 18:36,6882,11.44,11.44,21.75
9/17/25 18:37,6883,11.43,11.43,21.75
9/17/25 18:38,6884,11.45,11.45,21.75
9/17/25 18:39,6885,11.43,11.43,21.75
9/17/25 18:41,6886,11.44,11.44,21.75
9/17/25 18:42,6887,11.44,11.44,21.75
9/17/25 18:43,6888,11.43,11.43,21.75
9/17/25 18:44,6889,11.44,11.44,21.75
9/17/25 18:45,6890,11.44,11.44,21.75
9/17/25 18:46,6891,11.52,11.52,21.75
9/17/25 18:47,6892,11.52,11.52,21.75
9/17/25 18:48,6893,11.47,11.47,21.75
9/17/25 18:49,6894,11.46,11.46,21.75
9/17/25 18:50,6895,11.43,11.43,21.75
9/17/25 18:52,6896,11.43,11.43,21.75
9/17/25 18:53,6897,11.43,11.43,21.75
9/17/25 18:54,6898,11.43,11.43,21.75
9/17/25 18:55,6899,11.43,11.43,21.75
9/17/25 18:56,6900,11.43,11.43,21.75
9/17/25 18:57,6901,11.43,11.43,21.75
9/17/25 18:58,6902,11.43,11.43,21.75
9/17/25 18:59,6903,11.43,11.43,21.74
9/17/25 19:00,6904,11.43,11.43,21.74
9/17/25 19:01,6905,11.43,11.43,21.74
9/17/25 19:03,6906,11.43,11.43,21.74
9/17/25 19:04,6907,11.43,11.43,21.74
9/17/25 19:05,6908,11.43,11.43,21.74
9/17/25 19:06,6909,11.43,11.43,21.74
9/17/25 19:07,6910,11.43,11.43,21.74
9/17/25 19:08,6911,11.43,11.43,21.74
9/17/25 19:09,6912,11.43,11.43,21.74
9/17/25 19:10,6913,11.43,11.43,21.74
9/17/25 19:11,6914,11.45,11.45,21.74
9/17/25 19:12,6915,11.43,11.43,21.74
9/17/25 19:14,6916,11.43,11.43,21.74
9/17/25 19:15,6917,11.43,11.43,21.74
9/17/25 19:16,6918,11.43,11.43,21.74
9/17/25 19:17,6919,11.43,11.43,21.74
9/17/25 19:18,6920,11.43,11.43,21.74
9/17/25 19:19,6921,11.43,11.43,21.74
9/17/25 19:20,6922,11.43,11.43,21.74
9/17/25 19:21,6923,11.43,11.43,21.74
9/17/25 19:22,6924,11.43,11.43,21.74
9/17/25 19:23,6925,11.43,11.43,21.74
9/17/25 19:25,6926,11.43,11.43,21.74
9/17/25 19:26,6927,11.43,11.43,21.74
9/17/25 19:27,6928,11.43,11.43,21.74
9/17/25 19:28,6929,11.43,11.43,21.74
9/17/25 19:29,6930,11.44,11.44,21.74
9/17/25 19:30,6931,11.43,11.43,21.74
9/17/25 19:31,6932,11.43,11.43,21.74
9/17/25 19:32,6933,11.45,11.45,21.74
9/17/25 19:33,6934,11.43,11.43,21.73
9/17/25 19:34,6935,11.42,11.42,21.73
9/17/25 19:36,6936,11.43,11.43,21.73
9/17/25 19:37,6937,11.42,11.42,21.73
9/17/25 19:38,6938,11.42,11.42,21.73
9/17/25 19:39,6939,11.42,11.42,21.73
9/17/25 19:40,6940,11.43,11.43,21.73
9/17/25 19:41,6941,11.42,11.42,21.73
9/17/25 19:42,6942,11.42,11.42,21.73
9/17/25 19:43,6943,11.42,11.42,21.73
9/17/25 19:44,6944,11.42,11.42,21.73
9/17/25 19:45,6945,11.42,11.42,21.73
9/17/25 19:47,6946,11.42,11.42,21.73
9/17/25 19:48,6947,11.42,11.42,21.73
9/17/25 19:49,6948,11.42,11.42,21.73
9/17/25 19:50,6949,11.42,11.42,21.73
9/17/25 19:51,6950,11.42,11.42,21.73
9/17/25 19:52,6951,11.42,11.42,21.73
9/17/25 19:53,6952,11.44,11.44,21.73
9/17/25 19:54,6953,11.42,11.42,21.73
9/17/25 19:55,6954,11.42,11.42,21.74
9/17/25 19:56,6955,11.42,11.42,21.74
9/17/25 19:58,6956,11.42,11.42,21.74
9/17/25 19:59,6957,11.42,11.42,21.74
9/17/25 20:00,6958,11.42,11.42,21.74
9/17/25 20:01,6959,11.42,11.42,21.74
9/17/25 20:02,6960,11.42,11.42,21.74
9/17/25 20:03,6961,11.42,11.42,21.74
9/17/25 20:04,6962,11.42,11.42,21.74
9/17/25 20:05,6963,11.42,11.42,21.74
9/17/25 20:06,6964,11.42,11.42,21.74
9/17/25 20:07,6965,11.42,11.42,21.74
9/17/25 20:09,6966,11.42,11.42,21.74
9/17/25 20:10,6967,11.42,11.42,21.74
9/17/25 20:11,6968,11.42,11.42,21.74
9/17/25 20:12,6969,11.42,11.42,21.74
9/17/25 20:13,6970,11.42,11.42,21.74
9/17/25 20:14,6971,11.42,11.42,21.74
9/17/25 20:15,6972,11.44,11.44,21.73
9/17/25 20:16,6973,11.42,11.42,21.73
9/17/25 20:17,6974,11.43,11.43,21.73
9/17/25 20:18,6975,11.42,11.42,21.73
9/17/25 20:20,6976,11.41,11.41,21.73
9/17/25 20:21,6977,11.42,11.42,21.73
9/17/25 20:22,6978,11.42,11.42,21.73
9/17/25 20:23,6979,11.41,11.41,21.73
9/17/25 20:24,6980,11.41,11.41,21.73
9/17/25 20:25,6981,11.41,11.41,21.73
9/17/25 20:26,6982,11.41,11.41,21.73
9/17/25 20:27,6983,11.41,11.41,21.73
9/17/25 20:28,6984,11.42,11.42,21.73
9/17/25 20:29,6985,11.41,11.41,21.73
9/17/25 20:31,6986,11.41,11.41,21.73
9/17/25 20:32,6987,11.41,11.41,21.73
9/17/25 20:33,6988,11.41,11.41,21.73
9/17/25 20:34,6989,11.42,11.42,21.74
9/17/25 20:35,6990,11.41,11.41,21.74
9/17/25 20:36,6991,11.44,11.44,21.74
9/17/25 20:37,6992,11.41,11.41,21.74
9/17/25 20:38,6993,11.41,11.41,21.74
9/17/25 20:39,6994,11.41,11.41,21.74
9/17/25 20:40,6995,11.42,11.42,21.74
9/17/25 20:42,6996,11.41,11.41,21.74
9/17/25 20:43,6997,11.41,11.41,21.73
9/17/25 20:44,6998,11.41,11.41,21.73
9/17/25 20:45,6999,11.42,11.42,21.73
9/17/25 20:46,7000,11.42,11.42,21.73
9/17/25 20:47,7001,11.41,11.41,21.73
9/17/25 20:48,7002,11.41,11.41,21.73
9/17/25 20:49,7003,11.41,11.41,21.73
9/17/25 20:50,7004,11.41,11.41,21.73
9/17/25 20:51,7005,11.41,11.41,21.73
9/17/25 20:53,7006,11.41,11.41,21.73
9/17/25 20:54,7007,11.41,11.41,21.73
9/17/25 20:55,7008,11.42,11.42,21.73
9/17/25 20:56,7009,11.41,11.41,21.73
9/17/25 20:57,7010,11.43,11.43,21.73
9/17/25 20:58,7011,11.41,11.41,21.73
9/17/25 20:59,7012,11.4,11.4,21.73
9/17/25 21:00,7013,11.41,11.41,21.73
9/17/25 21:01,7014,11.41,11.41,21.73
9/17/25 21:02,7015,11.41,11.41,21.73
9/17/25 21:04,7016,11.41,11.41,21.73
9/17/25 21:05,7017,11.41,11.41,21.73
9/17/25 21:06,7018,11.41,11.41,21.73
9/17/25 21:07,7019,11.41,11.41,21.73
9/17/25 21:08,7020,11.41,11.41,21.73
9/17/25 21:09,7021,11.41,11.41,21.73
9/17/25 21:10,7022,11.41,11.41,21.73
9/17/25 21:11,7023,11.4,11.4,21.73
9/17/25 21:12,7024,11.41,11.41,21.73
9/17/25 21:13,7025,11.4,11.4,21.73
9/17/25 21:15,7026,11.4,11.4,21.73
9/17/25 21:16,7027,11.4,11.4,21.73
9/17/25 21:17,7028,11.4,11.4,21.73
9/17/25 21:18,7029,11.41,11.41,21.73
9/17/25 21:19,7030,11.43,11.43,21.73
9/17/25 21:20,7031,11.41,11.41,21.73
9/17/25 21:21,7032,11.4,11.4,21.73
9/17/25 21:22,7033,11.4,11.4,21.73
9/17/25 21:23,7034,11.4,11.4,21.73
9/17/25 21:24,7035,11.4,11.4,21.73
9/17/25 21:26,7036,11.41,11.41,21.73
9/17/25 21:27,7037,11.41,11.41,21.73
9/17/25 21:28,7038,11.4,11.4,21.73
9/17/25 21:29,7039,11.41,11.41,21.73
9/17/25 21:30,7040,11.4,11.4,21.73
9/17/25 21:31,7041,11.41,11.41,21.73
9/17/25 21:32,7042,11.4,11.4,21.73
9/17/25 21:33,7043,11.4,11.4,21.73
9/17/25 21:34,7044,11.4,11.4,21.73
9/17/25 21:35,7045,11.4,11.4,21.73
9/17/25 21:37,7046,11.4,11.4,21.73
9/17/25 21:38,7047,11.4,11.4,21.73
9/17/25 21:39,7048,11.4,11.4,21.73
9/17/25 21:40,7049,11.42,11.42,21.73
9/17/25 21:41,7050,11.41,11.41,21.73
9/17/25 21:42,7051,11.4,11.4,21.73
9/17/25 21:43,7052,11.4,11.4,21.73
9/17/25 21:44,7053,11.4,11.4,21.73
9/17/25 21:45,7054,11.4,11.4,21.73
9/17/25 21:46,7055,11.4,11.4,21.73
9/17/25 21:48,7056,11.4,11.4,21.73
9/17/25 21:49,7057,11.4,11.4,21.72
9/17/25 21:50,7058,11.4,11.4,21.72
9/17/25 21:51,7059,11.4,11.4,21.72
9/17/25 21:52,7060,11.4,11.4,21.72
9/17/25 21:53,7061,11.4,11.4,21.72
9/17/25 21:54,7062,11.4,11.4,21.72
9/17/25 21:55,7063,11.4,11.4,21.72
9/17/25 21:56,7064,11.4,11.4,21.72
9/17/25 21:57,7065,11.4,11.4,21.72
9/17/25 21:59,7066,11.4,11.4,21.72
9/17/25 22:00,7067,11.4,11.4,21.72
9/17/25 22:01,7068,11.42,11.42,21.72
9/17/25 22:02,7069,11.39,11.39,21.72
9/17/25 22:03,7070,11.39,11.39,21.72
9/17/25 22:04,7071,11.4,11.4,21.72
9/17/25 22:05,7072,11.39,11.39,21.72
9/17/25 22:06,7073,11.4,11.4,21.72
9/17/25 22:07,7074,11.39,11.39,21.71
9/17/25 22:08,7075,11.39,11.39,21.71
9/17/25 22:10,7076,11.39,11.39,21.71
9/17/25 22:11,7077,11.42,11.42,21.71
9/17/25 22:12,7078,11.39,11.39,21.7
9/17/25 22:13,7079,11.39,11.39,21.7
9/17/25 22:14,7080,11.39,11.39,21.7
9/17/25 22:15,7081,11.39,11.39,21.69
9/17/25 22:16,7082,11.39,11.39,21.69
9/17/25 22:17,7083,11.4,11.4,21.69
9/17/25 22:18,7084,11.39,11.39,21.69
9/17/25 22:19,7085,11.39,11.39,21.69
9/17/25 22:21,7086,11.39,11.39,21.69
9/17/25 22:22,7087,11.39,11.39,21.69
9/17/25 22:23,7088,11.39,11.39,21.69
9/17/25 22:24,7089,11.39,11.39,21.69
9/17/25 22:25,7090,11.39,11.39,21.69
9/17/25 22:26,7091,11.39,11.39,21.69
9/17/25 22:27,7092,11.39,11.39,21.69
9/17/25 22:28,7093,11.39,11.39,21.69
9/17/25 22:29,7094,11.39,11.39,21.69
9/17/25 22:30,7095,11.39,11.39,21.69
9/17/25 22:32,7096,11.39,11.39,21.68
9/17/25 22:33,7097,11.39,11.39,21.68
9/17/25 22:34,7098,11.39,11.39,21.68
9/17/25 22:35,7099,11.39,11.39,21.68
9/17/25 22:36,7100,11.39,11.39,21.68
9/17/25 22:37,7101,11.39,11.39,21.67
9/17/25 22:38,7102,11.39,11.39,21.67
9/17/25 22:39,7103,11.4,11.4,21.67
9/17/25 22:40,7104,11.39,11.39,21.67
9/17/25 22:41,7105,11.4,11.4,21.67
9/17/25 22:43,7106,11.44,11.44,21.67
9/17/25 22:44,7107,11.41,11.41,21.66
9/17/25 22:45,7108,11.42,11.42,21.66
9/17/25 22:46,7109,11.38,11.38,21.66
9/17/25 22:47,7110,11.39,11.39,21.66
9/17/25 22:48,7111,11.38,11.38,21.66
9/17/25 22:49,7112,11.38,11.38,21.66
9/17/25 22:50,7113,11.39,11.39,21.65
9/17/25 22:51,7114,11.38,11.38,21.65
9/17/25 22:52,7115,11.38,11.38,21.65
9/17/25 22:54,7116,11.39,11.39,21.65
9/17/25 22:55,7117,11.38,11.38,21.65
9/17/25 22:56,7118,11.38,11.38,21.65
9/17/25 22:57,7119,11.38,11.38,21.65
9/17/25 22:58,7120,11.38,11.38,21.65
9/17/25 22:59,7121,11.39,11.39,21.65
9/17/25 23:00,7122,11.38,11.38,21.65
9/17/25 23:01,7123,11.38,11.38,21.65
9/17/25 23:02,7124,11.38,11.38,21.65
9/17/25 23:03,7125,11.38,11.38,21.65
9/17/25 23:05,7126,11.4,11.4,21.64
9/17/25 23:06,7127,11.38,11.38,21.64
9/17/25 23:07,7128,11.38,11.38,21.64
9/17/25 23:08,7129,11.38,11.38,21.64
9/17/25 23:09,7130,11.39,11.39,21.64
9/17/25 23:10,7131,11.39,11.39,21.64
9/17/25 23:11,7132,11.38,11.38,21.64
9/17/25 23:12,7133,11.38,11.38,21.64
9/17/25 23:13,7134,11.38,11.38,21.63
9/17/25 23:14,7135,11.41,11.41,21.63
9/17/25 23:16,7136,11.38,11.38,21.63
9/17/25 23:17,7137,11.38,11.38,21.63
9/17/25 23:18,7138,11.38,11.38,21.63
9/17/25 23:19,7139,11.38,11.38,21.63
9/17/25 23:20,7140,11.38,11.38,21.62
9/17/25 23:21,7141,11.38,11.38,21.62
9/17/25 23:22,7142,11.38,11.38,21.62
9/17/25 23:23,7143,11.38,11.38,21.62
9/17/25 23:24,7144,11.38,11.38,21.62
9/17/25 23:25,7145,11.38,11.38,21.61
9/17/25 23:27,7146,11.38,11.38,21.61
9/17/25 23:28,7147,11.38,11.38,21.61
9/17/25 23:29,7148,11.38,11.38,21.61
9/17/25 23:30,7149,11.38,11.38,21.61
9/17/25 23:31,7150,11.38,11.38,21.61
9/17/25 23:32,7151,11.38,11.38,21.61
9/17/25 23:33,7152,11.38,11.38,21.61
9/17/25 23:34,7153,11.38,11.38,21.61
9/17/25 23:35,7154,11.38,11.38,21.6
9/17/25 23:36,7155,11.38,11.38,21.6
9/17/25 23:38,7156,11.38,11.38,21.6
9/17/25 23:39,7157,11.38,11.38,21.6
9/17/25 23:40,7158,11.38,11.38,21.61
9/17/25 23:41,7159,11.37,11.37,21.61
9/17/25 23:42,7160,11.38,11.38,21.61
9/17/25 23:43,7161,11.38,11.38,21.61
9/17/25 23:44,7162,11.38,11.38,21.61
9/17/25 23:45,7163,11.37,11.37,21.61
9/17/25 23:46,7164,11.37,11.37,21.6
9/17/25 23:47,7165,11.4,11.4,21.6
9/17/25 23:49,7166,11.38,11.38,21.6
9/17/25 23:50,7167,11.37,11.37,21.6
9/17/25 23:51,7168,11.37,11.37,21.6
9/17/25 23:52,7169,11.38,11.38,21.6
9/17/25 23:53,7170,11.37,11.37,21.59
9/17/25 23:54,7171,11.38,11.38,21.59
9/17/25 23:55,7172,11.38,11.38,21.59
9/17/25 23:56,7173,11.37,11.37,21.59
9/17/25 23:57,7174,11.37,11.37,21.59
9/17/25 23:58,7175,11.37,11.37,21.59
9/18/25 0:00,7176,11.37,11.37,21.59
9/18/25 0:01,7177,11.37,11.37,21.59
9/18/25 0:02,7178,11.37,11.37,21.59
9/18/25 0:03,7179,11.39,11.39,21.59
9/18/25 0:04,7180,11.37,11.37,21.59
9/18/25 0:05,7181,11.38,11.38,21.58
9/18/25 0:06,7182,11.37,11.37,21.58
9/18/25 0:07,7183,11.37,11.37,21.58
9/18/25 0:08,7184,11.39,11.39,21.58
9/18/25 0:09,7185,11.37,11.37,21.58
9/18/25 0:11,7186,11.37,11.37,21.58
9/18/25 0:12,7187,11.37,11.37,21.57
9/18/25 0:13,7188,11.37,11.37,21.57
9/18/25 0:14,7189,11.37,11.37,21.57
9/18/25 0:15,7190,11.37,11.37,21.57
9/18/25 0:16,7191,11.37,11.37,21.57
9/18/25 0:17,7192,11.37,11.37,21.57
9/18/25 0:18,7193,11.37,11.37,21.57
9/18/25 0:19,7194,11.37,11.37,21.57
9/18/25 0:20,7195,11.37,11.37,21.57
9/18/25 0:22,7196,11.37,11.37,21.57
9/18/25 0:23,7197,11.36,11.36,21.57
9/18/25 0:24,7198,11.37,11.37,21.57
9/18/25 0:25,7199,11.37,11.37,21.57
9/18/25 0:26,7200,11.37,11.37,21.57
9/18/25 0:27,7201,11.39,11.39,21.57
9/18/25 0:28,7202,11.36,11.36,21.57
9/18/25 0:29,7203,11.39,11.39,21.57
9/18/25 0:30,7204,11.36,11.36,21.57
9/18/25 0:31,7205,11.36,11.36,21.57
9/18/25 0:33,7206,11.36,11.36,21.57
9/18/25 0:34,7207,11.37,11.37,21.56
9/18/25 0:35,7208,11.36,11.36,21.56
9/18/25 0:36,7209,11.36,11.36,21.56
9/18/25 0:37,7210,11.36,11.36,21.56
9/18/25 0:38,7211,11.36,11.36,21.56
9/18/25 0:39,7212,11.36,11.36,21.56
9/18/25 0:40,7213,11.36,11.36,21.56
9/18/25 0:41,7214,11.37,11.37,21.56
9/18/25 0:42,7215,11.36,11.36,21.56
9/18/25 0:44,7216,11.37,11.37,21.56
9/18/25 0:45,7217,11.36,11.36,21.56
9/18/25 0:46,7218,11.36,11.36,21.57
9/18/25 0:47,7219,11.36,11.36,21.57
9/18/25 0:48,7220,11.36,11.36,21.57
9/18/25 0:49,7221,11.36,11.36,21.57
9/18/25 0:50,7222,11.36,11.36,21.57
9/18/25 0:51,7223,11.38,11.38,21.57
9/18/25 0:52,7224,11.36,11.36,21.57
9/18/25 0:53,7225,11.36,11.36,21.57
9/18/25 0:55,7226,11.36,11.36,21.57
9/18/25 0:56,7227,11.36,11.36,21.57
9/18/25 0:57,7228,11.36,11.36,21.57
9/18/25 0:58,7229,11.36,11.36,21.57
9/18/25 0:59,7230,11.36,11.36,21.57
9/18/25 1:00,7231,11.36,11.36,21.57
9/18/25 1:01,7232,11.36,11.36,21.57
9/18/25 1:02,7233,11.36,11.36,21.57
9/18/25 1:03,7234,11.36,11.36,21.57
9/18/25 1:04,7235,11.36,11.36,21.57
9/18/25 1:06,7236,11.36,11.36,21.57
9/18/25 1:07,7237,11.36,11.36,21.57
9/18/25 1:08,7238,11.36,11.36,21.57
9/18/25 1:09,7239,11.36,11.36,21.57
9/18/25 1:10,7240,11.36,11.36,21.57
9/18/25 1:11,7241,11.36,11.36,21.57
9/18/25 1:12,7242,11.38,11.38,21.57
9/18/25 1:13,7243,11.36,11.36,21.57
9/18/25 1:14,7244,11.36,11.36,21.57
9/18/25 1:15,7245,11.35,11.35,21.57
9/18/25 1:17,7246,11.35,11.35,21.57
9/18/25 1:18,7247,11.36,11.36,21.57
9/18/25 1:19,7248,11.36,11.36,21.57
9/18/25 1:20,7249,11.35,11.35,21.57
9/18/25 1:21,7250,11.35,11.35,21.57
9/18/25 1:22,7251,11.36,11.36,21.57
9/18/25 1:23,7252,11.35,11.35,21.57
9/18/25 1:24,7253,11.35,11.35,21.57
9/18/25 1:25,7254,11.38,11.38,21.57
9/18/25 1:26,7255,11.35,11.35,21.57
9/18/25 1:28,7256,11.35,11.35,21.57
9/18/25 1:29,7257,11.35,11.35,21.57
9/18/25 1:30,7258,11.35,11.35,21.57
9/18/25 1:31,7259,11.35,11.35,21.56
9/18/25 1:32,7260,11.35,11.35,21.56
9/18/25 1:33,7261,11.38,11.38,21.56
9/18/25 1:34,7262,11.36,11.36,21.56
9/18/25 1:35,7263,11.35,11.35,21.56
9/18/25 1:36,7264,11.35,11.35,21.56
9/18/25 1:37,7265,11.35,11.35,21.56
9/18/25 1:39,7266,11.35,11.35,21.56
9/18/25 1:40,7267,11.36,11.36,21.56
9/18/25 1:41,7268,11.35,11.35,21.56
9/18/25 1:42,7269,11.35,11.35,21.56
9/18/25 1:43,7270,11.35,11.35,21.56
9/18/25 1:44,7271,11.35,11.35,21.56
9/18/25 1:45,7272,11.35,11.35,21.56
9/18/25 1:46,7273,11.35,11.35,21.56
9/18/25 1:47,7274,11.35,11.35,21.56
9/18/25 1:48,7275,11.35,11.35,21.56
9/18/25 1:50,7276,11.35,11.35,21.56
9/18/25 1:51,7277,11.36,11.36,21.56
9/18/25 1:52,7278,11.36,11.36,21.56
9/18/25 1:53,7279,11.35,11.35,21.56
9/18/25 1:54,7280,11.35,11.35,21.56
9/18/25 1:55,7281,11.37,11.37,21.56
9/18/25 1:56,7282,11.35,11.35,21.56
9/18/25 1:57,7283,11.34,11.34,21.56
9/18/25 1:58,7284,11.34,11.34,21.56
9/18/25 1:59,7285,11.34,11.34,21.56
9/18/25 2:01,7286,11.35,11.35,21.56
9/18/25 2:02,7287,11.35,11.35,21.56
9/18/25 2:03,7288,11.34,11.34,21.56
9/18/25 2:04,7289,11.35,11.35,21.56
9/18/25 2:05,7290,11.35,11.35,21.56
9/18/25 2:06,7291,11.34,11.34,21.56
9/18/25 2:07,7292,11.34,11.34,21.56
9/18/25 2:08,7293,11.34,11.34,21.56
9/18/25 2:09,7294,11.34,11.34,21.56
9/18/25 2:10,7295,11.34,11.34,21.56
9/18/25 2:12,7296,11.34,11.34,21.56
9/18/25 2:13,7297,11.34,11.34,21.56
9/18/25 2:14,7298,11.34,11.34,21.56
9/18/25 2:15,7299,11.35,11.35,21.56
9/18/25 2:16,7300,11.37,11.37,21.56
9/18/25 2:17,7301,11.34,11.34,21.56
9/18/25 2:18,7302,11.34,11.34,21.56
9/18/25 2:19,7303,11.34,11.34,21.56
9/18/25 2:20,7304,11.34,11.34,21.56
9/18/25 2:21,7305,11.34,11.34,21.56
9/18/25 2:23,7306,11.35,11.35,21.56
9/18/25 2:24,7307,11.34,11.34,21.56
9/18/25 2:25,7308,11.34,11.34,21.56
9/18/25 2:26,7309,11.34,11.34,21.56
9/18/25 2:27,7310,11.34,11.34,21.56
9/18/25 2:28,7311,11.34,11.34,21.55
9/18/25 2:29,7312,11.34,11.34,21.55
9/18/25 2:30,7313,11.34,11.34,21.55
9/18/25 2:31,7314,11.35,11.35,21.55
9/18/25 2:32,7315,11.4,11.4,21.55
9/18/25 2:34,7316,11.39,11.39,21.55
9/18/25 2:35,7317,11.39,11.39,21.55
9/18/25 2:36,7318,11.44,11.44,21.55
9/18/25 2:37,7319,11.36,11.36,21.55
9/18/25 2:38,7320,11.37,11.37,21.55
9/18/25 2:39,7321,11.38,11.38,21.55
9/18/25 2:40,7322,11.34,11.34,21.55
9/18/25 2:41,7323,11.34,11.34,21.55
9/18/25 2:42,7324,11.34,11.34,21.55
9/18/25 2:43,7325,11.34,11.34,21.55
9/18/25 2:45,7326,11.34,11.34,21.55
9/18/25 2:46,7327,11.34,11.34,21.55
9/18/25 2:47,7328,11.36,11.36,21.55
9/18/25 2:48,7329,11.34,11.34,21.55
9/18/25 2:49,7330,11.34,11.34,21.55
9/18/25 2:50,7331,11.34,11.34,21.55
9/18/25 2:51,7332,11.33,11.33,21.55
9/18/25 2:52,7333,11.34,11.34,21.55
9/18/25 2:53,7334,11.34,11.34,21.55
9/18/25 2:54,7335,11.33,11.33,21.55
9/18/25 2:56,7336,11.33,11.33,21.55
9/18/25 2:57,7337,11.33,11.33,21.55
9/18/25 2:58,7338,11.33,11.33,21.56
9/18/25 2:59,7339,11.33,11.33,21.56
9/18/25 3:00,7340,11.33,11.33,21.56
9/18/25 3:01,7341,11.34,11.34,21.56
9/18/25 3:02,7342,11.33,11.33,21.56
9/18/25 3:03,7343,11.34,11.34,21.56
9/18/25 3:04,7344,11.34,11.34,21.56
9/18/25 3:05,7345,11.33,11.33,21.56
9/18/25 3:07,7346,11.34,11.34,21.56
9/18/25 3:08,7347,11.33,11.33,21.56
9/18/25 3:09,7348,11.33,11.33,21.56
9/18/25 3:10,7349,11.33,11.33,21.56
9/18/25 3:11,7350,11.33,11.33,21.56
9/18/25 3:12,7351,11.33,11.33,21.56
9/18/25 3:13,7352,11.33,11.33,21.56
9/18/25 3:14,7353,11.33,11.33,21.56
9/18/25 3:15,7354,11.33,11.33,21.56
9/18/25 3:16,7355,11.33,11.33,21.56
9/18/25 3:18,7356,11.33,11.33,21.56
9/18/25 3:19,7357,11.33,11.33,21.56
9/18/25 3:20,7358,11.35,11.35,21.56
9/18/25 3:21,7359,11.33,11.33,21.56
9/18/25 3:22,7360,11.33,11.33,21.56
9/18/25 3:23,7361,11.34,11.34,21.56
9/18/25 3:24,7362,11.34,11.34,21.56
9/18/25 3:25,7363,11.33,11.33,21.56
9/18/25 3:26,7364,11.33,11.33,21.56
9/18/25 3:27,7365,11.33,11.33,21.56
9/18/25 3:29,7366,11.33,11.33,21.56
9/18/25 3:30,7367,11.33,11.33,21.56
9/18/25 3:31,7368,11.33,11.33,21.56
9/18/25 3:32,7369,11.34,11.34,21.56
9/18/25 3:33,7370,11.33,11.33,21.56
9/18/25 3:34,7371,11.33,11.33,21.56
9/18/25 3:35,7372,11.33,11.33,21.56
9/18/25 3:36,7373,11.33,11.33,21.56
9/18/25 3:37,7374,11.32,11.32,21.56
9/18/25 3:38,7375,11.32,11.32,21.56
9/18/25 3:40,7376,11.33,11.33,21.56
9/18/25 3:41,7377,11.35,11.35,21.56
9/18/25 3:42,7378,11.32,11.32,21.56
9/18/25 3:43,7379,11.32,11.32,21.56
9/18/25 3:44,7380,11.32,11.32,21.56
9/18/25 3:45,7381,11.33,11.33,21.56
9/18/25 3:46,7382,11.32,11.32,21.56
9/18/25 3:47,7383,11.32,11.32,21.55
9/18/25 3:48,7384,11.32,11.32,21.55
9/18/25 3:49,7385,11.32,11.32,21.55
9/18/25 3:51,7386,11.35,11.35,21.55
9/18/25 3:52,7387,11.32,11.32,21.55
9/18/25 3:53,7388,11.33,11.33,21.55
9/18/25 3:54,7389,11.32,11.32,21.55
9/18/25 3:55,7390,11.33,11.33,21.55
9/18/25 3:56,7391,11.32,11.32,21.55
9/18/25 3:57,7392,11.32,11.32,21.55
9/18/25 3:58,7393,11.32,11.32,21.55
9/18/25 3:59,7394,11.32,11.32,21.55
9/18/25 4:00,7395,11.32,11.32,21.55
9/18/25 4:02,7396,11.33,11.33,21.55
9/18/25 4:03,7397,11.32,11.32,21.55
9/18/25 4:04,7398,11.32,11.32,21.55
9/18/25 4:05,7399,11.32,11.32,21.55
9/18/25 4:06,7400,11.32,11.32,21.55
9/18/25 4:07,7401,11.32,11.32,21.56
9/18/25 4:08,7402,11.33,11.33,21.56
9/18/25 4:09,7403,11.33,11.33,21.56
9/18/25 4:10,7404,11.32,11.32,21.56
9/18/25 4:11,7405,11.32,11.32,21.56
9/18/25 4:13,7406,11.32,11.32,21.56
9/18/25 4:14,7407,11.32,11.32,21.56
9/18/25 4:15,7408,11.32,11.32,21.56
9/18/25 4:16,7409,11.32,11.32,21.56
9/18/25 4:17,7410,11.32,11.32,21.56
9/18/25 4:18,7411,11.32,11.32,21.56
9/18/25 4:19,7412,11.32,11.32,21.56
9/18/25 4:20,7413,11.32,11.32,21.56
9/18/25 4:21,7414,11.32,11.32,21.56
9/18/25 4:22,7415,11.31,11.31,21.56
9/18/25 4:24,7416,11.34,11.34,21.56
9/18/25 4:25,7417,11.31,11.31,21.56
9/18/25 4:26,7418,11.31,11.31,21.56
9/18/25 4:27,7419,11.31,11.31,21.56
9/18/25 4:28,7420,11.31,11.31,21.56
9/18/25 4:29,7421,11.31,11.31,21.56
9/18/25 4:30,7422,11.32,11.32,21.57
9/18/25 4:31,7423,11.31,11.31,21.57
9/18/25 4:32,7424,11.31,11.31,21.57
9/18/25 4:33,7425,11.31,11.31,21.57
9/18/25 4:35,7426,11.31,11.31,21.56
9/18/25 4:36,7427,11.34,11.34,21.56
9/18/25 4:37,7428,11.31,11.31,21.56
9/18/25 4:38,7429,11.31,11.31,21.56
9/18/25 4:39,7430,11.32,11.32,21.56
9/18/25 4:40,7431,11.31,11.31,21.56
9/18/25 4:41,7432,11.31,11.31,21.57
9/18/25 4:42,7433,11.31,11.31,21.57
9/18/25 4:43,7434,11.31,11.31,21.57
9/18/25 4:44,7435,11.33,11.33,21.57
9/18/25 4:46,7436,11.31,11.31,21.57
9/18/25 4:47,7437,11.32,11.32,21.57
9/18/25 4:48,7438,11.31,11.31,21.57
9/18/25 4:49,7439,11.31,11.31,21.57
9/18/25 4:50,7440,11.31,11.31,21.56
9/18/25 4:51,7441,11.31,11.31,21.56
9/18/25 4:52,7442,11.31,11.31,21.56
9/18/25 4:53,7443,11.31,11.31,21.56
9/18/25 4:54,7444,11.36,11.36,21.56
9/18/25 4:55,7445,11.31,11.31,21.56
9/18/25 4:57,7446,11.31,11.31,21.56
9/18/25 4:58,7447,11.31,11.31,21.56
9/18/25 4:59,7448,11.3,11.3,21.56
9/18/25 5:00,7449,11.31,11.31,21.56
9/18/25 5:01,7450,11.31,11.31,21.56
9/18/25 5:02,7451,11.31,11.31,21.56
9/18/25 5:03,7452,11.3,11.3,21.57
9/18/25 5:04,7453,11.31,11.31,21.57
9/18/25 5:05,7454,11.33,11.33,21.57
9/18/25 5:06,7455,11.3,11.3,21.57
9/18/25 5:08,7456,11.3,11.3,21.57
9/18/25 5:09,7457,11.3,11.3,21.58
9/18/25 5:10,7458,11.31,11.31,21.58
9/18/25 5:11,7459,11.3,11.3,21.58
9/18/25 5:12,7460,11.31,11.31,21.58
9/18/25 5:13,7461,11.31,11.31,21.58
9/18/25 5:14,7462,11.3,11.3,21.59
9/18/25 5:15,7463,11.3,11.3,21.59
9/18/25 5:16,7464,11.3,11.3,21.59
9/18/25 5:17,7465,11.3,11.3,21.59
9/18/25 5:19,7466,11.3,11.3,21.59
9/18/25 5:20,7467,11.31,11.31,21.59
9/18/25 5:21,7468,11.3,11.3,21.59
9/18/25 5:22,7469,11.3,11.3,21.6
9/18/25 5:23,7470,11.3,11.3,21.6
9/18/25 5:24,7471,11.3,11.3,21.6
9/18/25 5:25,7472,11.3,11.3,21.6
9/18/25 5:26,7473,11.3,11.3,21.6
9/18/25 5:27,7474,11.32,11.32,21.6
9/18/25 5:28,7475,11.3,11.3,21.61
9/18/25 5:30,7476,11.3,11.3,21.61
9/18/25 5:31,7477,11.3,11.3,21.61
9/18/25 5:32,7478,11.3,11.3,21.61
9/18/25 5:33,7479,11.3,11.3,21.61
9/18/25 5:34,7480,11.3,11.3,21.62
9/18/25 5:35,7481,11.31,11.31,21.62
9/18/25 5:36,7482,11.3,11.3,21.62
9/18/25 5:37,7483,11.3,11.3,21.62
9/18/25 5:38,7484,11.3,11.3,21.62
9/18/25 5:39,7485,11.3,11.3,21.62
9/18/25 5:41,7486,11.3,11.3,21.62
9/18/25 5:42,7487,11.31,11.31,21.62
9/18/25 5:43,7488,11.3,11.3,21.62
9/18/25 5:44,7489,11.3,11.3,21.61
9/18/25 5:45,7490,11.3,11.3,21.61
9/18/25 5:46,7491,11.3,11.3,21.61
9/18/25 5:47,7492,11.3,11.3,21.61
9/18/25 5:48,7493,11.32,11.32,21.61
9/18/25 5:49,7494,11.3,11.3,21.62
9/18/25 5:50,7495,11.29,11.29,21.61
9/18/25 5:52,7496,11.3,11.3,21.61
9/18/25 5:53,7497,11.3,11.3,21.61
9/18/25 5:54,7498,11.29,11.29,21.61
9/18/25 5:55,7499,11.3,11.3,21.61
9/18/25 5:56,7500,11.29,11.29,21.61
9/18/25 5:57,7501,11.29,11.29,21.61
9/18/25 5:58,7502,11.3,11.3,21.61
9/18/25 5:59,7503,11.29,11.29,21.61
9/18/25 6:00,7504,11.29,11.29,21.61
9/18/25 6:01,7505,11.3,11.3,21.62
9/18/25 6:03,7506,11.3,11.3,21.62
9/18/25 6:04,7507,11.29,11.29,21.62
9/18/25 6:05,7508,11.29,11.29,21.63
9/18/25 6:06,7509,11.29,11.29,21.63
9/18/25 6:07,7510,11.29,11.29,21.64
9/18/25 6:08,7511,11.29,11.29,21.64
9/18/25 6:09,7512,11.31,11.31,21.64
9/18/25 6:10,7513,11.29,11.29,21.65
9/18/25 6:11,7514,11.3,11.3,21.65
9/18/25 6:12,7515,11.29,11.29,21.65
9/18/25 6:14,7516,11.29,11.29,21.65
9/18/25 6:15,7517,11.29,11.29,21.66
9/18/25 6:16,7518,11.29,11.29,21.66
9/18/25 6:17,7519,11.29,11.29,21.66
9/18/25 6:18,7520,11.29,11.29,21.66
9/18/25 6:19,7521,11.29,11.29,21.66
9/18/25 6:20,7522,11.29,11.29,21.67
9/18/25 6:21,7523,11.29,11.29,21.67
9/18/25 6:22,7524,11.29,11.29,21.67
9/18/25 6:23,7525,11.29,11.29,21.67
9/18/25 6:25,7526,11.29,11.29,21.67
9/18/25 6:26,7527,11.29,11.29,21.67
9/18/25 6:27,7528,11.29,11.29,21.68
9/18/25 6:28,7529,11.3,11.3,21.68
9/18/25 6:29,7530,11.34,11.34,21.68
9/18/25 6:30,7531,11.29,11.29,21.68
9/18/25 6:31,7532,11.3,11.3,21.68
9/18/25 6:32,7533,11.29,11.29,21.68
9/18/25 6:33,7534,11.28,11.28,21.68
9/18/25 6:34,7535,11.28,11.28,21.68
9/18/25 6:36,7536,11.28,11.28,21.68
9/18/25 6:37,7537,11.28,11.28,21.68
9/18/25 6:38,7538,11.29,11.29,21.68
9/18/25 6:39,7539,11.28,11.28,21.69
9/18/25 6:40,7540,11.28,11.28,21.69
9/18/25 6:41,7541,11.28,11.28,21.69
9/18/25 6:42,7542,11.28,11.28,21.69
9/18/25 6:43,7543,11.28,11.28,21.69
9/18/25 6:44,7544,11.28,11.28,21.69
9/18/25 6:45,7545,11.28,11.28,21.7
9/18/25 6:47,7546,11.28,11.28,21.7
9/18/25 6:48,7547,11.28,11.28,21.7
9/18/25 6:49,7548,11.28,11.28,21.7
9/18/25 6:50,7549,11.28,11.28,21.71
9/18/25 6:51,7550,11.29,11.29,21.71
9/18/25 6:52,7551,11.3,11.3,21.71
9/18/25 6:53,7552,11.28,11.28,21.71
9/18/25 6:54,7553,11.28,11.28,21.71
9/18/25 6:55,7554,11.28,11.28,21.71
9/18/25 6:56,7555,11.28,11.28,21.71
9/18/25 6:58,7556,11.28,11.28,21.7
9/18/25 6:59,7557,11.28,11.28,21.7
9/18/25 7:00,7558,11.28,11.28,21.7
9/18/25 7:01,7559,11.28,11.28,21.7
9/18/25 7:02,7560,11.28,11.28,21.7
9/18/25 7:03,7561,11.28,11.28,21.71
9/18/25 7:04,7562,11.28,11.28,21.71
9/18/25 7:05,7563,11.27,11.27,21.71
9/18/25 7:06,7564,11.28,11.28,21.71
9/18/25 7:07,7565,11.28,11.28,21.71
9/18/25 7:09,7566,11.28,11.28,21.71
9/18/25 7:10,7567,11.28,11.28,21.71
9/18/25 7:11,7568,11.28,11.28,21.71
9/18/25 7:12,7569,11.28,11.28,21.71
9/18/25 7:13,7570,11.3,11.3,21.71
9/18/25 7:14,7571,11.27,11.27,21.71
9/18/25 7:15,7572,11.27,11.27,21.71
9/18/25 7:16,7573,11.28,11.28,21.72
9/18/25 7:17,7574,11.27,11.27,21.71
9/18/25 7:18,7575,11.27,11.27,21.71
9/18/25 7:20,7576,11.27,11.27,21.71
9/18/25 7:21,7577,11.27,11.27,21.71
9/18/25 7:22,7578,11.28,11.28,21.71
9/18/25 7:23,7579,11.32,11.32,21.72
9/18/25 7:24,7580,11.27,11.27,21.72
9/18/25 7:25,7581,11.28,11.28,21.72
9/18/25 7:26,7582,11.27,11.27,21.72
9/18/25 7:27,7583,11.27,11.27,21.72
9/18/25 7:28,7584,11.27,11.27,21.72
9/18/25 7:29,7585,11.27,11.27,21.72
9/18/25 7:31,7586,11.27,11.27,21.71
9/18/25 7:32,7587,11.27,11.27,21.71
9/18/25 7:33,7588,11.27,11.27,21.72
9/18/25 7:34,7589,11.27,11.27,21.72
9/18/25 7:35,7590,11.27,11.27,21.72
9/18/25 7:36,7591,11.27,11.27,21.72
9/18/25 7:37,7592,11.27,11.27,21.72
9/18/25 7:38,7593,11.27,11.27,21.72
9/18/25 7:39,7594,11.27,11.27,21.72
9/18/25 7:40,7595,11.27,11.27,21.72
9/18/25 7:42,7596,11.27,11.27,21.72
9/18/25 7:43,7597,11.27,11.27,21.72
9/18/25 7:44,7598,11.27,11.27,21.72
9/18/25 7:45,7599,11.27,11.27,21.72
9/18/25 7:46,7600,11.26,11.26,21.73
9/18/25 7:47,7601,11.27,11.27,21.73
9/18/25 7:48,7602,11.27,11.27,21.73
9/18/25 7:49,7603,11.27,11.27,21.72
9/18/25 7:50,7604,11.27,11.27,21.72
9/18/25 7:51,7605,11.27,11.27,21.72
9/18/25 7:53,7606,11.27,11.27,21.72
9/18/25 7:54,7607,11.27,11.27,21.72
9/18/25 7:55,7608,11.27,11.27,21.72
9/18/25 7:56,7609,11.29,11.29,21.72
9/18/25 7:57,7610,11.26,11.26,21.72
9/18/25 7:58,7611,11.27,11.27,21.72
9/18/25 7:59,7612,11.26,11.26,21.72
9/18/25 8:00,7613,11.27,11.27,21.72
9/18/25 8:01,7614,11.27,11.27,21.72
9/18/25 8:02,7615,11.26,11.26,21.72
9/18/25 8:04,7616,11.26,11.26,21.72
9/18/25 8:05,7617,11.26,11.26,21.72
9/18/25 8:06,7618,11.27,11.27,21.72
9/18/25 8:07,7619,11.26,11.26,21.72
9/18/25 8:08,7620,11.26,11.26,21.72
9/18/25 8:09,7621,11.26,11.26,21.72
9/18/25 8:10,7622,11.26,11.26,21.72
9/18/25 8:11,7623,11.27,11.27,21.72
9/18/25 8:12,7624,11.26,11.26,21.72
9/18/25 8:13,7625,11.26,11.26,21.72
9/18/25 8:15,7626,11.26,11.26,21.72
9/18/25 8:16,7627,11.26,11.26,21.72
9/18/25 8:17,7628,11.28,11.28,21.72
9/18/25 8:18,7629,11.26,11.26,21.72
9/18/25 8:19,7630,11.26,11.26,21.72
9/18/25 8:20,7631,11.26,11.26,21.72
9/18/25 8:21,7632,11.26,11.26,21.72
9/18/25 8:22,7633,11.27,11.27,21.72
9/18/25 8:23,7634,11.26,11.26,21.72
9/18/25 8:24,7635,11.27,11.27,21.72
9/18/25 8:26,7636,11.26,11.26,21.73
9/18/25 8:27,7637,11.29,11.29,21.73
9/18/25 8:28,7638,11.26,11.26,21.73
9/18/25 8:29,7639,11.26,11.26,21.73
9/18/25 8:30,7640,11.25,11.25,21.73
9/18/25 8:31,7641,11.26,11.26,21.73
9/18/25 8:32,7642,11.26,11.26,21.73
9/18/25 8:33,7643,11.26,11.26,21.73
9/18/25 8:34,7644,11.26,11.26,21.73
9/18/25 8:35,7645,11.25,11.25,21.73
9/18/25 8:37,7646,11.26,11.26,21.73
9/18/25 8:38,7647,11.25,11.25,21.73
9/18/25 8:39,7648,11.25,11.25,21.73
9/18/25 8:40,7649,11.26,11.26,21.73
9/18/25 8:41,7650,11.25,11.25,21.73
9/18/25 8:42,7651,11.25,11.25,21.73
9/18/25 8:43,7652,11.25,11.25,21.72
9/18/25 8:44,7653,11.25,11.25,21.72
9/18/25 8:45,7654,11.25,11.25,21.72
9/18/25 8:46,7655,11.26,11.26,21.72
9/18/25 8:48,7656,11.25,11.25,21.72
9/18/25 8:49,7657,11.25,11.25,21.72
9/18/25 8:50,7658,11.26,11.26,21.72
9/18/25 8:51,7659,11.25,11.25,21.72
9/18/25 8:52,7660,11.25,11.25,21.72
9/18/25 8:53,7661,11.25,11.25,21.73
9/18/25 8:54,7662,11.25,11.25,21.73
9/18/25 8:55,7663,11.25,11.25,21.73
9/18/25 8:56,7664,11.25,11.25,21.73
9/18/25 8:57,7665,11.27,11.27,21.73
9/18/25 8:59,7666,11.25,11.25,21.73
9/18/25 9:00,7667,11.27,11.27,21.73
9/18/25 9:01,7668,11.25,11.25,21.73
9/18/25 9:02,7669,11.24,11.24,21.73
9/18/25 9:03,7670,11.25,11.25,21.73
9/18/25 9:04,7671,11.25,11.25,21.73
9/18/25 9:05,7672,11.25,11.25,21.73
9/18/25 9:06,7673,11.25,11.25,21.73
9/18/25 9:07,7674,11.25,11.25,21.73
9/18/25 9:08,7675,11.24,11.24,21.73
9/18/25 9:10,7676,11.25,11.25,21.73
9/18/25 9:11,7677,11.25,11.25,21.73
9/18/25 9:12,7678,11.29,11.29,21.73
9/18/25 9:13,7679,11.24,11.24,21.73
9/18/25 9:14,7680,11.25,11.25,21.74
9/18/25 9:15,7681,11.24,11.24,21.74
9/18/25 9:16,7682,11.25,11.25,21.74
9/18/25 9:17,7683,11.24,11.24,21.74
9/18/25 9:18,7684,11.24,11.24,21.74
9/18/25 9:19,7685,11.24,11.24,21.74
9/18/25 9:21,7686,11.26,11.26,21.74
9/18/25 9:22,7687,11.24,11.24,21.74
9/18/25 9:23,7688,11.24,11.24,21.74
9/18/25 9:24,7689,11.24,11.24,21.74
9/18/25 9:25,7690,11.24,11.24,21.74
9/18/25 9:26,7691,11.24,11.24,21.74
9/18/25 9:27,7692,11.24,11.24,21.74
9/18/25 9:28,7693,11.24,11.24,21.74
9/18/25 9:29,7694,11.24,11.24,21.74
9/18/25 9:30,7695,11.29,11.29,21.74
9/18/25 9:32,7696,11.24,11.24,21.74
9/18/25 9:33,7697,11.25,11.25,21.74
9/18/25 9:34,7698,11.24,11.24,21.74
9/18/25 9:35,7699,11.24,11.24,21.74
9/18/25 9:36,7700,11.24,11.24,21.74
9/18/25 9:37,7701,11.24,11.24,21.74
9/18/25 9:38,7702,11.24,11.24,21.74
9/18/25 9:39,7703,11.24,11.24,21.74
9/18/25 9:40,7704,11.25,11.25,21.74
9/18/25 9:41,7705,11.26,11.26,21.74
9/18/25 9:43,7706,11.23,11.23,21.74
9/18/25 9:44,7707,11.24,11.24,21.74
9/18/25 9:45,7708,11.24,11.24,21.74
9/18/25 9:46,7709,11.23,11.23,21.74
9/18/25 9:47,7710,11.24,11.24,21.74
9/18/25 9:48,7711,11.24,11.24,21.74
9/18/25 9:49,7712,11.23,11.23,21.74
9/18/25 9:50,7713,11.24,11.24,21.74
9/18/25 9:51,7714,11.23,11.23,21.74
9/18/25 9:52,7715,11.24,11.24,21.74
9/18/25 9:54,7716,11.23,11.23,21.74
9/18/25 9:55,7717,11.23,11.23,21.74
9/18/25 9:56,7718,11.23,11.23,21.74
9/18/25 9:57,7719,11.23,11.23,21.75
9/18/25 9:58,7720,11.23,11.23,21.75
9/18/25 9:59,7721,11.23,11.23,21.75
9/18/25 10:00,7722,11.24,11.24,21.75
9/18/25 10:01,7723,11.23,11.23,21.75
9/18/25 10:02,7724,11.24,11.24,21.75
9/18/25 10:03,7725,11.25,11.25,21.75
9/18/25 10:05,7726,11.23,11.23,21.75
9/18/25 10:06,7727,11.23,11.23,21.75
9/18/25 10:07,7728,11.23,11.23,21.75
9/18/25 10:08,7729,11.23,11.23,21.74
9/18/25 10:09,7730,11.23,11.23,21.74
9/18/25 10:10,7731,11.23,11.23,21.74
9/18/25 10:11,7732,11.23,11.23,21.74
9/18/25 10:12,7733,11.23,11.23,21.74
9/18/25 10:13,7734,11.23,11.23,21.74
9/18/25 10:14,7735,11.23,11.23,21.74
9/18/25 10:16,7736,11.23,11.23,21.74
9/18/25 10:17,7737,11.23,11.23,21.74
9/18/25 10:18,7738,11.22,11.22,21.75
9/18/25 10:19,7739,11.23,11.23,21.75
9/18/25 10:20,7740,11.28,11.28,21.75
9/18/25 10:21,7741,11.24,11.24,21.75
9/18/25 10:22,7742,11.22,11.22,21.75
9/18/25 10:23,7743,11.23,11.23,21.75
9/18/25 10:24,7744,11.24,11.24,21.75
9/18/25 10:25,7745,11.26,11.26,21.74
9/18/25 10:27,7746,11.26,11.26,21.74
9/18/25 10:28,7747,11.22,11.22,21.74
9/18/25 10:29,7748,11.21,11.21,21.74
9/18/25 10:30,7749,11.24,11.24,21.74
9/18/25 10:31,7750,11.23,11.23,21.74
9/18/25 10:32,7751,11.22,11.22,21.74
9/18/25 10:33,7752,11.22,11.22,21.74
9/18/25 10:34,7753,11.23,11.23,21.74
9/18/25 10:35,7754,11.22,11.22,21.74
9/18/25 10:36,7755,11.22,11.22,21.74
9/18/25 10:38,7756,11.22,11.22,21.74
9/18/25 10:39,7757,11.22,11.22,21.74
9/18/25 10:40,7758,11.22,11.22,21.74
9/18/25 10:41,7759,11.22,11.22,21.74
9/18/25 10:42,7760,11.22,11.22,21.74
9/18/25 10:43,7761,11.22,11.22,21.74
9/18/25 10:44,7762,11.22,11.22,21.74
9/18/25 10:45,7763,11.24,11.24,21.74
9/18/25 10:46,7764,11.25,11.25,21.74
9/18/25 10:47,7765,11.21,11.21,21.74
9/18/25 10:49,7766,11.22,11.22,21.73
9/18/25 10:50,7767,11.21,11.21,21.73
9/18/25 10:51,7768,11.22,11.22,21.73
9/18/25 10:52,7769,11.22,11.22,21.73
9/18/25 10:53,7770,11.21,11.21,21.73
9/18/25 10:54,7771,11.22,11.22,21.73
9/18/25 10:55,7772,11.21,11.21,21.73
9/18/25 10:56,7773,11.21,11.21,21.73
9/18/25 10:57,7774,11.22,11.22,21.73
9/18/25 10:58,7775,11.22,11.22,21.73
9/18/25 11:00,7776,11.21,11.21,21.73
9/18/25 11:01,7777,11.22,11.22,21.73
9/18/25 11:02,7778,11.21,11.21,21.73
9/18/25 11:03,7779,11.21,11.21,21.74
9/18/25 11:04,7780,11.21,11.21,21.74
9/18/25 11:05,7781,11.21,11.21,21.74
9/18/25 11:06,7782,11.21,11.21,21.74
9/18/25 11:07,7783,11.23,11.23,21.75
9/18/25 11:08,7784,11.21,11.21,21.75
9/18/25 11:09,7785,11.21,11.21,21.75
9/18/25 11:11,7786,11.21,11.21,21.75
9/18/25 11:12,7787,11.21,11.21,21.75
9/18/25 11:13,7788,11.21,11.21,21.75
9/18/25 11:14,7789,11.21,11.21,21.75
9/18/25 11:15,7790,11.21,11.21,21.76
9/18/25 11:16,7791,11.21,11.21,21.76
9/18/25 11:17,7792,11.21,11.21,21.76
9/18/25 11:18,7793,11.21,11.21,21.76
9/18/25 11:19,7794,11.21,11.21,21.76
9/18/25 11:20,7795,11.21,11.21,21.76
9/18/25 11:22,7796,11.2,11.2,21.76
9/18/25 11:23,7797,11.21,11.21,21.76
9/18/25 11:24,7798,11.21,11.21,21.76
9/18/25 11:25,7799,11.2,11.2,21.76
9/18/25 11:26,7800,11.21,11.21,21.76
9/18/25 11:27,7801,11.21,11.21,21.76
9/18/25 11:28,7802,11.22,11.22,21.76
9/18/25 11:29,7803,11.2,11.2,21.75
9/18/25 11:30,7804,11.21,11.21,21.75
9/18/25 11:31,7805,11.2,11.2,21.75
9/18/25 11:33,7806,11.2,11.2,21.75
9/18/25 11:34,7807,11.2,11.2,21.75
9/18/25 11:35,7808,11.2,11.2,21.75
9/18/25 11:36,7809,11.2,11.2,21.75
9/18/25 11:37,7810,11.2,11.2,21.75
9/18/25 11:38,7811,11.2,11.2,21.76
9/18/25 11:39,7812,11.2,11.2,21.76
9/18/25 11:40,7813,11.2,11.2,21.76
9/18/25 11:41,7814,11.2,11.2,21.76
9/18/25 11:42,7815,11.2,11.2,21.76
9/18/25 11:44,7816,11.2,11.2,21.76
9/18/25 11:45,7817,11.2,11.2,21.76
9/18/25 11:46,7818,11.2,11.2,21.76
9/18/25 11:47,7819,11.2,11.2,21.76
9/18/25 11:48,7820,11.2,11.2,21.76
9/18/25 11:49,7821,11.22,11.22,21.76
9/18/25 11:50,7822,11.19,11.19,21.76
9/18/25 11:51,7823,11.19,11.19,21.76
9/18/25 11:52,7824,11.2,11.2,21.76
9/18/25 11:53,7825,11.2,11.2,21.76
9/18/25 11:55,7826,11.19,11.19,21.76
9/18/25 11:56,7827,11.2,11.2,21.76
9/18/25 11:57,7828,11.19,11.19,21.76
9/18/25 11:58,7829,11.19,11.19,21.76
9/18/25 11:59,7830,11.23,11.23,21.76
9/18/25 12:00,7831,11.2,11.2,21.77
9/18/25 12:01,7832,11.2,11.2,21.77
9/18/25 12:02,7833,11.19,11.19,21.77
9/18/25 12:03,7834,11.19,11.19,21.78
9/18/25 12:04,7835,11.2,11.2,21.78
9/18/25 12:06,7836,11.19,11.19,21.79
9/18/25 12:07,7837,11.19,11.19,21.8
9/18/25 12:08,7838,11.19,11.19,21.81
9/18/25 12:09,7839,11.19,11.19,21.82
9/18/25 12:10,7840,11.19,11.19,21.83
9/18/25 12:11,7841,11.18,11.18,21.85
9/18/25 12:12,7842,11.19,11.19,21.86
9/18/25 12:13,7843,11.19,11.19,21.87
9/18/25 12:14,7844,11.19,11.19,21.89
9/18/25 12:15,7845,11.18,11.18,21.9
9/18/25 12:17,7846,11.19,11.19,21.92
9/18/25 12:18,7847,11.19,11.19,21.93
9/18/25 12:19,7848,11.19,11.19,21.94
9/18/25 12:20,7849,11.19,11.19,21.96
9/18/25 12:21,7850,11.18,11.18,21.97
9/18/25 12:22,7851,11.19,11.19,21.99
9/18/25 12:23,7852,11.19,11.19,22
9/18/25 12:24,7853,11.19,11.19,22.02
9/18/25 12:25,7854,11.19,11.19,22.03
9/18/25 12:26,7855,11.18,11.18,22.05
9/18/25 12:28,7856,11.19,11.19,22.06
9/18/25 12:29,7857,11.19,11.19,22.08
9/18/25 12:30,7858,11.19,11.19,22.1
9/18/25 12:31,7859,11.18,11.18,22.11
9/18/25 12:32,7860,11.2,11.2,22.13
9/18/25 12:33,7861,11.18,11.18,22.14
9/18/25 12:34,7862,11.18,11.18,22.16
9/18/25 12:35,7863,11.18,11.18,22.17
9/18/25 12:36,7864,11.18,11.18,22.18
9/18/25 12:37,7865,11.18,11.18,22.2
9/18/25 12:39,7866,11.18,11.18,22.21
9/18/25 12:40,7867,11.18,11.18,22.22
9/18/25 12:41,7868,11.18,11.18,22.24
9/18/25 12:42,7869,11.18,11.18,22.25
9/18/25 12:43,7870,11.18,11.18,22.26
9/18/25 12:44,7871,11.18,11.18,22.27
9/18/25 12:45,7872,11.18,11.18,22.28
9/18/25 12:46,7873,11.18,11.18,22.29
9/18/25 12:47,7874,11.18,11.18,22.3
9/18/25 12:48,7875,11.19,11.19,22.31
9/18/25 12:50,7876,11.18,11.18,22.32
9/18/25 12:51,7877,11.18,11.18,22.33
9/18/25 12:52,7878,11.18,11.18,22.34
9/18/25 12:53,7879,11.14,11.14,22.35
9/18/25 12:54,7880,11.18,11.18,22.36
9/18/25 12:55,7881,11.19,11.19,22.37
9/18/25 12:56,7882,11.16,11.16,22.38
9/18/25 12:57,7883,11.17,11.17,22.39
9/18/25 12:58,7884,11.17,11.17,22.4
9/18/25 12:59,7885,11.17,11.17,22.41
9/18/25 13:01,7886,11.17,11.17,22.42
9/18/25 13:02,7887,11.17,11.17,22.44
9/18/25 13:03,7888,11.17,11.17,22.45
9/18/25 13:04,7889,11.18,11.18,22.46
9/18/25 13:05,7890,11.17,11.17,22.47
9/18/25 13:06,7891,11.17,11.17,22.48
9/18/25 13:07,7892,11.17,11.17,22.49
9/18/25 13:08,7893,11.17,11.17,22.5
9/18/25 13:09,7894,11.17,11.17,22.51
9/18/25 13:10,7895,11.17,11.17,22.51
9/18/25 13:12,7896,11.18,11.18,22.52
9/18/25 13:13,7897,11.17,11.17,22.53
9/18/25 13:14,7898,11.18,11.18,22.54
9/18/25 13:15,7899,11.19,11.19,22.54
9/18/25 13:16,7900,11.16,11.16,22.55
9/18/25 13:17,7901,11.17,11.17,22.55
9/18/25 13:18,7902,11.16,11.16,22.56
9/18/25 13:19,7903,11.17,11.17,22.56
9/18/25 13:20,7904,11.16,11.16,22.57
9/18/25 13:21,7905,11.17,11.17,22.57
9/18/25 13:23,7906,11.16,11.16,22.58
9/18/25 13:24,7907,11.17,11.17,22.58
9/18/25 13:25,7908,11.16,11.16,22.59
9/18/25 13:26,7909,11.16,11.16,22.59
9/18/25 13:27,7910,11.17,11.17,22.6
9/18/25 13:28,7911,11.16,11.16,22.6
9/18/25 13:29,7912,11.16,11.16,22.61
9/18/25 13:30,7913,11.16,11.16,22.61
9/18/25 13:31,7914,11.16,11.16,22.62
9/18/25 13:32,7915,11.16,11.16,22.62
9/18/25 13:34,7916,11.16,11.16,22.63
9/18/25 13:35,7917,11.16,11.16,22.64
9/18/25 13:36,7918,11.18,11.18,22.64
9/18/25 13:37,7919,11.16,11.16,22.65
9/18/25 13:38,7920,11.16,11.16,22.65
9/18/25 13:39,7921,11.16,11.16,22.66
9/18/25 13:40,7922,11.16,11.16,22.67
9/18/25 13:41,7923,11.16,11.16,22.67
9/18/25 13:42,7924,11.16,11.16,22.68
9/18/25 13:43,7925,11.16,11.16,22.68
9/18/25 13:45,7926,11.16,11.16,22.69
9/18/25 13:46,7927,11.19,11.19,22.69
9/18/25 13:47,7928,11.16,11.16,22.7
9/18/25 13:48,7929,11.15,11.15,22.7
9/18/25 13:49,7930,11.16,11.16,22.71
9/18/25 13:50,7931,11.15,11.15,22.71
9/18/25 13:51,7932,11.16,11.16,22.72
9/18/25 13:52,7933,11.15,11.15,22.72
9/18/25 13:53,7934,11.15,11.15,22.73
9/18/25 13:54,7935,11.15,11.15,22.73
9/18/25 13:56,7936,11.15,11.15,22.74
9/18/25 13:57,7937,11.15,11.15,22.74
9/18/25 13:58,7938,11.14,11.14,22.75
9/18/25 13:59,7939,11.16,11.16,22.75
9/18/25 14:00,7940,11.14,11.14,22.76
9/18/25 14:01,7941,11.15,11.15,22.76
9/18/25 14:02,7942,11.15,11.15,22.77
9/18/25 14:03,7943,11.14,11.14,22.77
9/18/25 14:04,7944,11.15,11.15,22.77
9/18/25 14:05,7945,11.15,11.15,22.77
9/18/25 14:07,7946,11.14,11.14,22.78
9/18/25 14:08,7947,11.14,11.14,22.78
9/18/25 14:09,7948,11.15,11.15,22.79
9/18/25 14:10,7949,11.15,11.15,22.79
9/18/25 14:11,7950,11.14,11.14,22.8
9/18/25 14:12,7951,11.15,11.15,22.8
9/18/25 14:13,7952,11.14,11.14,22.81
9/18/25 14:14,7953,11.14,11.14,22.82
9/18/25 14:15,7954,11.14,11.14,22.82
9/18/25 14:16,7955,11.14,11.14,22.82
9/18/25 14:18,7956,11.15,11.15,22.83
9/18/25 14:19,7957,11.16,11.16,22.83
9/18/25 14:20,7958,11.14,11.14,22.83
9/18/25 14:21,7959,11.14,11.14,22.84
9/18/25 14:22,7960,11.14,11.14,22.84
9/18/25 14:23,7961,11.14,11.14,22.84
9/18/25 14:24,7962,11.14,11.14,22.84
9/18/25 14:25,7963,11.14,11.14,22.84
9/18/25 14:26,7964,11.26,11.26,22.84
9/18/25 14:27,7965,11.17,11.17,22.84
9/18/25 14:29,7966,11.18,11.18,22.85
9/18/25 14:30,7967,11.13,11.13,22.85
9/18/25 14:31,7968,11.16,11.16,22.85
9/18/25 14:32,7969,11.13,11.13,22.85
9/18/25 14:33,7970,11.13,11.13,22.86
9/18/25 14:34,7971,11.13,11.13,22.86
9/18/25 14:35,7972,11.13,11.13,22.86
9/18/25 14:36,7973,11.14,11.14,22.86
9/18/25 14:37,7974,11.13,11.13,22.87
9/18/25 14:38,7975,11.13,11.13,22.87
9/18/25 14:40,7976,11.15,11.15,22.87
9/18/25 14:41,7977,11.13,11.13,22.87
9/18/25 14:42,7978,11.12,11.12,22.87
9/18/25 14:43,7979,11.13,11.13,22.87
9/18/25 14:44,7980,11.13,11.13,22.88
9/18/25 14:45,7981,11.13,11.13,22.88
9/18/25 14:46,7982,11.13,11.13,22.88
9/18/25 14:47,7983,11.13,11.13,22.88
9/18/25 14:48,7984,11.12,11.12,22.88
9/18/25 14:49,7985,11.17,11.17,22.89
9/18/25 14:51,7986,11.13,11.13,22.89
9/18/25 14:52,7987,11.12,11.12,22.89
9/18/25 14:53,7988,11.13,11.13,22.89
9/18/25 14:54,7989,11.13,11.13,22.89
9/18/25 14:55,7990,11.12,11.12,22.89
9/18/25 14:56,7991,11.12,11.12,22.9
9/18/25 14:57,7992,11.12,11.12,22.9
9/18/25 14:58,7993,11.12,11.12,22.9
9/18/25 14:59,7994,11.13,11.13,22.9
9/18/25 15:00,7995,11.15,11.15,22.9
9/18/25 15:02,7996,11.12,11.12,22.9
9/18/25 15:03,7997,11.12,11.12,22.9
9/18/25 15:04,7998,11.12,11.12,22.9
9/18/25 15:05,7999,11.12,11.12,22.9
9/18/25 15:06,8000,11.12,11.12,22.9
9/18/25 15:07,8001,11.13,11.13,22.9
9/18/25 15:08,8002,11.12,11.12,22.9
9/18/25 15:09,8003,11.12,11.12,22.91
9/18/25 15:10,8004,11.11,11.11,22.91
9/18/25 15:11,8005,11.11,11.11,22.91
9/18/25 15:13,8006,11.12,11.12,22.91
9/18/25 15:14,8007,11.11,11.11,22.91
9/18/25 15:15,8008,11.11,11.11,22.91
9/18/25 15:16,8009,11.11,11.11,22.91
9/18/25 15:17,8010,11.12,11.12,22.91
9/18/25 15:18,8011,11.11,11.11,22.91
9/18/25 15:19,8012,11.11,11.11,22.91
9/18/25 15:20,8013,11.11,11.11,22.91
9/18/25 15:21,8014,11.11,11.11,22.92
9/18/25 15:22,8015,11.13,11.13,22.92
9/18/25 15:24,8016,11.1,11.1,22.92
9/18/25 15:25,8017,11.1,11.1,22.92
9/18/25 15:26,8018,11.11,11.11,22.93
9/18/25 15:27,8019,11.1,11.1,22.93
9/18/25 15:28,8020,11.1,11.1,22.92
9/18/25 15:29,8021,11.1,11.1,22.92
9/18/25 15:30,8022,11.1,11.1,22.91
9/18/25 15:31,8023,11.1,11.1,22.9
9/18/25 15:32,8024,11.1,11.1,22.89
9/18/25 15:33,8025,11.11,11.11,22.88
9/18/25 15:35,8026,11.1,11.1,22.87
9/18/25 15:36,8027,11.1,11.1,22.86
9/18/25 15:37,8028,11.09,11.09,22.85
9/18/25 15:38,8029,11.1,11.1,22.84
9/18/25 15:39,8030,11.1,11.1,22.83
9/18/25 15:40,8031,11.1,11.1,22.82
9/18/25 15:41,8032,11.1,11.1,22.81
9/18/25 15:42,8033,11.1,11.1,22.79
9/18/25 15:43,8034,11.11,11.11,22.78
9/18/25 15:44,8035,11.1,11.1,22.77
9/18/25 15:46,8036,11.09,11.09,22.76
9/18/25 15:47,8037,11.09,11.09,22.75
9/18/25 15:48,8038,11.09,11.09,22.74
9/18/25 15:49,8039,11.09,11.09,22.73
9/18/25 15:50,8040,11.09,11.09,22.71
9/18/25 15:51,8041,11.09,11.09,22.7
9/18/25 15:52,8042,11.09,11.09,22.69
9/18/25 15:53,8043,11.09,11.09,22.68
9/18/25 15:54,8044,11.09,11.09,22.67
9/18/25 15:55,8045,11.09,11.09,22.65
9/18/25 15:57,8046,11.09,11.09,22.64
9/18/25 15:58,8047,11.08,11.08,22.63
9/18/25 15:59,8048,11.08,11.08,22.62
9/18/25 16:00,8049,11.08,11.08,22.61
9/18/25 16:01,8050,11.08,11.08,22.6
9/18/25 16:02,8051,11.08,11.08,22.59
9/18/25 16:03,8052,11.08,11.08,22.58
9/18/25 16:04,8053,11.1,11.1,22.56
9/18/25 16:05,8054,11.08,11.08,22.55
9/18/25 16:06,8055,11.07,11.07,22.54
9/18/25 16:08,8056,11.07,11.07,22.53
9/18/25 16:09,8057,11.08,11.08,22.52
9/18/25 16:10,8058,11.07,11.07,22.51
9/18/25 16:11,8059,11.07,11.07,22.5
9/18/25 16:12,8060,11.07,11.07,22.5
9/18/25 16:13,8061,11.07,11.07,22.49
9/18/25 16:14,8062,11.06,11.06,22.48
9/18/25 16:15,8063,11.07,11.07,22.47
9/18/25 16:16,8064,11.06,11.06,22.46
9/18/25 16:17,8065,11.06,11.06,22.45
9/18/25 16:19,8066,11.07,11.07,22.44
9/18/25 16:20,8067,11.06,11.06,22.43
9/18/25 16:21,8068,11.06,11.06,22.43
9/18/25 16:22,8069,11.06,11.06,22.42
9/18/25 16:23,8070,11.06,11.06,22.41
9/18/25 16:24,8071,11.06,11.06,22.4
9/18/25 16:25,8072,11.05,11.05,22.4
9/18/25 16:26,8073,11.07,11.07,22.39
9/18/25 16:27,8074,11.05,11.05,22.38
9/18/25 16:28,8075,11.05,11.05,22.37
9/18/25 16:30,8076,11.05,11.05,22.36
9/18/25 16:31,8077,11.05,11.05,22.35
9/18/25 16:32,8078,11.05,11.05,22.34
9/18/25 16:33,8079,11.05,11.05,22.33
9/18/25 16:34,8080,11.04,11.04,22.33
9/18/25 16:35,8081,11.05,11.05,22.32
9/18/25 16:36,8082,11.04,11.04,22.31
9/18/25 16:37,8083,11.04,11.04,22.31
9/18/25 16:38,8084,11.04,11.04,22.3
9/18/25 16:39,8085,11.03,11.03,22.29
9/18/25 16:41,8086,11.04,11.04,22.28
9/18/25 16:42,8087,11.03,11.03,22.28
9/18/25 16:43,8088,11.03,11.03,22.27
9/18/25 16:44,8089,11.03,11.03,22.26
9/18/25 16:45,8090,11.02,11.02,22.26
9/18/25 16:46,8091,11.03,11.03,22.25
9/18/25 16:47,8092,11.03,11.03,22.25
9/18/25 16:48,8093,11.01,11.01,22.24
9/18/25 16:49,8094,11.02,11.02,22.24
9/18/25 16:50,8095,11.01,11.01,22.23
9/18/25 16:52,8096,11.01,11.01,22.22
9/18/25 16:53,8097,11.01,11.01,22.22
9/18/25 16:54,8098,11.02,11.02,22.21
9/18/25 16:55,8099,11,11,22.21
9/18/25 16:56,8100,10.99,10.99,22.21
9/18/25 16:57,8101,11,11,22.2
9/18/25 16:58,8102,10.98,10.98,22.2
9/18/25 16:59,8103,10.97,10.97,22.19
9/18/25 17:00,8104,10.97,10.97,22.18
9/18/25 17:01,8105,10.98,10.98,22.18
9/18/25 17:03,8106,10.95,10.95,22.17
9/18/25 17:04,8107,10.93,10.93,22.16
9/18/25 17:05,8108,10.91,10.91,22.16
9/18/25 17:06,8109,10.9,10.9,22.15
9/18/25 17:07,8110,10.86,10.86,22.15
9/18/25 17:08,8111,10.81,10.81,22.14
9/18/25 17:09,8112,10.8,10.8,22.14
9/18/25 17:10,8113,10.78,10.78,22.13
9/18/25 17:11,8114,10.77,10.77,22.13
9/18/25 17:12,8115,10.74,10.74,22.13
9/18/25 17:14,8116,10.71,10.71,22.12
9/18/25 17:15,8117,10.67,10.67,22.12
9/18/25 17:16,8118,10.63,10.63,22.12
9/18/25 17:17,8119,10.6,10.6,22.11
9/18/25 17:18,8120,10.63,10.63,22.11
9/18/25 17:19,8121,10.55,10.55,22.1
9/18/25 17:20,8122,10.51,10.51,22.09
9/18/25 17:21,8123,10.5,10.5,22.09
9/18/25 17:22,8124,10.47,10.47,22.08
9/19/25 11:50,8125,0,0,20.68
9/19/25 11:53,8126,0,0,20.69
9/19/25 11:55,8127,0,0,20.7
9/19/25 11:56,8128,0,0,20.71
9/19/25 11:57,8129,0,0,20.72
9/19/25 11:58,8130,0,0,20.73